Modelo,Accuracy,Precision
Regresión Logística (Campeón),0.6937446040342202,0.6892250116949945
Random Forest,0.7227847107762342,0.7172595929780954
XGBoost,0.7236480653009968,0.7213812677388837
