Modello,Accuracy,Log Loss,Note,Acc. %,Score
ANN Best,0.7396462018730489,0.4910917103470227,"Optuna best, arch=[128, 64, 32]",73.96,0.2486
Ensemble Avg,0.7373569198751301,0.49093355083311035,ANN+LGB+XGB average,73.74,0.2464
Ensemble Avg Top5,0.737044745057232,0.4923948136905992,ANN5+LGB+XGB average,73.7,0.2446
ANN Top-5 Avg,0.7381893860561914,0.49378034029655465,Average of top 5 ANN trials,73.82,0.2444
Ensemble Stacking,0.7354838709677419,0.49988615905110767,Meta-LR on ANN+LGB+XGB,73.55,0.2356
LightGBM,0.7312174817898023,0.49783462884952373,Optuna 50 trials,73.12,0.2334
XGBoost,0.7281997918834547,0.4990017637684238,Optuna 50 trials,72.82,0.2292
