Modello,Accuracy,Log Loss,Note,Acc. %,Score
ANN Top-5 Avg,0.7379359286293593,0.5137993116840007,Average of top 5 ANN trials,73.79,0.2241
Ensemble Avg,0.7339821573398215,0.5101608107157929,ANN+LGB+XGB average,73.4,0.2238
Ensemble Avg Top5,0.732360097323601,0.5096031935979651,ANN5+LGB+XGB average,73.24,0.2228
Ensemble Stacking,0.7363138686131386,0.5138163120042711,Meta-LR on ANN+LGB+XGB,73.63,0.2225
ANN Best,0.7370235198702352,0.5191003006768502,"Optuna best, arch=[128, 64, 32]",73.7,0.2179
LightGBM,0.7276966747769668,0.513248149355691,Optuna 50 trials,72.77,0.2144
XGBoost,0.7234387672343877,0.5226717597546633,Optuna 50 trials,72.34,0.2008
