Modello,Accuracy,Log Loss,Note,Acc. %,Score
Ensemble Stacking,0.7340835360908353,0.5183012252088554,Meta-LR on ANN+LGB+XGB,73.41,0.2158
ANN Top-5 Avg,0.7340835360908353,0.5228514740889163,Average of top 5 ANN trials,73.41,0.2112
ANN Best,0.7361111111111112,0.5253094581346315,"Optuna best, arch=[512, 256, 128, 64]",73.61,0.2108
Ensemble Avg,0.7331711273317113,0.522856009756395,ANN+LGB+XGB average,73.32,0.2103
Ensemble Avg Top5,0.7326642335766423,0.5230907428157596,ANN5+LGB+XGB average,73.27,0.2096
XGBoost,0.7294201135442011,0.5276613843548235,Optuna 50 trials,72.94,0.2018
LightGBM,0.727595296025953,0.5286523986699582,Optuna 50 trials,72.76,0.1989
