Modello,Accuracy,Log Loss,Games MAE,Note,Acc. %,Score
Ensemble Avg,0.7379024093946143,0.49465289932442036,,ANN+LGB+XGB average,73.79,0.2432
Ensemble Avg Top5,0.7364851184450294,0.4947333382971696,,ANN5+LGB+XGB average,73.65,0.2418
ANN Top-5 Avg,0.7357764729702369,0.49810119868759395,5.683966636657715,Average of top 5 ANN trials,73.58,0.2377
ANN Best,0.7378011743267868,0.5006603697600058,5.719946384429932,"Optuna best, arch=[256, 256]",73.78,0.2371
Ensemble Stacking,0.7370925288519943,0.5045306388088254,,Meta-LR on ANN+LGB+XGB,73.71,0.2326
XGBoost,0.7312208949179996,0.5026030008312051,,Optuna 50 trials,73.12,0.2286
LightGBM,0.7284875480866572,0.5010635315524419,,Optuna 50 trials,72.85,0.2274
