Modello,Accuracy,Log Loss,Note,Acc. %
Average Ensemble,0.6432464280453675,0.6145938149937141,Simple average of all model probabilities,64.32
XGBoost (Optuna),0.6423626454558845,0.6222779566553954,"Temporal split, 37 features",64.24
LightGBM (Optuna),0.641920754161143,0.6193432962839913,"Temporal split, 37 features",64.19
Stacking Ensemble,0.6358815731330093,0.6181697006274267,LGB+XGB+ANN meta-learner,63.59
ANN v4 (Wide&Deep),0.624834290764472,0.6176448014858187,"Temporal split, arch=[256, 128]",62.48
