Modello,Accuracy,Log Loss,Note,Games MAE,Acc. %,Score
ANN Best,0.7320220626495993,0.5048920832591567,"Optuna best, arch=[128, 64, 32]",5.3295418164694786,73.2,0.2271
ANN Top-5 Avg,0.7320220626495993,0.5048920832591567,Average of top 5 ANN trials,5.3295418164694786,73.2,0.2271
Ensemble Avg,0.7233843271932563,0.5018788375996427,ANN+LGB+XGB average,5.3295418164694786,72.34,0.2215
Ensemble Avg Top5,0.7233843271932563,0.5018788375996427,ANN5+LGB+XGB average,5.3295418164694786,72.34,0.2215
Ensemble Stacking,0.7310854407326465,0.5099746934531357,Meta-LR on ANN+LGB+XGB,5.3295418164694786,73.11,0.2211
LightGBM,0.7232802580913726,0.5077485398797664,Optuna 1 trials,5.3295418164694786,72.33,0.2155
XGBoost,0.708606514725778,0.5416887803489342,Optuna 1 trials,5.3295418164694786,70.86,0.1669
