Modello,Accuracy,Log Loss,Note,Acc. %,Score
Ensemble Avg,0.74173080923653,0.48759111577641806,ANN+LGB+XGB average,74.17,0.2541
ANN Top-5 Avg,0.74537133347202,0.49136088558157726,Average of top 5 ANN trials,74.54,0.254
Ensemble Avg Top5,0.7394424797170792,0.48733825619379395,ANN5+LGB+XGB average,73.94,0.2521
ANN Best,0.7451633035157063,0.4932625037855463,"Optuna best, arch=[128, 64, 32]",74.52,0.2519
Ensemble Stacking,0.7425629290617849,0.49563477723905747,Meta-LR on ANN+LGB+XGB,74.26,0.2469
LightGBM,0.7362180153942167,0.49107111121305114,Optuna 50 trials,73.62,0.2451
XGBoost,0.7352818805908051,0.49400764165369565,Optuna 50 trials,73.53,0.2413
