trial,hidden_layers,dropout,lr,batch_size,epochs,lambda_decay,smoothing,interaction_set,val_acc,test_acc,log_loss
1,"[128, 64, 32]",0.15000000000000002,0.00018559980846490597,1024,80,0.003,0.06,serve_return,0.7265363976916067,0.7338530066815144,0.5072411080672755
3,"[128, 64]",0.15000000000000002,0.0018832519048593583,256,120,0.007,0.08,serve_return,0.7178293003948567,0.7265640817979349,0.5229208729515576
2,[128],0.2,0.000586412916969653,1024,60,0.015,0.02,core,0.6845195909689177,0.6849564689208342,0.6023033647567595
