trial,hidden_layers,dropout,lr,batch_size,epochs,lambda_decay,smoothing,interaction_set,val_acc,test_acc,log_loss
1,"[128, 64, 32]",0.15000000000000002,0.00018559980846490597,1024,80,0.003,0.06,serve_return,0.7398001665278934,0.7320220626495993,0.5048920832591567
