Modello,Accuracy,Log Loss,Note,Acc. %
ANN Top-5 Avg,0.7350973236009732,0.521841076622526,Average of top 5 ANN trials,73.51
ANN Best,0.7345904298459043,0.5248065780605248,"Optuna best, arch=[128, 128]",73.46
Ensemble Stacking,0.7326642335766423,0.5171932080557831,Meta-LR on ANN+LGB+XGB,73.27
Ensemble Avg,0.7303325223033252,0.5134887205168089,ANN+LGB+XGB average,73.03
Ensemble Avg Top5,0.7298256285482563,0.5132463951957497,ANN5+LGB+XGB average,72.98
XGBoost,0.7206001622060016,0.5184277703794968,Optuna 15 trials,72.06
LightGBM,0.7201946472019465,0.5196491402905666,Optuna 15 trials,72.02
