Modello,Accuracy,Log Loss,Note,Games MAE,Acc. %,Score
Ensemble Avg,0.7249453637215111,0.49940742216914824,ANN+LGB+XGB average,5.657162545918371,72.49,0.2255
Ensemble Avg Top5,0.7249453637215111,0.49940742216914824,ANN5+LGB+XGB average,5.657162545918371,72.49,0.2255
ANN Best,0.7288999895930898,0.5052380905859258,"Optuna best, arch=[128, 64, 32]",5.657162545918371,72.89,0.2237
ANN Top-5 Avg,0.7288999895930898,0.5052380905859258,Average of top 5 ANN trials,5.657162545918371,72.89,0.2237
Ensemble Stacking,0.7293162660006244,0.5095762982524142,Meta-LR on ANN+LGB+XGB,5.657162545918371,72.93,0.2197
LightGBM,0.7218232906650016,0.5055789435287439,Optuna 1 trials,5.657162545918371,72.18,0.2162
XGBoost,0.714538453533146,0.5341657880943964,Optuna 1 trials,5.657162545918371,71.45,0.1804
