Modello,Accuracy,Log Loss,Note,Games MAE,Acc. %,Score
ANN Best,0.7323342699552503,0.5048562278250253,"Optuna best, arch=[128, 64, 32]",5.6672951332962525,73.23,0.2275
ANN Top-5 Avg,0.7323342699552503,0.5048562278250253,Average of top 5 ANN trials,5.6672951332962525,73.23,0.2275
Ensemble Avg,0.7251535019252784,0.4990044421461581,ANN+LGB+XGB average,5.6672951332962525,72.52,0.2261
Ensemble Avg Top5,0.7251535019252784,0.4990044421461581,ANN5+LGB+XGB average,5.6672951332962525,72.52,0.2261
Ensemble Stacking,0.7288999895930898,0.5087806245683544,Meta-LR on ANN+LGB+XGB,5.6672951332962525,72.89,0.2201
LightGBM,0.7218232906650016,0.5055789435287439,Optuna 1 trials,5.6672951332962525,72.18,0.2162
XGBoost,0.714538453533146,0.5341657880943964,Optuna 1 trials,5.6672951332962525,71.45,0.1804
