trial,hidden_layers,dropout,lr,batch_size,epochs,lambda_decay,smoothing,interaction_set,val_acc,test_acc,log_loss
1,"[128, 64, 32]",0.15000000000000002,0.00018559980846490597,1024,80,0.003,0.06,serve_return,0.7265363976916067,0.7338530066815144,0.5072411080672755
