Modello,Accuracy,Log Loss,Note,Acc. %,Score
Ensemble Avg Top5,0.7369912937841668,0.49541607506210894,ANN5+LGB+XGB average,73.7,0.2416
Ensemble Avg,0.7360801781737194,0.4946797769576784,ANN+LGB+XGB average,73.61,0.2414
ANN Top-5 Avg,0.7374974691233043,0.4973435397890269,Average of top 5 ANN trials,73.75,0.2402
ANN Best,0.7369912937841668,0.49712288307631824,"Optuna best, arch=[256, 128, 64]",73.7,0.2399
Ensemble Stacking,0.734966592427617,0.5027155280578678,Meta-LR on ANN+LGB+XGB,73.5,0.2323
LightGBM,0.7282850779510023,0.5003467993108922,Optuna 30 trials,72.83,0.2279
XGBoost,0.7263616116622799,0.5169217465710181,Optuna 30 trials,72.64,0.2094
