tourney_id,tourney_name,tourney_level,surface,tourney_date,winner_name,loser_name,score,round,minutes,scraping_date,draw_size,match_num,winner_id,winner_seed,winner_entry,winner_hand,winner_ht,winner_ioc,winner_age,loser_id,loser_seed,loser_entry,loser_hand,loser_ht,loser_ioc,loser_age,best_of,winner_rank,winner_rank_points,loser_rank,loser_rank_points
2026-chall-bengaluru,Bengaluru,C,Hard,20260105,Pedro Martinez,Timofey Skatov,7-6 6-5,Final,0,2026-03-28,0,0,0,0,0,0,0,0,0,0,0,0,0,0,0,0,0,0,0,0,0
2026-chall-bengaluru,Bengaluru,C,Hard,20260105,Pedro Martinez,Matteo Martineau,7-6 6-4,Semifinals,0,2026-03-28,0,0,0,0,0,0,0,0,0,0,0,0,0,0,0,0,0,0,0,0,0
2026-chall-bengaluru,Bengaluru,C,Hard,20260105,Timofey Skatov,Harold Mayot,6-4 6-3,Semifinals,0,2026-03-28,0,0,0,0,0,0,0,0,0,0,0,0,0,0,0,0,0,0,0,0,0
2026-chall-bengaluru,Bengaluru,C,Hard,20260105,Pedro Martinez,Cedrik-Marcel Stebe,6-2 6-0,Quarterfinals,0,2026-03-28,0,0,0,0,0,0,0,0,0,0,0,0,0,0,0,0,0,0,0,0,0
2026-chall-bengaluru,Bengaluru,C,Hard,20260105,Harold Mayot,Dhakshineswar Suresh,7-6 6-5,Quarterfinals,0,2026-03-28,0,0,0,0,0,0,0,0,0,0,0,0,0,0,0,0,0,0,0,0,0
2026-chall-bengaluru,Bengaluru,C,Hard,20260105,Timofey Skatov,Jonas Forejtek,6-4 6-2,Quarterfinals,0,2026-03-28,0,0,0,0,0,0,0,0,0,0,0,0,0,0,0,0,0,0,0,0,0
2026-chall-bengaluru,Bengaluru,C,Hard,20260105,Matteo Martineau,Manas Dhamne,6-4 7-6,Quarterfinals,0,2026-03-28,0,0,0,0,0,0,0,0,0,0,0,0,0,0,0,0,0,0,0,0,0
2026-chall-bengaluru,Bengaluru,C,Hard,20260105,Pedro Martinez,Michael Geerts,7-6 6-3,Round of 16,0,2026-03-28,0,0,0,0,0,0,0,0,0,0,0,0,0,0,0,0,0,0,0,0,0
2026-chall-bengaluru,Bengaluru,C,Hard,20260105,Harold Mayot,Sumit Nagal,7-6 1-2 7-6,Round of 16,0,2026-03-28,0,0,0,0,0,0,0,0,0,0,0,0,0,0,0,0,0,0,0,0,0
2026-chall-bengaluru,Bengaluru,C,Hard,20260105,Timofey Skatov,Mitsuki Wei Kang Leong,6-3 7-5,Round of 16,0,2026-03-28,0,0,0,0,0,0,0,0,0,0,0,0,0,0,0,0,0,0,0,0,0
2026-chall-bengaluru,Bengaluru,C,Hard,20260105,Manas Dhamne,Beibit Zhukayev,6-2 3-6 6-2,Round of 16,0,2026-03-28,0,0,0,0,0,0,0,0,0,0,0,0,0,0,0,0,0,0,0,0,0
2026-chall-bengaluru,Bengaluru,C,Hard,20260105,Jonas Forejtek,Dan Martin,6-7 5-1 6-4,Round of 16,0,2026-03-28,0,0,0,0,0,0,0,0,0,0,0,0,0,0,0,0,0,0,0,0,0
2026-chall-bengaluru,Bengaluru,C,Hard,20260105,Matteo Martineau,Eric Vanshelboim,6-2 6-2,Round of 16,0,2026-03-28,0,0,0,0,0,0,0,0,0,0,0,0,0,0,0,0,0,0,0,0,0
2026-chall-bengaluru,Bengaluru,C,Hard,20260105,Cedrik-Marcel Stebe,Borna Gojo,7-5 7-6,Round of 16,0,2026-03-28,0,0,0,0,0,0,0,0,0,0,0,0,0,0,0,0,0,0,0,0,0
2026-chall-bengaluru,Bengaluru,C,Hard,20260105,Dhakshineswar Suresh,Felix Balshaw,6-3 1-6 7-6,Round of 16,0,2026-03-28,0,0,0,0,0,0,0,0,0,0,0,0,0,0,0,0,0,0,0,0,0
2026-chall-bengaluru,Bengaluru,C,Hard,20260105,Pedro Martinez,Eero Vasa,4-6 6-2 6-3,Round of 32,0,2026-03-28,0,0,0,0,0,0,0,0,0,0,0,0,0,0,0,0,0,0,0,0,0
2026-chall-bengaluru,Bengaluru,C,Hard,20260105,Cedrik-Marcel Stebe,Max Houkes,4-6 6-3 6-1,Round of 32,0,2026-03-28,0,0,0,0,0,0,0,0,0,0,0,0,0,0,0,0,0,0,0,0,0
2026-chall-bengaluru,Bengaluru,C,Hard,20260105,Felix Balshaw,Benjamin Hassan,6-4 6-1,Round of 32,0,2026-03-28,0,0,0,0,0,0,0,0,0,0,0,0,0,0,0,0,0,0,0,0,0
2026-chall-bengaluru,Bengaluru,C,Hard,20260105,Michael Geerts,Alexis Gautier,3-6 6-4 6-3,Round of 32,0,2026-03-28,0,0,0,0,0,0,0,0,0,0,0,0,0,0,0,0,0,0,0,0,0
2026-chall-bengaluru,Bengaluru,C,Hard,20260105,Borna Gojo,Karan Singh,6-2 6-4,Round of 32,0,2026-03-28,0,0,0,0,0,0,0,0,0,0,0,0,0,0,0,0,0,0,0,0,0
2026-chall-bengaluru,Bengaluru,C,Hard,20260105,Mitsuki Wei Kang Leong,Aziz Ouakaa,6-2 6-2,Round of 32,0,2026-03-28,0,0,0,0,0,0,0,0,0,0,0,0,0,0,0,0,0,0,0,0,0
2026-chall-bengaluru,Bengaluru,C,Hard,20260105,Dhakshineswar Suresh,Duje Ajdukovic,6-4 6-4,Round of 32,0,2026-03-28,0,0,0,0,0,0,0,0,0,0,0,0,0,0,0,0,0,0,0,0,0
2026-chall-bengaluru,Bengaluru,C,Hard,20260105,Eric Vanshelboim,Niels Visker,3-6 6-2 6-4,Round of 32,0,2026-03-28,0,0,0,0,0,0,0,0,0,0,0,0,0,0,0,0,0,0,0,0,0
2026-chall-bengaluru,Bengaluru,C,Hard,20260105,Beibit Zhukayev,Aryan Shah,6-1 6-2,Round of 32,0,2026-03-28,0,0,0,0,0,0,0,0,0,0,0,0,0,0,0,0,0,0,0,0,0
2026-chall-bengaluru,Bengaluru,C,Hard,20260105,Harold Mayot,Petr Bar Biryukov,6-1 6-4,Round of 32,0,2026-03-28,0,0,0,0,0,0,0,0,0,0,0,0,0,0,0,0,0,0,0,0,0
2026-chall-bengaluru,Bengaluru,C,Hard,20260105,Matteo Martineau,Jay Clarke,4-6 6-1 6-2,Round of 32,0,2026-03-28,0,0,0,0,0,0,0,0,0,0,0,0,0,0,0,0,0,0,0,0,0
2026-chall-bengaluru,Bengaluru,C,Hard,20260105,Jonas Forejtek,Lloyd Harris,7-6 6-5,Round of 32,0,2026-03-28,0,0,0,0,0,0,0,0,0,0,0,0,0,0,0,0,0,0,0,0,0
2026-chall-bengaluru,Bengaluru,C,Hard,20260105,Manas Dhamne,Matej Dodig,7-5 4-6 6-1,Round of 32,0,2026-03-28,0,0,0,0,0,0,0,0,0,0,0,0,0,0,0,0,0,0,0,0,0
2026-chall-bengaluru,Bengaluru,C,Hard,20260105,Timofey Skatov,Neil Oberleitner,6-3 6-3,Round of 32,0,2026-03-28,0,0,0,0,0,0,0,0,0,0,0,0,0,0,0,0,0,0,0,0,0
2026-chall-bengaluru,Bengaluru,C,Hard,20260105,Dan Martin,Vladyslav Orlov,6-7 4-5 7-4,Round of 32,0,2026-03-28,0,0,0,0,0,0,0,0,0,0,0,0,0,0,0,0,0,0,0,0,0
2026-chall-bengaluru,Bengaluru,C,Hard,20260105,Sumit Nagal,S D Prajwal Dev,6-3 6-3,Round of 32,0,2026-03-28,0,0,0,0,0,0,0,0,0,0,0,0,0,0,0,0,0,0,0,0,0
2026-chall-bengaluru,Bengaluru,C,Hard,20260105,Eero Vasa,Arthur Reymond,6-2 6-3,2nd Round Qualifying,0,2026-03-28,0,0,0,0,0,0,0,0,0,0,0,0,0,0,0,0,0,0,0,0,0
2026-chall-bengaluru,Bengaluru,C,Hard,20260105,Niels Visker,Dominik Palan,6-2 6-7 5-6 7-5,2nd Round Qualifying,0,2026-03-28,0,0,0,0,0,0,0,0,0,0,0,0,0,0,0,0,0,0,0,0,0
2026-chall-bengaluru,Bengaluru,C,Hard,20260105,Mitsuki Wei Kang Leong,Kuan-Yi Lee,7-5 6-3,2nd Round Qualifying,0,2026-03-28,0,0,0,0,0,0,0,0,0,0,0,0,0,0,0,0,0,0,0,0,0
2026-chall-bengaluru,Bengaluru,C,Hard,20260105,Aziz Ouakaa,Ryotaro Taguchi,2-6 6-4 6-3,2nd Round Qualifying,0,2026-03-28,0,0,0,0,0,0,0,0,0,0,0,0,0,0,0,0,0,0,0,0,0
2026-chall-bengaluru,Bengaluru,C,Hard,20260105,Alexis Gautier,Sidharth Rawat,6-4 6-4,2nd Round Qualifying,0,2026-03-28,0,0,0,0,0,0,0,0,0,0,0,0,0,0,0,0,0,0,0,0,0
2026-chall-bengaluru,Bengaluru,C,Hard,20260105,Felix Balshaw,Jumpei Yamasaki,6-2 3-6 6-2,2nd Round Qualifying,0,2026-03-28,0,0,0,0,0,0,0,0,0,0,0,0,0,0,0,0,0,0,0,0,0
2026-chall-bengaluru,Bengaluru,C,Hard,20260105,Ryotaro Taguchi,Takuya Kumasaka,7-5 6-1,1st Round Qualifying,0,2026-03-28,0,0,0,0,0,0,0,0,0,0,0,0,0,0,0,0,0,0,0,0,0
2026-chall-bengaluru,Bengaluru,C,Hard,20260105,Eero Vasa,Adil Kalyanpur,3-6 6-3 6-0,1st Round Qualifying,0,2026-03-28,0,0,0,0,0,0,0,0,0,0,0,0,0,0,0,0,0,0,0,0,0
2026-chall-bengaluru,Bengaluru,C,Hard,20260105,Mitsuki Wei Kang Leong,Ryuki Matsuda,6-3 6-4,1st Round Qualifying,0,2026-03-28,0,0,0,0,0,0,0,0,0,0,0,0,0,0,0,0,0,0,0,0,0
2026-chall-bengaluru,Bengaluru,C,Hard,20260105,Jumpei Yamasaki,Masamichi Imamura,6-7 6-4 6-2,1st Round Qualifying,0,2026-03-28,0,0,0,0,0,0,0,0,0,0,0,0,0,0,0,0,0,0,0,0,0
2026-chall-bengaluru,Bengaluru,C,Hard,20260105,Dominik Palan,Dev Javia,3-6 7-5 7-6,1st Round Qualifying,0,2026-03-28,0,0,0,0,0,0,0,0,0,0,0,0,0,0,0,0,0,0,0,0,0
2026-chall-bengaluru,Bengaluru,C,Hard,20260105,Alexis Gautier,Yurii Dzhavakian,6-4 6-4,1st Round Qualifying,0,2026-03-28,0,0,0,0,0,0,0,0,0,0,0,0,0,0,0,0,0,0,0,0,0
2026-chall-bengaluru,Bengaluru,C,Hard,20260105,Kuan-Yi Lee,Shinji Hazawa,6-7 6-4 6-2,1st Round Qualifying,0,2026-03-28,0,0,0,0,0,0,0,0,0,0,0,0,0,0,0,0,0,0,0,0,0
2026-chall-bengaluru,Bengaluru,C,Hard,20260105,Arthur Reymond,Ramkumar Ramanathan,7-5 7-6,1st Round Qualifying,0,2026-03-28,0,0,0,0,0,0,0,0,0,0,0,0,0,0,0,0,0,0,0,0,0
2026-chall-bengaluru,Bengaluru,C,Hard,20260105,Aziz Ouakaa,Aditya Vishal Balsekar,6-4 7-6,1st Round Qualifying,0,2026-03-28,0,0,0,0,0,0,0,0,0,0,0,0,0,0,0,0,0,0,0,0,0
2026-chall-bengaluru,Bengaluru,C,Hard,20260105,Sidharth Rawat,Nitin Kumar Sinha,6-3 7-5,1st Round Qualifying,0,2026-03-28,0,0,0,0,0,0,0,0,0,0,0,0,0,0,0,0,0,0,0,0,0
2026-chall-bengaluru,Bengaluru,C,Hard,20260105,Niels Visker,Manish Sureshkumar,6-3 6-3,1st Round Qualifying,0,2026-03-28,0,0,0,0,0,0,0,0,0,0,0,0,0,0,0,0,0,0,0,0,0
2026-chall-bengaluru,Bengaluru,C,Hard,20260105,Felix Balshaw,Artur Kukasian,6-3 6-4,1st Round Qualifying,0,2026-03-28,0,0,0,0,0,0,0,0,0,0,0,0,0,0,0,0,0,0,0,0,0
2026-chall-canberra,Canberra,C,Hard,20260105,Alexander Blockx,Rafael Jodar,6-4 6-4,Final,0,2026-03-28,0,0,0,0,0,0,0,0,0,0,0,0,0,0,0,0,0,0,0,0,0
2026-chall-canberra,Canberra,C,Hard,20260105,Alexander Blockx,James McCabe,6-3 6-7 3-3,Semifinals,0,2026-03-28,0,0,0,0,0,0,0,0,0,0,0,0,0,0,0,0,0,0,0,0,0
2026-chall-canberra,Canberra,C,Hard,20260105,Rafael Jodar,Kyrian Jacquet,6-3,Semifinals,0,2026-03-28,0,0,0,0,0,0,0,0,0,0,0,0,0,0,0,0,0,0,0,0,0
2026-chall-canberra,Canberra,C,Hard,20260105,Alexander Blockx,Vit Kopriva,7-5 5-7 6-4,Quarterfinals,0,2026-03-28,0,0,0,0,0,0,0,0,0,0,0,0,0,0,0,0,0,0,0,0,0
2026-chall-canberra,Canberra,C,Hard,20260105,James McCabe,Tomas Barrios Vera,6-1 7-6,Quarterfinals,0,2026-03-28,0,0,0,0,0,0,0,0,0,0,0,0,0,0,0,0,0,0,0,0,0
2026-chall-canberra,Canberra,C,Hard,20260105,Kyrian Jacquet,Dusan Lajovic,7-6 7-2,Quarterfinals,0,2026-03-28,0,0,0,0,0,0,0,0,0,0,0,0,0,0,0,0,0,0,0,0,0
2026-chall-canberra,Canberra,C,Hard,20260105,Rafael Jodar,Sho Shimabukuro,6-2 6-4,Quarterfinals,0,2026-03-28,0,0,0,0,0,0,0,0,0,0,0,0,0,0,0,0,0,0,0,0,0
2026-chall-canberra,Canberra,C,Hard,20260105,Vit Kopriva,Lukas Klein,7-6 7-1,Round of 16,0,2026-03-28,0,0,0,0,0,0,0,0,0,0,0,0,0,0,0,0,0,0,0,0,0
2026-chall-canberra,Canberra,C,Hard,20260105,Tomas Barrios Vera,Ugo Blanchet,6-7 6-3 6-6 7-4,Round of 16,0,2026-03-28,0,0,0,0,0,0,0,0,0,0,0,0,0,0,0,0,0,0,0,0,0
2026-chall-canberra,Canberra,C,Hard,20260105,Alexander Blockx,Roberto Carballes Baena,7-6 3-8 7-6,Round of 16,0,2026-03-28,0,0,0,0,0,0,0,0,0,0,0,0,0,0,0,0,0,0,0,0,0
2026-chall-canberra,Canberra,C,Hard,20260105,Dusan Lajovic,Justin Engel,6-4 7-6,Round of 16,0,2026-03-28,0,0,0,0,0,0,0,0,0,0,0,0,0,0,0,0,0,0,0,0,0
2026-chall-canberra,Canberra,C,Hard,20260105,Kyrian Jacquet,Daniel Elahi Galan,6-2 6-4,Round of 16,0,2026-03-28,0,0,0,0,0,0,0,0,0,0,0,0,0,0,0,0,0,0,0,0,0
2026-chall-canberra,Canberra,C,Hard,20260105,Rafael Jodar,Jaime Faria,6-1 6-4,Round of 16,0,2026-03-28,0,0,0,0,0,0,0,0,0,0,0,0,0,0,0,0,0,0,0,0,0
2026-chall-canberra,Canberra,C,Hard,20260105,James McCabe,Jack Pinnington Jones,6-4 7-6,Round of 16,0,2026-03-28,0,0,0,0,0,0,0,0,0,0,0,0,0,0,0,0,0,0,0,0,0
2026-chall-canberra,Canberra,C,Hard,20260105,Sho Shimabukuro,Chris Rodesch,7-6 7-5,Round of 16,0,2026-03-28,0,0,0,0,0,0,0,0,0,0,0,0,0,0,0,0,0,0,0,0,0
2026-chall-canberra,Canberra,C,Hard,20260105,Vit Kopriva,Kei Nishikori,6-1 2-2,Round of 32,0,2026-03-28,0,0,0,0,0,0,0,0,0,0,0,0,0,0,0,0,0,0,0,0,0
2026-chall-canberra,Canberra,C,Hard,20260105,Chris Rodesch,Luca Nardi,7-6 6-4,Round of 32,0,2026-03-28,0,0,0,0,0,0,0,0,0,0,0,0,0,0,0,0,0,0,0,0,0
2026-chall-canberra,Canberra,C,Hard,20260105,Tomas Barrios Vera,Philip Sekulic,6-4 6-4,Round of 32,0,2026-03-28,0,0,0,0,0,0,0,0,0,0,0,0,0,0,0,0,0,0,0,0,0
2026-chall-canberra,Canberra,C,Hard,20260105,Jack Pinnington Jones,Brandon Holt,6-4 6-2,Round of 32,0,2026-03-28,0,0,0,0,0,0,0,0,0,0,0,0,0,0,0,0,0,0,0,0,0
2026-chall-canberra,Canberra,C,Hard,20260105,Jaime Faria,Elmer Moller,6-1 6-3,Round of 32,0,2026-03-28,0,0,0,0,0,0,0,0,0,0,0,0,0,0,0,0,0,0,0,0,0
2026-chall-canberra,Canberra,C,Hard,20260105,Roberto Carballes Baena,Colton Smith,7-6 6-4,Round of 32,0,2026-03-28,0,0,0,0,0,0,0,0,0,0,0,0,0,0,0,0,0,0,0,0,0
2026-chall-canberra,Canberra,C,Hard,20260105,Justin Engel,Nicolas Mejia,7-6 1-6 7-6,Round of 32,0,2026-03-28,0,0,0,0,0,0,0,0,0,0,0,0,0,0,0,0,0,0,0,0,0
2026-chall-canberra,Canberra,C,Hard,20260105,Daniel Elahi Galan,Lukas Neumayer,7-5 7-5,Round of 32,0,2026-03-28,0,0,0,0,0,0,0,0,0,0,0,0,0,0,0,0,0,0,0,0,0
2026-chall-canberra,Canberra,C,Hard,20260105,Rafael Jodar,Nicolas Jarry,6-3 6-4,Round of 32,0,2026-03-28,0,0,0,0,0,0,0,0,0,0,0,0,0,0,0,0,0,0,0,0,0
2026-chall-canberra,Canberra,C,Hard,20260105,Lukas Klein,Murphy Cassone,4-6 7-5 6-3,Round of 32,0,2026-03-28,0,0,0,0,0,0,0,0,0,0,0,0,0,0,0,0,0,0,0,0,0
2026-chall-canberra,Canberra,C,Hard,20260105,Kyrian Jacquet,Yoshihito Nishioka,2-6 6-1 7-5,Round of 32,0,2026-03-28,0,0,0,0,0,0,0,0,0,0,0,0,0,0,0,0,0,0,0,0,0
2026-chall-canberra,Canberra,C,Hard,20260105,Alexander Blockx,Nicolai Budkov Kjaer,6-2 6-3,Round of 32,0,2026-03-28,0,0,0,0,0,0,0,0,0,0,0,0,0,0,0,0,0,0,0,0,0
2026-chall-canberra,Canberra,C,Hard,20260105,Dusan Lajovic,Sebastian Ofner,6-3 6-2,Round of 32,0,2026-03-28,0,0,0,0,0,0,0,0,0,0,0,0,0,0,0,0,0,0,0,0,0
2026-chall-canberra,Canberra,C,Hard,20260105,Ugo Blanchet,Henrique Rocha,6-3 6-4,Round of 32,0,2026-03-28,0,0,0,0,0,0,0,0,0,0,0,0,0,0,0,0,0,0,0,0,0
2026-chall-canberra,Canberra,C,Hard,20260105,James McCabe,Mark Lajal,7-6 7-3,Round of 32,0,2026-03-28,0,0,0,0,0,0,0,0,0,0,0,0,0,0,0,0,0,0,0,0,0
2026-chall-canberra,Canberra,C,Hard,20260105,Sho Shimabukuro,Edward Winter,6-4 6-1,Round of 32,0,2026-03-28,0,0,0,0,0,0,0,0,0,0,0,0,0,0,0,0,0,0,0,0,0
2026-chall-canberra,Canberra,C,Hard,20260105,Rafael Jodar,Arthur Fery,6-3 3-2,2nd Round Qualifying,0,2026-03-28,0,0,0,0,0,0,0,0,0,0,0,0,0,0,0,0,0,0,0,0,0
2026-chall-canberra,Canberra,C,Hard,20260105,Nicolas Mejia,Sascha Gueymard Wayenburg,6-7 2-4 6-5,2nd Round Qualifying,0,2026-03-28,0,0,0,0,0,0,0,0,0,0,0,0,0,0,0,0,0,0,0,0,0
2026-chall-canberra,Canberra,C,Hard,20260105,Chris Rodesch,Martin Damm,7-6 6-5,2nd Round Qualifying,0,2026-03-28,0,0,0,0,0,0,0,0,0,0,0,0,0,0,0,0,0,0,0,0,0
2026-chall-canberra,Canberra,C,Hard,20260105,Lukas Neumayer,Hugo Grenier,6-2 6-4,2nd Round Qualifying,0,2026-03-28,0,0,0,0,0,0,0,0,0,0,0,0,0,0,0,0,0,0,0,0,0
2026-chall-canberra,Canberra,C,Hard,20260105,Jack Pinnington Jones,Marc Polmans,6-1 4-6 7-6,2nd Round Qualifying,0,2026-03-28,0,0,0,0,0,0,0,0,0,0,0,0,0,0,0,0,0,0,0,0,0
2026-chall-canberra,Canberra,C,Hard,20260105,Murphy Cassone,Mitchell Krueger,7-6 6-4,2nd Round Qualifying,0,2026-03-28,0,0,0,0,0,0,0,0,0,0,0,0,0,0,0,0,0,0,0,0,0
2026-chall-canberra,Canberra,C,Hard,20260105,Mitchell Krueger,Yosuke Watanuki,3-6 6-2 6-3,1st Round Qualifying,0,2026-03-28,0,0,0,0,0,0,0,0,0,0,0,0,0,0,0,0,0,0,0,0,0
2026-chall-canberra,Canberra,C,Hard,20260105,Lukas Neumayer,Luka Mikrut,6-4 3-6 6-3,1st Round Qualifying,0,2026-03-28,0,0,0,0,0,0,0,0,0,0,0,0,0,0,0,0,0,0,0,0,0
2026-chall-canberra,Canberra,C,Hard,20260105,Rafael Jodar,Pavle Marinkov,6-4 6-3,1st Round Qualifying,0,2026-03-28,0,0,0,0,0,0,0,0,0,0,0,0,0,0,0,0,0,0,0,0,0
2026-chall-canberra,Canberra,C,Hard,20260105,Nicolas Mejia,Hady Habib,7-6 6-6,1st Round Qualifying,0,2026-03-28,0,0,0,0,0,0,0,0,0,0,0,0,0,0,0,0,0,0,0,0,0
2026-chall-canberra,Canberra,C,Hard,20260105,Marc Polmans,Alex Bolt,7-6 7-4,1st Round Qualifying,0,2026-03-28,0,0,0,0,0,0,0,0,0,0,0,0,0,0,0,0,0,0,0,0,0
2026-chall-canberra,Canberra,C,Hard,20260105,Martin Damm,Ymerali Ibraimi,7-5 6-4,1st Round Qualifying,0,2026-03-28,0,0,0,0,0,0,0,0,0,0,0,0,0,0,0,0,0,0,0,0,0
2026-chall-canberra,Canberra,C,Hard,20260105,Hugo Grenier,George Loffhagen,7-5 4-6 6-0,1st Round Qualifying,0,2026-03-28,0,0,0,0,0,0,0,0,0,0,0,0,0,0,0,0,0,0,0,0,0
2026-chall-canberra,Canberra,C,Hard,20260105,Murphy Cassone,Tristan Boyer,0-6 7-6 6-4,1st Round Qualifying,0,2026-03-28,0,0,0,0,0,0,0,0,0,0,0,0,0,0,0,0,0,0,0,0,0
2026-chall-canberra,Canberra,C,Hard,20260105,Arthur Fery,Daniel Jovanovski,3-6 6-4 6-0,1st Round Qualifying,0,2026-03-28,0,0,0,0,0,0,0,0,0,0,0,0,0,0,0,0,0,0,0,0,0
2026-chall-canberra,Canberra,C,Hard,20260105,Sascha Gueymard Wayenburg,Pablo Llamas Ruiz,6-4 5-7 6-3,1st Round Qualifying,0,2026-03-28,0,0,0,0,0,0,0,0,0,0,0,0,0,0,0,0,0,0,0,0,0
2026-chall-canberra,Canberra,C,Hard,20260105,Jack Pinnington Jones,Gilles Arnaud Bailly,0-6 6-1 6-4,1st Round Qualifying,0,2026-03-28,0,0,0,0,0,0,0,0,0,0,0,0,0,0,0,0,0,0,0,0,0
2026-chall-canberra,Canberra,C,Hard,20260105,Chris Rodesch,Alex Molcan,7-6 3-2 7-6,1st Round Qualifying,0,2026-03-28,0,0,0,0,0,0,0,0,0,0,0,0,0,0,0,0,0,0,0,0,0
2026-chall-noumea,Noumea,C,Hard,20260105,Arthur Gea,Jurij Rodionov,6-3 4-6 7-5,Final,0,2026-03-28,0,0,0,0,0,0,0,0,0,0,0,0,0,0,0,0,0,0,0,0,0
2026-chall-noumea,Noumea,C,Hard,20260105,Jurij Rodionov,Blake Ellis,6-4 6-7 5-3,Semifinals,0,2026-03-28,0,0,0,0,0,0,0,0,0,0,0,0,0,0,0,0,0,0,0,0,0
2026-chall-noumea,Noumea,C,Hard,20260105,Arthur Gea,Michael Zheng,4-6 6-1 6-4,Semifinals,0,2026-03-28,0,0,0,0,0,0,0,0,0,0,0,0,0,0,0,0,0,0,0,0,0
2026-chall-noumea,Noumea,C,Hard,20260105,Jurij Rodionov,Jordan Thompson,6-4 6-4,Quarterfinals,0,2026-03-28,0,0,0,0,0,0,0,0,0,0,0,0,0,0,0,0,0,0,0,0,0
2026-chall-noumea,Noumea,C,Hard,20260105,Arthur Gea,Liam Draxl,6-3 6-2,Quarterfinals,0,2026-03-28,0,0,0,0,0,0,0,0,0,0,0,0,0,0,0,0,0,0,0,0,0
2026-chall-noumea,Noumea,C,Hard,20260105,Michael Zheng,Clement Tabur,3-6 6-4 6-2,Quarterfinals,0,2026-03-28,0,0,0,0,0,0,0,0,0,0,0,0,0,0,0,0,0,0,0,0,0
2026-chall-noumea,Noumea,C,Hard,20260105,Blake Ellis,Bernard Tomic,7-6 3-4 6-6,Quarterfinals,0,2026-03-28,0,0,0,0,0,0,0,0,0,0,0,0,0,0,0,0,0,0,0,0,0
2026-chall-noumea,Noumea,C,Hard,20260105,Jordan Thompson,Nicolas Moreno De Alboran,6-4 6-3,Round of 16,0,2026-03-28,0,0,0,0,0,0,0,0,0,0,0,0,0,0,0,0,0,0,0,0,0
2026-chall-noumea,Noumea,C,Hard,20260105,Liam Draxl,Moerani Bouzige,6-4 6-2,Round of 16,0,2026-03-28,0,0,0,0,0,0,0,0,0,0,0,0,0,0,0,0,0,0,0,0,0
2026-chall-noumea,Noumea,C,Hard,20260105,Clement Tabur,Titouan Droguet,6-7 4-4 6-4,Round of 16,0,2026-03-28,0,0,0,0,0,0,0,0,0,0,0,0,0,0,0,0,0,0,0,0,0
2026-chall-noumea,Noumea,C,Hard,20260105,Jurij Rodionov,Christian Langmo,6-3 6-4,Round of 16,0,2026-03-28,0,0,0,0,0,0,0,0,0,0,0,0,0,0,0,0,0,0,0,0,0
2026-chall-noumea,Noumea,C,Hard,20260105,Michael Zheng,Dan Added,6-2 6-1,Round of 16,0,2026-03-28,0,0,0,0,0,0,0,0,0,0,0,0,0,0,0,0,0,0,0,0,0
2026-chall-noumea,Noumea,C,Hard,20260105,Bernard Tomic,James Watt,6-4 3-6 4-1,Round of 16,0,2026-03-28,0,0,0,0,0,0,0,0,0,0,0,0,0,0,0,0,0,0,0,0,0
2026-chall-noumea,Noumea,C,Hard,20260105,Blake Ellis,Andre Ilagan,7-6 7-5,Round of 16,0,2026-03-28,0,0,0,0,0,0,0,0,0,0,0,0,0,0,0,0,0,0,0,0,0
2026-chall-noumea,Noumea,C,Hard,20260105,Arthur Gea,Facundo Diaz Acosta,7-6 6-5,Round of 16,0,2026-03-28,0,0,0,0,0,0,0,0,0,0,0,0,0,0,0,0,0,0,0,0,0
2026-chall-noumea,Noumea,C,Hard,20260105,Jordan Thompson,Emile Hudd,6-3 7-6,Round of 32,0,2026-03-28,0,0,0,0,0,0,0,0,0,0,0,0,0,0,0,0,0,0,0,0,0
2026-chall-noumea,Noumea,C,Hard,20260105,Michael Zheng,Omar Jasika,6-4 6-2,Round of 32,0,2026-03-28,0,0,0,0,0,0,0,0,0,0,0,0,0,0,0,0,0,0,0,0,0
2026-chall-noumea,Noumea,C,Hard,20260105,Arthur Gea,Alex Barrena,6-4 6-0,Round of 32,0,2026-03-28,0,0,0,0,0,0,0,0,0,0,0,0,0,0,0,0,0,0,0,0,0
2026-chall-noumea,Noumea,C,Hard,20260105,Bernard Tomic,Daniil Glinka,6-4 6-3,Round of 32,0,2026-03-28,0,0,0,0,0,0,0,0,0,0,0,0,0,0,0,0,0,0,0,0,0
2026-chall-noumea,Noumea,C,Hard,20260105,Facundo Diaz Acosta,Louis Dussin,6-2 6-3,Round of 32,0,2026-03-28,0,0,0,0,0,0,0,0,0,0,0,0,0,0,0,0,0,0,0,0,0
2026-chall-noumea,Noumea,C,Hard,20260105,Andre Ilagan,Jake Delaney,6-4 6-7 5-6 7-6,Round of 32,0,2026-03-28,0,0,0,0,0,0,0,0,0,0,0,0,0,0,0,0,0,0,0,0,0
2026-chall-noumea,Noumea,C,Hard,20260105,Christian Langmo,Kosuke Ogura,6-4 6-4,Round of 32,0,2026-03-28,0,0,0,0,0,0,0,0,0,0,0,0,0,0,0,0,0,0,0,0,0
2026-chall-noumea,Noumea,C,Hard,20260105,Nicolas Moreno De Alboran,Maxime Chazal,6-4 7-6,Round of 32,0,2026-03-28,0,0,0,0,0,0,0,0,0,0,0,0,0,0,0,0,0,0,0,0,0
2026-chall-noumea,Noumea,C,Hard,20260105,James Watt,Leo Vithoontien,7-6 6-5,Round of 32,0,2026-03-28,0,0,0,0,0,0,0,0,0,0,0,0,0,0,0,0,0,0,0,0,0
2026-chall-noumea,Noumea,C,Hard,20260105,Liam Draxl,Gustavo Heide,7-6 3-5 6-6,Round of 32,0,2026-03-28,0,0,0,0,0,0,0,0,0,0,0,0,0,0,0,0,0,0,0,0,0
2026-chall-noumea,Noumea,C,Hard,20260105,Titouan Droguet,Gauthier Onclin,6-3 6-2,Round of 32,0,2026-03-28,0,0,0,0,0,0,0,0,0,0,0,0,0,0,0,0,0,0,0,0,0
2026-chall-noumea,Noumea,C,Hard,20260105,Blake Ellis,Pierre-Hugues Herbert,7-5 4-6 6-4,Round of 32,0,2026-03-28,0,0,0,0,0,0,0,0,0,0,0,0,0,0,0,0,0,0,0,0,0
2026-chall-noumea,Noumea,C,Hard,20260105,Jurij Rodionov,Henry Bernet,6-4 3-6 6-0,Round of 32,0,2026-03-28,0,0,0,0,0,0,0,0,0,0,0,0,0,0,0,0,0,0,0,0,0
2026-chall-noumea,Noumea,C,Hard,20260105,Dan Added,Colin Sinclair,6-3 6-7 4-2,Round of 32,0,2026-03-28,0,0,0,0,0,0,0,0,0,0,0,0,0,0,0,0,0,0,0,0,0
2026-chall-noumea,Noumea,C,Hard,20260105,Moerani Bouzige,Ryan Peniston,4-6 7-6 6-9,Round of 32,0,2026-03-28,0,0,0,0,0,0,0,0,0,0,0,0,0,0,0,0,0,0,0,0,0
2026-chall-noumea,Noumea,C,Hard,20260105,Clement Tabur,Thiago Seyboth Wild,4-6 6-1 6-4,Round of 32,0,2026-03-28,0,0,0,0,0,0,0,0,0,0,0,0,0,0,0,0,0,0,0,0,0
2026-chall-noumea,Noumea,C,Hard,20260105,Jake Delaney,Evan Zhu,5-7 6-3 6-4,2nd Round Qualifying,0,2026-03-28,0,0,0,0,0,0,0,0,0,0,0,0,0,0,0,0,0,0,0,0,0
2026-chall-noumea,Noumea,C,Hard,20260105,Emile Hudd,Tai Sach,7-6 6-5,2nd Round Qualifying,0,2026-03-28,0,0,0,0,0,0,0,0,0,0,0,0,0,0,0,0,0,0,0,0,0
2026-chall-noumea,Noumea,C,Hard,20260105,Nicolas Moreno De Alboran,Oscar Jose Gutierrez,6-2 6-4,2nd Round Qualifying,0,2026-03-28,0,0,0,0,0,0,0,0,0,0,0,0,0,0,0,0,0,0,0,0,0
2026-chall-noumea,Noumea,C,Hard,20260105,James Watt,Shunsuke Nakagawa,6-3 6-4,2nd Round Qualifying,0,2026-03-28,0,0,0,0,0,0,0,0,0,0,0,0,0,0,0,0,0,0,0,0,0
2026-chall-noumea,Noumea,C,Hard,20260105,Leo Vithoontien,Jacob Bradshaw,6-2 6-3,2nd Round Qualifying,0,2026-03-28,0,0,0,0,0,0,0,0,0,0,0,0,0,0,0,0,0,0,0,0,0
2026-chall-noumea,Noumea,C,Hard,20260105,Kosuke Ogura,Ethan Cook,7-6 7-3,2nd Round Qualifying,0,2026-03-28,0,0,0,0,0,0,0,0,0,0,0,0,0,0,0,0,0,0,0,0,0
2026-chall-noumea,Noumea,C,Hard,20260105,Jake Delaney,Antoine Voisin,6-1 6-1,1st Round Qualifying,0,2026-03-28,0,0,0,0,0,0,0,0,0,0,0,0,0,0,0,0,0,0,0,0,0
2026-chall-noumea,Noumea,C,Hard,20260105,Tai Sach,Jack Bruce-Smith,6-4 6-2,1st Round Qualifying,0,2026-03-28,0,0,0,0,0,0,0,0,0,0,0,0,0,0,0,0,0,0,0,0,0
2026-chall-noumea,Noumea,C,Hard,20260105,Ethan Cook,Yusuke Kusuhara,6-1 7-5,1st Round Qualifying,0,2026-03-28,0,0,0,0,0,0,0,0,0,0,0,0,0,0,0,0,0,0,0,0,0
2026-chall-noumea,Noumea,C,Hard,20260105,Nicolas Moreno De Alboran,Matt Hulme,6-4 3-6 7-6,1st Round Qualifying,0,2026-03-28,0,0,0,0,0,0,0,0,0,0,0,0,0,0,0,0,0,0,0,0,0
2026-chall-noumea,Noumea,C,Hard,20260105,James Watt,Daisuke Sumizawa,6-3 6-4,1st Round Qualifying,0,2026-03-28,0,0,0,0,0,0,0,0,0,0,0,0,0,0,0,0,0,0,0,0,0
2026-chall-noumea,Noumea,C,Hard,20260105,Leo Vithoontien,Jalane SALAUN-OUILLEMON,6-4 7-6,1st Round Qualifying,0,2026-03-28,0,0,0,0,0,0,0,0,0,0,0,0,0,0,0,0,0,0,0,0,0
2026-chall-noumea,Noumea,C,Hard,20260105,Evan Zhu,Nell Rollin,6-0 6-0,1st Round Qualifying,0,2026-03-28,0,0,0,0,0,0,0,0,0,0,0,0,0,0,0,0,0,0,0,0,0
2026-chall-noumea,Noumea,C,Hard,20260105,Oscar Jose Gutierrez,Evan Furness,6-1 6-2,1st Round Qualifying,0,2026-03-28,0,0,0,0,0,0,0,0,0,0,0,0,0,0,0,0,0,0,0,0,0
2026-chall-noumea,Noumea,C,Hard,20260105,Emile Hudd,Lawrence Bataljin,6-0 6-0,1st Round Qualifying,0,2026-03-28,0,0,0,0,0,0,0,0,0,0,0,0,0,0,0,0,0,0,0,0,0
2026-chall-noumea,Noumea,C,Hard,20260105,Kosuke Ogura,Jesse Delaney,6-0 6-4,1st Round Qualifying,0,2026-03-28,0,0,0,0,0,0,0,0,0,0,0,0,0,0,0,0,0,0,0,0,0
2026-chall-noumea,Noumea,C,Hard,20260105,Jacob Bradshaw,Preston Brown,6-4 6-3,1st Round Qualifying,0,2026-03-28,0,0,0,0,0,0,0,0,0,0,0,0,0,0,0,0,0,0,0,0,0
2026-chall-noumea,Noumea,C,Hard,20260105,Shunsuke Nakagawa,Louam Boivin,6-3 6-0,1st Round Qualifying,0,2026-03-28,0,0,0,0,0,0,0,0,0,0,0,0,0,0,0,0,0,0,0,0,0
2026-chall-nonthaburi,Nonthaburi,C,Hard,20260112,Pol Martin Tiffon,Maximus Jones,6-4 3-6 6-4,Final,0,2026-03-28,0,0,0,0,0,0,0,0,0,0,0,0,0,0,0,0,0,0,0,0,0
2026-chall-nonthaburi,Nonthaburi,C,Hard,20260112,Maximus Jones,Rio Noguchi,4-6 6-1 6-2,Semifinals,0,2026-03-28,0,0,0,0,0,0,0,0,0,0,0,0,0,0,0,0,0,0,0,0,0
2026-chall-nonthaburi,Nonthaburi,C,Hard,20260112,Pol Martin Tiffon,Timofey Skatov,6-2 6-4,Semifinals,0,2026-03-28,0,0,0,0,0,0,0,0,0,0,0,0,0,0,0,0,0,0,0,0,0
2026-chall-nonthaburi,Nonthaburi,C,Hard,20260112,Rio Noguchi,Marek Gengel,4-6 7-6 7-3,Quarterfinals,0,2026-03-28,0,0,0,0,0,0,0,0,0,0,0,0,0,0,0,0,0,0,0,0,0
2026-chall-nonthaburi,Nonthaburi,C,Hard,20260112,Timofey Skatov,Florent Bax,6-2 6-4,Quarterfinals,0,2026-03-28,0,0,0,0,0,0,0,0,0,0,0,0,0,0,0,0,0,0,0,0,0
2026-chall-nonthaburi,Nonthaburi,C,Hard,20260112,Maximus Jones,Yi Zhou,4-6 7-6 6-4,Quarterfinals,0,2026-03-28,0,0,0,0,0,0,0,0,0,0,0,0,0,0,0,0,0,0,0,0,0
2026-chall-nonthaburi,Nonthaburi,C,Hard,20260112,Pol Martin Tiffon,Marat Sharipov,2-6 6-2 7-6,Quarterfinals,0,2026-03-28,0,0,0,0,0,0,0,0,0,0,0,0,0,0,0,0,0,0,0,0,0
2026-chall-nonthaburi,Nonthaburi,C,Hard,20260112,Rio Noguchi,Sumit Nagal,2-2,Round of 16,0,2026-03-28,0,0,0,0,0,0,0,0,0,0,0,0,0,0,0,0,0,0,0,0,0
2026-chall-nonthaburi,Nonthaburi,C,Hard,20260112,Timofey Skatov,Kasidit Samrej,6-4 6-2,Round of 16,0,2026-03-28,0,0,0,0,0,0,0,0,0,0,0,0,0,0,0,0,0,0,0,0,0
2026-chall-nonthaburi,Nonthaburi,C,Hard,20260112,Yi Zhou,Christian Langmo,6-3 6-4,Round of 16,0,2026-03-28,0,0,0,0,0,0,0,0,0,0,0,0,0,0,0,0,0,0,0,0,0
2026-chall-nonthaburi,Nonthaburi,C,Hard,20260112,Marat Sharipov,Daniel Michalski,6-4 6-3,Round of 16,0,2026-03-28,0,0,0,0,0,0,0,0,0,0,0,0,0,0,0,0,0,0,0,0,0
2026-chall-nonthaburi,Nonthaburi,C,Hard,20260112,Pol Martin Tiffon,Kaichi Uchida,6-3 6-3,Round of 16,0,2026-03-28,0,0,0,0,0,0,0,0,0,0,0,0,0,0,0,0,0,0,0,0,0
2026-chall-nonthaburi,Nonthaburi,C,Hard,20260112,Florent Bax,Beibit Zhukayev,6-2 6-4,Round of 16,0,2026-03-28,0,0,0,0,0,0,0,0,0,0,0,0,0,0,0,0,0,0,0,0,0
2026-chall-nonthaburi,Nonthaburi,C,Hard,20260112,Marek Gengel,Yasutaka Uchiyama,6-4 7-5,Round of 16,0,2026-03-28,0,0,0,0,0,0,0,0,0,0,0,0,0,0,0,0,0,0,0,0,0
2026-chall-nonthaburi,Nonthaburi,C,Hard,20260112,Maximus Jones,Petr Bar Biryukov,6-2 3-0,Round of 16,0,2026-03-28,0,0,0,0,0,0,0,0,0,0,0,0,0,0,0,0,0,0,0,0,0
2026-chall-nonthaburi,Nonthaburi,C,Hard,20260112,Rio Noguchi,Stefanos Sakellaridis,6-4 6-2,Round of 32,0,2026-03-28,0,0,0,0,0,0,0,0,0,0,0,0,0,0,0,0,0,0,0,0,0
2026-chall-nonthaburi,Nonthaburi,C,Hard,20260112,Timofey Skatov,Duje Ajdukovic,6-3 3-6 6-4,Round of 32,0,2026-03-28,0,0,0,0,0,0,0,0,0,0,0,0,0,0,0,0,0,0,0,0,0
2026-chall-nonthaburi,Nonthaburi,C,Hard,20260112,Yi Zhou,Neil Oberleitner,6-3 6-1,Round of 32,0,2026-03-28,0,0,0,0,0,0,0,0,0,0,0,0,0,0,0,0,0,0,0,0,0
2026-chall-nonthaburi,Nonthaburi,C,Hard,20260112,Daniel Michalski,Yuta Shimizu,6-2 2-6 6-3,Round of 32,0,2026-03-28,0,0,0,0,0,0,0,0,0,0,0,0,0,0,0,0,0,0,0,0,0
2026-chall-nonthaburi,Nonthaburi,C,Hard,20260112,Yasutaka Uchiyama,Andres Martin,6-3 6-1,Round of 32,0,2026-03-28,0,0,0,0,0,0,0,0,0,0,0,0,0,0,0,0,0,0,0,0,0
2026-chall-nonthaburi,Nonthaburi,C,Hard,20260112,Petr Bar Biryukov,Matteo Martineau,5-7 6-3 7-6,Round of 32,0,2026-03-28,0,0,0,0,0,0,0,0,0,0,0,0,0,0,0,0,0,0,0,0,0
2026-chall-nonthaburi,Nonthaburi,C,Hard,20260112,Florent Bax,Andre Ilagan,6-4 7-6,Round of 32,0,2026-03-28,0,0,0,0,0,0,0,0,0,0,0,0,0,0,0,0,0,0,0,0,0
2026-chall-nonthaburi,Nonthaburi,C,Hard,20260112,Marek Gengel,Renta Tokuda,6-7 3-0 6-4,Round of 32,0,2026-03-28,0,0,0,0,0,0,0,0,0,0,0,0,0,0,0,0,0,0,0,0,0
2026-chall-nonthaburi,Nonthaburi,C,Hard,20260112,Christian Langmo,Jie Cui,7-6 6-5,Round of 32,0,2026-03-28,0,0,0,0,0,0,0,0,0,0,0,0,0,0,0,0,0,0,0,0,0
2026-chall-nonthaburi,Nonthaburi,C,Hard,20260112,Pol Martin Tiffon,Philip Henning,4-6 7-5 2-0,Round of 32,0,2026-03-28,0,0,0,0,0,0,0,0,0,0,0,0,0,0,0,0,0,0,0,0,0
2026-chall-nonthaburi,Nonthaburi,C,Hard,20260112,Kasidit Samrej,James Trotter,4-6 6-3 6-4,Round of 32,0,2026-03-28,0,0,0,0,0,0,0,0,0,0,0,0,0,0,0,0,0,0,0,0,0
2026-chall-nonthaburi,Nonthaburi,C,Hard,20260112,Marat Sharipov,Hyeon Chung,6-3 6-2,Round of 32,0,2026-03-28,0,0,0,0,0,0,0,0,0,0,0,0,0,0,0,0,0,0,0,0,0
2026-chall-nonthaburi,Nonthaburi,C,Hard,20260112,Kaichi Uchida,Robin Bertrand,3-6 7-5 6-1,Round of 32,0,2026-03-28,0,0,0,0,0,0,0,0,0,0,0,0,0,0,0,0,0,0,0,0,0
2026-chall-nonthaburi,Nonthaburi,C,Hard,20260112,Maximus Jones,Joel Schwaerzler,1-6 6-3 6-0,Round of 32,0,2026-03-28,0,0,0,0,0,0,0,0,0,0,0,0,0,0,0,0,0,0,0,0,0
2026-chall-nonthaburi,Nonthaburi,C,Hard,20260112,Beibit Zhukayev,Fajing Sun,6-4 6-1,Round of 32,0,2026-03-28,0,0,0,0,0,0,0,0,0,0,0,0,0,0,0,0,0,0,0,0,0
2026-chall-nonthaburi,Nonthaburi,C,Hard,20260112,Sumit Nagal,Wishaya Trongcharoenchaikul,6-1 6-3,Round of 32,0,2026-03-28,0,0,0,0,0,0,0,0,0,0,0,0,0,0,0,0,0,0,0,0,0
2026-chall-nonthaburi,Nonthaburi,C,Hard,20260112,Yasutaka Uchiyama,Tung-Lin Wu,6-3 5-7 6-3,2nd Round Qualifying,0,2026-03-28,0,0,0,0,0,0,0,0,0,0,0,0,0,0,0,0,0,0,0,0,0
2026-chall-nonthaburi,Nonthaburi,C,Hard,20260112,Philip Henning,Markus Malaszszak,6-1 6-2,2nd Round Qualifying,0,2026-03-28,0,0,0,0,0,0,0,0,0,0,0,0,0,0,0,0,0,0,0,0,0
2026-chall-nonthaburi,Nonthaburi,C,Hard,20260112,Christian Langmo,Andre Ilagan,6-2 6-4,2nd Round Qualifying,0,2026-03-28,0,0,0,0,0,0,0,0,0,0,0,0,0,0,0,0,0,0,0,0,0
2026-chall-nonthaburi,Nonthaburi,C,Hard,20260112,Hyeon Chung,Thanapet Chanta,2-6 6-3 6-4,2nd Round Qualifying,0,2026-03-28,0,0,0,0,0,0,0,0,0,0,0,0,0,0,0,0,0,0,0,0,0
2026-chall-nonthaburi,Nonthaburi,C,Hard,20260112,Marek Gengel,Corentin Denolly,6-2 7-5,2nd Round Qualifying,0,2026-03-28,0,0,0,0,0,0,0,0,0,0,0,0,0,0,0,0,0,0,0,0,0
2026-chall-nonthaburi,Nonthaburi,C,Hard,20260112,Neil Oberleitner,Hikaru Shiraishi,7-6 5-5 6-7,2nd Round Qualifying,0,2026-03-28,0,0,0,0,0,0,0,0,0,0,0,0,0,0,0,0,0,0,0,0,0
2026-chall-nonthaburi,Nonthaburi,C,Hard,20260112,Yasutaka Uchiyama,Credit Chaiyarin,7-6 7-4,1st Round Qualifying,0,2026-03-28,0,0,0,0,0,0,0,0,0,0,0,0,0,0,0,0,0,0,0,0,0
2026-chall-nonthaburi,Nonthaburi,C,Hard,20260112,Hikaru Shiraishi,Akira Santillan,3-6 6-6,1st Round Qualifying,0,2026-03-28,0,0,0,0,0,0,0,0,0,0,0,0,0,0,0,0,0,0,0,0,0
2026-chall-nonthaburi,Nonthaburi,C,Hard,20260112,Philip Henning,Congsup Congcar,6-1 6-0,1st Round Qualifying,0,2026-03-28,0,0,0,0,0,0,0,0,0,0,0,0,0,0,0,0,0,0,0,0,0
2026-chall-nonthaburi,Nonthaburi,C,Hard,20260112,Marek Gengel,Sergey Fomin,6-3 6-1,1st Round Qualifying,0,2026-03-28,0,0,0,0,0,0,0,0,0,0,0,0,0,0,0,0,0,0,0,0,0
2026-chall-nonthaburi,Nonthaburi,C,Hard,20260112,Thanapet Chanta,Cedrik-Marcel Stebe,1-6 7-6 6-1,1st Round Qualifying,0,2026-03-28,0,0,0,0,0,0,0,0,0,0,0,0,0,0,0,0,0,0,0,0,0
2026-chall-nonthaburi,Nonthaburi,C,Hard,20260112,Andre Ilagan,Matthew Dellavedova,6-3 6-0,1st Round Qualifying,0,2026-03-28,0,0,0,0,0,0,0,0,0,0,0,0,0,0,0,0,0,0,0,0,0
2026-chall-nonthaburi,Nonthaburi,C,Hard,20260112,Neil Oberleitner,Sanhui Shin,6-3 6-2,1st Round Qualifying,0,2026-03-28,0,0,0,0,0,0,0,0,0,0,0,0,0,0,0,0,0,0,0,0,0
2026-chall-nonthaburi,Nonthaburi,C,Hard,20260112,Christian Langmo,Michele Ribecai,6-4 6-2,1st Round Qualifying,0,2026-03-28,0,0,0,0,0,0,0,0,0,0,0,0,0,0,0,0,0,0,0,0,0
2026-chall-nonthaburi,Nonthaburi,C,Hard,20260112,Hyeon Chung,Yusuke Takahashi,6-4 6-3,1st Round Qualifying,0,2026-03-28,0,0,0,0,0,0,0,0,0,0,0,0,0,0,0,0,0,0,0,0,0
2026-chall-nonthaburi,Nonthaburi,C,Hard,20260112,Tung-Lin Wu,Arthur Weber,6-1 6-2,1st Round Qualifying,0,2026-03-28,0,0,0,0,0,0,0,0,0,0,0,0,0,0,0,0,0,0,0,0,0
2026-chall-nonthaburi,Nonthaburi,C,Hard,20260112,Corentin Denolly,Dan Martin,3-6 6-2 6-3,1st Round Qualifying,0,2026-03-28,0,0,0,0,0,0,0,0,0,0,0,0,0,0,0,0,0,0,0,0,0
2026-chall-nonthaburi,Nonthaburi,C,Hard,20260112,Markus Malaszszak,Alex Hernandez,3-6 6-3 6-2,1st Round Qualifying,0,2026-03-28,0,0,0,0,0,0,0,0,0,0,0,0,0,0,0,0,0,0,0,0,0
2026-chall-nottingham,Nottingham,C,Hard,20260105,Clement Chidekh,Johannus Monday,5-7 6-2 7-6,Final,0,2026-03-28,0,0,0,0,0,0,0,0,0,0,0,0,0,0,0,0,0,0,0,0,0
2026-chall-nottingham,Nottingham,C,Hard,20260105,Johannus Monday,Mikhail Kukushkin,6-4 6-2,Semifinals,0,2026-03-28,0,0,0,0,0,0,0,0,0,0,0,0,0,0,0,0,0,0,0,0,0
2026-chall-nottingham,Nottingham,C,Hard,20260105,Clement Chidekh,Toby Samuel,6-3 5-7 6-3,Semifinals,0,2026-03-28,0,0,0,0,0,0,0,0,0,0,0,0,0,0,0,0,0,0,0,0,0
2026-chall-nottingham,Nottingham,C,Hard,20260105,Johannus Monday,Tom Gentzsch,6-1 6-3,Quarterfinals,0,2026-03-28,0,0,0,0,0,0,0,0,0,0,0,0,0,0,0,0,0,0,0,0,0
2026-chall-nottingham,Nottingham,C,Hard,20260105,Clement Chidekh,Charles Broom,6-3 6-2,Quarterfinals,0,2026-03-28,0,0,0,0,0,0,0,0,0,0,0,0,0,0,0,0,0,0,0,0,0
2026-chall-nottingham,Nottingham,C,Hard,20260105,Toby Samuel,Stefan Kozlov,7-6 6-1,Quarterfinals,0,2026-03-28,0,0,0,0,0,0,0,0,0,0,0,0,0,0,0,0,0,0,0,0,0
2026-chall-nottingham,Nottingham,C,Hard,20260105,Mikhail Kukushkin,Cannon Kingsley,6-2 7-5,Quarterfinals,0,2026-03-28,0,0,0,0,0,0,0,0,0,0,0,0,0,0,0,0,0,0,0,0,0
2026-chall-nottingham,Nottingham,C,Hard,20260105,Johannus Monday,Giles Hussey,6-1 6-2,Round of 16,0,2026-03-28,0,0,0,0,0,0,0,0,0,0,0,0,0,0,0,0,0,0,0,0,0
2026-chall-nottingham,Nottingham,C,Hard,20260105,Clement Chidekh,Paul Jubb,6-2 6-3,Round of 16,0,2026-03-28,0,0,0,0,0,0,0,0,0,0,0,0,0,0,0,0,0,0,0,0,0
2026-chall-nottingham,Nottingham,C,Hard,20260105,Toby Samuel,Liam Broady,6-3 6-3,Round of 16,0,2026-03-28,0,0,0,0,0,0,0,0,0,0,0,0,0,0,0,0,0,0,0,0,0
2026-chall-nottingham,Nottingham,C,Hard,20260105,Cannon Kingsley,Alastair Gray,6-4 4-6 6-1,Round of 16,0,2026-03-28,0,0,0,0,0,0,0,0,0,0,0,0,0,0,0,0,0,0,0,0,0
2026-chall-nottingham,Nottingham,C,Hard,20260105,Stefan Kozlov,Mathys Erhard,6-2 6-4,Round of 16,0,2026-03-28,0,0,0,0,0,0,0,0,0,0,0,0,0,0,0,0,0,0,0,0,0
2026-chall-nottingham,Nottingham,C,Hard,20260105,Tom Gentzsch,Martin Krumich,4-6 6-3 7-6,Round of 16,0,2026-03-28,0,0,0,0,0,0,0,0,0,0,0,0,0,0,0,0,0,0,0,0,0
2026-chall-nottingham,Nottingham,C,Hard,20260105,Charles Broom,Alexander Ritschard,6-4 6-2,Round of 16,0,2026-03-28,0,0,0,0,0,0,0,0,0,0,0,0,0,0,0,0,0,0,0,0,0
2026-chall-nottingham,Nottingham,C,Hard,20260105,Mikhail Kukushkin,Christoph Negritu,6-2 6-1,Round of 16,0,2026-03-28,0,0,0,0,0,0,0,0,0,0,0,0,0,0,0,0,0,0,0,0,0
2026-chall-nottingham,Nottingham,C,Hard,20260105,Clement Chidekh,Anton Matusevich,6-7 3-4 6-0,Round of 32,0,2026-03-28,0,0,0,0,0,0,0,0,0,0,0,0,0,0,0,0,0,0,0,0,0
2026-chall-nottingham,Nottingham,C,Hard,20260105,Toby Samuel,Carl Emil Overbeck,6-2 6-4,Round of 32,0,2026-03-28,0,0,0,0,0,0,0,0,0,0,0,0,0,0,0,0,0,0,0,0,0
2026-chall-nottingham,Nottingham,C,Hard,20260105,Christoph Negritu,Dimitar Kuzmanov,6-4 1-6 7-5,Round of 32,0,2026-03-28,0,0,0,0,0,0,0,0,0,0,0,0,0,0,0,0,0,0,0,0,0
2026-chall-nottingham,Nottingham,C,Hard,20260105,Alexander Ritschard,Tiago Pereira,7-6 6-5,Round of 32,0,2026-03-28,0,0,0,0,0,0,0,0,0,0,0,0,0,0,0,0,0,0,0,0,0
2026-chall-nottingham,Nottingham,C,Hard,20260105,Stefan Kozlov,Tyler Zink,6-4 6-1,Round of 32,0,2026-03-28,0,0,0,0,0,0,0,0,0,0,0,0,0,0,0,0,0,0,0,0,0
2026-chall-nottingham,Nottingham,C,Hard,20260105,Tom Gentzsch,Mika Brunold,6-7 9-4 6-4,Round of 32,0,2026-03-28,0,0,0,0,0,0,0,0,0,0,0,0,0,0,0,0,0,0,0,0,0
2026-chall-nottingham,Nottingham,C,Hard,20260105,Liam Broady,Daniel Masur,6-3 4-6 6-3,Round of 32,0,2026-03-28,0,0,0,0,0,0,0,0,0,0,0,0,0,0,0,0,0,0,0,0,0
2026-chall-nottingham,Nottingham,C,Hard,20260105,Mathys Erhard,Robert Strombachs,7-6 3-5 7-6,Round of 32,0,2026-03-28,0,0,0,0,0,0,0,0,0,0,0,0,0,0,0,0,0,0,0,0,0
2026-chall-nottingham,Nottingham,C,Hard,20260105,Giles Hussey,Andrea Guerrieri,6-4 6-4,Round of 32,0,2026-03-28,0,0,0,0,0,0,0,0,0,0,0,0,0,0,0,0,0,0,0,0,0
2026-chall-nottingham,Nottingham,C,Hard,20260105,Cannon Kingsley,Henry Searle,6-4 6-1,Round of 32,0,2026-03-28,0,0,0,0,0,0,0,0,0,0,0,0,0,0,0,0,0,0,0,0,0
2026-chall-nottingham,Nottingham,C,Hard,20260105,Johannus Monday,Lui Maxted,4-6 7-6 6-5,Round of 32,0,2026-03-28,0,0,0,0,0,0,0,0,0,0,0,0,0,0,0,0,0,0,0,0,0
2026-chall-nottingham,Nottingham,C,Hard,20260105,Alastair Gray,Norbert Gombos,6-1 3-6 6-1,Round of 32,0,2026-03-28,0,0,0,0,0,0,0,0,0,0,0,0,0,0,0,0,0,0,0,0,0
2026-chall-nottingham,Nottingham,C,Hard,20260105,Charles Broom,Harry Wendelken,7-5 6-3,Round of 32,0,2026-03-28,0,0,0,0,0,0,0,0,0,0,0,0,0,0,0,0,0,0,0,0,0
2026-chall-nottingham,Nottingham,C,Hard,20260105,Paul Jubb,Adria Soriano Barrera,6-3 6-7 3-6 7-4,Round of 32,0,2026-03-28,0,0,0,0,0,0,0,0,0,0,0,0,0,0,0,0,0,0,0,0,0
2026-chall-nottingham,Nottingham,C,Hard,20260105,Martin Krumich,Sandro Kopp,6-1 6-2,Round of 32,0,2026-03-28,0,0,0,0,0,0,0,0,0,0,0,0,0,0,0,0,0,0,0,0,0
2026-chall-nottingham,Nottingham,C,Hard,20260105,Mikhail Kukushkin,Mae Malige,6-3 6-0,Round of 32,0,2026-03-28,0,0,0,0,0,0,0,0,0,0,0,0,0,0,0,0,0,0,0,0,0
2026-chall-nottingham,Nottingham,C,Hard,20260105,Andrea Guerrieri,Federico Arnaboldi,6-4 6-4,2nd Round Qualifying,0,2026-03-28,0,0,0,0,0,0,0,0,0,0,0,0,0,0,0,0,0,0,0,0,0
2026-chall-nottingham,Nottingham,C,Hard,20260105,Alexander Ritschard,Aidan McHugh,6-7 6-2 6-2,2nd Round Qualifying,0,2026-03-28,0,0,0,0,0,0,0,0,0,0,0,0,0,0,0,0,0,0,0,0,0
2026-chall-nottingham,Nottingham,C,Hard,20260105,Anton Matusevich,Max Wiskandt,6-0 7-6,2nd Round Qualifying,0,2026-03-28,0,0,0,0,0,0,0,0,0,0,0,0,0,0,0,0,0,0,0,0,0
2026-chall-nottingham,Nottingham,C,Hard,20260105,Daniel Masur,James Story,6-2 6-3,2nd Round Qualifying,0,2026-03-28,0,0,0,0,0,0,0,0,0,0,0,0,0,0,0,0,0,0,0,0,0
2026-chall-nottingham,Nottingham,C,Hard,20260105,Cannon Kingsley,Finn Murgett,6-2 6-7 6-3,2nd Round Qualifying,0,2026-03-28,0,0,0,0,0,0,0,0,0,0,0,0,0,0,0,0,0,0,0,0,0
2026-chall-nottingham,Nottingham,C,Hard,20260105,Carl Emil Overbeck,Ben Jones,7-6 6-3,2nd Round Qualifying,0,2026-03-28,0,0,0,0,0,0,0,0,0,0,0,0,0,0,0,0,0,0,0,0,0
2026-chall-nottingham,Nottingham,C,Hard,20260105,Daniel Masur,Denis Yevseyev,7-6 6-2,1st Round Qualifying,0,2026-03-28,0,0,0,0,0,0,0,0,0,0,0,0,0,0,0,0,0,0,0,0,0
2026-chall-nottingham,Nottingham,C,Hard,20260105,Federico Arnaboldi,Tommaso Compagnucci,6-2 6-3,1st Round Qualifying,0,2026-03-28,0,0,0,0,0,0,0,0,0,0,0,0,0,0,0,0,0,0,0,0,0
2026-chall-nottingham,Nottingham,C,Hard,20260105,Aidan McHugh,Joshua Sheehy,6-4 6-7 4-3,1st Round Qualifying,0,2026-03-28,0,0,0,0,0,0,0,0,0,0,0,0,0,0,0,0,0,0,0,0,0
2026-chall-nottingham,Nottingham,C,Hard,20260105,Ben Jones,Radu Albot,6-7 4-3 6-6 7-7,1st Round Qualifying,0,2026-03-28,0,0,0,0,0,0,0,0,0,0,0,0,0,0,0,0,0,0,0,0,0
2026-chall-nottingham,Nottingham,C,Hard,20260105,Cannon Kingsley,Milos Karol,4-6 7-6 6-2,1st Round Qualifying,0,2026-03-28,0,0,0,0,0,0,0,0,0,0,0,0,0,0,0,0,0,0,0,0,0
2026-chall-nottingham,Nottingham,C,Hard,20260105,Max Wiskandt,Patrick Brady,6-2 6-2,1st Round Qualifying,0,2026-03-28,0,0,0,0,0,0,0,0,0,0,0,0,0,0,0,0,0,0,0,0,0
2026-chall-nottingham,Nottingham,C,Hard,20260105,Finn Murgett,Andrew Fenty,6-0 7-5,1st Round Qualifying,0,2026-03-28,0,0,0,0,0,0,0,0,0,0,0,0,0,0,0,0,0,0,0,0,0
2026-chall-nottingham,Nottingham,C,Hard,20260105,James Story,Finn Bass,7-6 6-7,1st Round Qualifying,0,2026-03-28,0,0,0,0,0,0,0,0,0,0,0,0,0,0,0,0,0,0,0,0,0
2026-chall-nottingham,Nottingham,C,Hard,20260105,Carl Emil Overbeck,Pedro Vives Marcos,4-6 7-6 7-2,1st Round Qualifying,0,2026-03-28,0,0,0,0,0,0,0,0,0,0,0,0,0,0,0,0,0,0,0,0,0
2026-chall-nottingham,Nottingham,C,Hard,20260105,Anton Matusevich,Filip Peliwo,6-3 6-3,1st Round Qualifying,0,2026-03-28,0,0,0,0,0,0,0,0,0,0,0,0,0,0,0,0,0,0,0,0,0
2026-chall-nottingham,Nottingham,C,Hard,20260105,Alexander Ritschard,Nino Ehrenschneider,6-3 4-6 6-3,1st Round Qualifying,0,2026-03-28,0,0,0,0,0,0,0,0,0,0,0,0,0,0,0,0,0,0,0,0,0
2026-chall-nottingham,Nottingham,C,Hard,20260105,Andrea Guerrieri,Millen Hurrion,6-1 6-1,1st Round Qualifying,0,2026-03-28,0,0,0,0,0,0,0,0,0,0,0,0,0,0,0,0,0,0,0,0,0
2026-chall-buenos-aires,Buenos Aires,C,Hard,20260112,Franco Agamenone,Andrea Collarini,3-6 6-4 6-2,Final,0,2026-03-28,0,0,0,0,0,0,0,0,0,0,0,0,0,0,0,0,0,0,0,0,0
2026-chall-buenos-aires,Buenos Aires,C,Hard,20260112,Andrea Collarini,Juan Pablo Varillas,1-6 6-2 6-4,Semifinals,0,2026-03-28,0,0,0,0,0,0,0,0,0,0,0,0,0,0,0,0,0,0,0,0,0
2026-chall-buenos-aires,Buenos Aires,C,Hard,20260112,Franco Agamenone,Murkel Dellien,6-4 7-5,Semifinals,0,2026-03-28,0,0,0,0,0,0,0,0,0,0,0,0,0,0,0,0,0,0,0,0,0
2026-chall-buenos-aires,Buenos Aires,C,Hard,20260112,Juan Pablo Varillas,Lautaro Midon,6-3 4-6 6-3,Quarterfinals,0,2026-03-28,0,0,0,0,0,0,0,0,0,0,0,0,0,0,0,0,0,0,0,0,0
2026-chall-buenos-aires,Buenos Aires,C,Hard,20260112,Andrea Collarini,Pedro Boscardin Dias,6-4 6-2,Quarterfinals,0,2026-03-28,0,0,0,0,0,0,0,0,0,0,0,0,0,0,0,0,0,0,0,0,0
2026-chall-buenos-aires,Buenos Aires,C,Hard,20260112,Murkel Dellien,Nikolas Sanchez Izquierdo,6-3 5-7 6-3,Quarterfinals,0,2026-03-28,0,0,0,0,0,0,0,0,0,0,0,0,0,0,0,0,0,0,0,0,0
2026-chall-buenos-aires,Buenos Aires,C,Hard,20260112,Franco Agamenone,Juan Manuel La Serna,7-6 6-5,Quarterfinals,0,2026-03-28,0,0,0,0,0,0,0,0,0,0,0,0,0,0,0,0,0,0,0,0,0
2026-chall-buenos-aires,Buenos Aires,C,Hard,20260112,Juan Manuel La Serna,Santiago Rodriguez Taverna,7-6 6-3,Round of 16,0,2026-03-28,0,0,0,0,0,0,0,0,0,0,0,0,0,0,0,0,0,0,0,0,0
2026-chall-buenos-aires,Buenos Aires,C,Hard,20260112,Lautaro Midon,Stefan Palosi,6-3 6-2,Round of 16,0,2026-03-28,0,0,0,0,0,0,0,0,0,0,0,0,0,0,0,0,0,0,0,0,0
2026-chall-buenos-aires,Buenos Aires,C,Hard,20260112,Andrea Collarini,Lucio Ratti,6-4 6-2,Round of 16,0,2026-03-28,0,0,0,0,0,0,0,0,0,0,0,0,0,0,0,0,0,0,0,0,0
2026-chall-buenos-aires,Buenos Aires,C,Hard,20260112,Murkel Dellien,Maximo Zeitune,6-0 3-6 6-1,Round of 16,0,2026-03-28,0,0,0,0,0,0,0,0,0,0,0,0,0,0,0,0,0,0,0,0,0
2026-chall-buenos-aires,Buenos Aires,C,Hard,20260112,Juan Pablo Varillas,Pedro Sakamoto,6-4,Round of 16,0,2026-03-28,0,0,0,0,0,0,0,0,0,0,0,0,0,0,0,0,0,0,0,0,0
2026-chall-buenos-aires,Buenos Aires,C,Hard,20260112,Pedro Boscardin Dias,Juan Estevez,4-6 7-6 6-2,Round of 16,0,2026-03-28,0,0,0,0,0,0,0,0,0,0,0,0,0,0,0,0,0,0,0,0,0
2026-chall-buenos-aires,Buenos Aires,C,Hard,20260112,Franco Agamenone,Matheus Pucinelli De Almeida,6-4 6-2,Round of 16,0,2026-03-28,0,0,0,0,0,0,0,0,0,0,0,0,0,0,0,0,0,0,0,0,0
2026-chall-buenos-aires,Buenos Aires,C,Hard,20260112,Nikolas Sanchez Izquierdo,Daniel Dutra da Silva,6-2 3-1,Round of 16,0,2026-03-28,0,0,0,0,0,0,0,0,0,0,0,0,0,0,0,0,0,0,0,0,0
2026-chall-buenos-aires,Buenos Aires,C,Hard,20260112,Santiago Rodriguez Taverna,Adrian Boitan,5-7 7-5 1-0,Round of 32,0,2026-03-28,0,0,0,0,0,0,0,0,0,0,0,0,0,0,0,0,0,0,0,0,0
2026-chall-buenos-aires,Buenos Aires,C,Hard,20260112,Lautaro Midon,Wilson Leite,6-2 3-6 6-2,Round of 32,0,2026-03-28,0,0,0,0,0,0,0,0,0,0,0,0,0,0,0,0,0,0,0,0,0
2026-chall-buenos-aires,Buenos Aires,C,Hard,20260112,Andrea Collarini,Luciano Emanuel Ambrogi,6-4 6-1,Round of 32,0,2026-03-28,0,0,0,0,0,0,0,0,0,0,0,0,0,0,0,0,0,0,0,0,0
2026-chall-buenos-aires,Buenos Aires,C,Hard,20260112,Murkel Dellien,Joaquin Aguilar Cardozo,6-3 2-6 6-4,Round of 32,0,2026-03-28,0,0,0,0,0,0,0,0,0,0,0,0,0,0,0,0,0,0,0,0,0
2026-chall-buenos-aires,Buenos Aires,C,Hard,20260112,Daniel Dutra da Silva,Nicolas Kicker,6-3 6-4,Round of 32,0,2026-03-28,0,0,0,0,0,0,0,0,0,0,0,0,0,0,0,0,0,0,0,0,0
2026-chall-buenos-aires,Buenos Aires,C,Hard,20260112,Pedro Boscardin Dias,Valerio Aboian,7-6 7-4,Round of 32,0,2026-03-28,0,0,0,0,0,0,0,0,0,0,0,0,0,0,0,0,0,0,0,0,0
2026-chall-buenos-aires,Buenos Aires,C,Hard,20260112,Franco Agamenone,Bruno Kuzuhara,6-2 6-3,Round of 32,0,2026-03-28,0,0,0,0,0,0,0,0,0,0,0,0,0,0,0,0,0,0,0,0,0
2026-chall-buenos-aires,Buenos Aires,C,Hard,20260112,Juan Estevez,Guido Ivan Justo,7-6 6-2,Round of 32,0,2026-03-28,0,0,0,0,0,0,0,0,0,0,0,0,0,0,0,0,0,0,0,0,0
2026-chall-buenos-aires,Buenos Aires,C,Hard,20260112,Stefan Palosi,Lorenzo Joaquin Rodriguez,6-2 7-5,Round of 32,0,2026-03-28,0,0,0,0,0,0,0,0,0,0,0,0,0,0,0,0,0,0,0,0,0
2026-chall-buenos-aires,Buenos Aires,C,Hard,20260112,Lucio Ratti,Dante Pagani,6-4 6-2,Round of 32,0,2026-03-28,0,0,0,0,0,0,0,0,0,0,0,0,0,0,0,0,0,0,0,0,0
2026-chall-buenos-aires,Buenos Aires,C,Hard,20260112,Maximo Zeitune,Alexis Gurmendi,3-6 6-2 3-2,Round of 32,0,2026-03-28,0,0,0,0,0,0,0,0,0,0,0,0,0,0,0,0,0,0,0,0,0
2026-chall-buenos-aires,Buenos Aires,C,Hard,20260112,Juan Pablo Varillas,Gonzalo Villanueva,6-4 6-3,Round of 32,0,2026-03-28,0,0,0,0,0,0,0,0,0,0,0,0,0,0,0,0,0,0,0,0,0
2026-chall-buenos-aires,Buenos Aires,C,Hard,20260112,Matheus Pucinelli De Almeida,Mateus Alves,7-6 7-1,Round of 32,0,2026-03-28,0,0,0,0,0,0,0,0,0,0,0,0,0,0,0,0,0,0,0,0,0
2026-chall-buenos-aires,Buenos Aires,C,Hard,20260112,Juan Manuel La Serna,Juan Bautista Torres,6-3 2-6 6-4,Round of 32,0,2026-03-28,0,0,0,0,0,0,0,0,0,0,0,0,0,0,0,0,0,0,0,0,0
2026-chall-buenos-aires,Buenos Aires,C,Hard,20260112,Pedro Sakamoto,Renzo Olivo,6-4 1-0,Round of 32,0,2026-03-28,0,0,0,0,0,0,0,0,0,0,0,0,0,0,0,0,0,0,0,0,0
2026-chall-buenos-aires,Buenos Aires,C,Hard,20260112,Nikolas Sanchez Izquierdo,Joao Eduardo Schiessl,3-6 6-2 6-2,Round of 32,0,2026-03-28,0,0,0,0,0,0,0,0,0,0,0,0,0,0,0,0,0,0,0,0,0
2026-chall-buenos-aires,Buenos Aires,C,Hard,20260112,Juan Estevez,Ignacio Monzon,7-6 6-2,2nd Round Qualifying,0,2026-03-28,0,0,0,0,0,0,0,0,0,0,0,0,0,0,0,0,0,0,0,0,0
2026-chall-buenos-aires,Buenos Aires,C,Hard,20260112,Stefan Palosi,Ezequiel Monferrer,7-5 6-2,2nd Round Qualifying,0,2026-03-28,0,0,0,0,0,0,0,0,0,0,0,0,0,0,0,0,0,0,0,0,0
2026-chall-buenos-aires,Buenos Aires,C,Hard,20260112,Valerio Aboian,Juan Bautista Otegui,4-6 6-4 6-4,2nd Round Qualifying,0,2026-03-28,0,0,0,0,0,0,0,0,0,0,0,0,0,0,0,0,0,0,0,0,0
2026-chall-buenos-aires,Buenos Aires,C,Hard,20260112,Wilson Leite,Bruno Kuzuhara,7-6 3-2 6-6,2nd Round Qualifying,0,2026-03-28,0,0,0,0,0,0,0,0,0,0,0,0,0,0,0,0,0,0,0,0,0
2026-chall-buenos-aires,Buenos Aires,C,Hard,20260112,Lucio Ratti,Sebastian Gima,4-6 7-6 6-6,2nd Round Qualifying,0,2026-03-28,0,0,0,0,0,0,0,0,0,0,0,0,0,0,0,0,0,0,0,0,0
2026-chall-buenos-aires,Buenos Aires,C,Hard,20260112,Joaquin Aguilar Cardozo,Juan Carlos Aguilar,6-1 6-2,2nd Round Qualifying,0,2026-03-28,0,0,0,0,0,0,0,0,0,0,0,0,0,0,0,0,0,0,0,0,0
2026-chall-buenos-aires,Buenos Aires,C,Hard,20260112,Juan Estevez,Valentin Guadagno,6-2 6-1,1st Round Qualifying,0,2026-03-28,0,0,0,0,0,0,0,0,0,0,0,0,0,0,0,0,0,0,0,0,0
2026-chall-buenos-aires,Buenos Aires,C,Hard,20260112,Stefan Palosi,Thiago Agustin Pernas,6-3 6-4,1st Round Qualifying,0,2026-03-28,0,0,0,0,0,0,0,0,0,0,0,0,0,0,0,0,0,0,0,0,0
2026-chall-buenos-aires,Buenos Aires,C,Hard,20260112,Valerio Aboian,Nicolas Garcia Longo,5-7 7-5 4-1,1st Round Qualifying,0,2026-03-28,0,0,0,0,0,0,0,0,0,0,0,0,0,0,0,0,0,0,0,0,0
2026-chall-buenos-aires,Buenos Aires,C,Hard,20260112,Bruno Kuzuhara,Tomas Martinez,7-6 6-4,1st Round Qualifying,0,2026-03-28,0,0,0,0,0,0,0,0,0,0,0,0,0,0,0,0,0,0,0,0,0
2026-chall-buenos-aires,Buenos Aires,C,Hard,20260112,Sebastian Gima,Brandon Perez,6-3 6-0,1st Round Qualifying,0,2026-03-28,0,0,0,0,0,0,0,0,0,0,0,0,0,0,0,0,0,0,0,0,0
2026-chall-buenos-aires,Buenos Aires,C,Hard,20260112,Joaquin Aguilar Cardozo,Christopher Li,6-1 6-7 5-1,1st Round Qualifying,0,2026-03-28,0,0,0,0,0,0,0,0,0,0,0,0,0,0,0,0,0,0,0,0,0
2026-chall-buenos-aires,Buenos Aires,C,Hard,20260112,Juan Carlos Aguilar,Thiago Cigarran,7-6 6-17,1st Round Qualifying,0,2026-03-28,0,0,0,0,0,0,0,0,0,0,0,0,0,0,0,0,0,0,0,0,0
2026-chall-buenos-aires,Buenos Aires,C,Hard,20260112,Lucio Ratti,Arklon Huertas Del Pino Cordova,6-3 4-1,1st Round Qualifying,0,2026-03-28,0,0,0,0,0,0,0,0,0,0,0,0,0,0,0,0,0,0,0,0,0
2026-chall-buenos-aires,Buenos Aires,C,Hard,20260112,Juan Bautista Otegui,Juan Cruz Martin Manzano,6-2 6-1,1st Round Qualifying,0,2026-03-28,0,0,0,0,0,0,0,0,0,0,0,0,0,0,0,0,0,0,0,0,0
2026-chall-buenos-aires,Buenos Aires,C,Hard,20260112,Ignacio Monzon,Joel Navarro,6-1 6-4,1st Round Qualifying,0,2026-03-28,0,0,0,0,0,0,0,0,0,0,0,0,0,0,0,0,0,0,0,0,0
2026-chall-buenos-aires,Buenos Aires,C,Hard,20260112,Ezequiel Monferrer,Tomas Farjat,7-6 6-7,1st Round Qualifying,0,2026-03-28,0,0,0,0,0,0,0,0,0,0,0,0,0,0,0,0,0,0,0,0,0
2026-chall-buenos-aires,Buenos Aires,C,Hard,20260112,Wilson Leite,Noah Schachter,4-6 6-3 6-3,1st Round Qualifying,0,2026-03-28,0,0,0,0,0,0,0,0,0,0,0,0,0,0,0,0,0,0,0,0,0
2026-chall-glasgow,Glasgow,C,Hard,20260112,Clement Chidekh,Mikhail Kukushkin,5-7 6-1 4-0,Final,0,2026-03-28,0,0,0,0,0,0,0,0,0,0,0,0,0,0,0,0,0,0,0,0,0
2026-chall-glasgow,Glasgow,C,Hard,20260112,Clement Chidekh,Norbert Gombos,6-3 6-7 8-4,Semifinals,0,2026-03-28,0,0,0,0,0,0,0,0,0,0,0,0,0,0,0,0,0,0,0,0,0
2026-chall-glasgow,Glasgow,C,Hard,20260112,Mikhail Kukushkin,Hynek Barton,6-4 7-6,Semifinals,0,2026-03-28,0,0,0,0,0,0,0,0,0,0,0,0,0,0,0,0,0,0,0,0,0
2026-chall-glasgow,Glasgow,C,Hard,20260112,Hynek Barton,Johannus Monday,7-6 6-2,Quarterfinals,0,2026-03-28,0,0,0,0,0,0,0,0,0,0,0,0,0,0,0,0,0,0,0,0,0
2026-chall-glasgow,Glasgow,C,Hard,20260112,Clement Chidekh,Charles Broom,6-4 6-3,Quarterfinals,0,2026-03-28,0,0,0,0,0,0,0,0,0,0,0,0,0,0,0,0,0,0,0,0,0
2026-chall-glasgow,Glasgow,C,Hard,20260112,Norbert Gombos,Liam Broady,6-2 3-6 6-1,Quarterfinals,0,2026-03-28,0,0,0,0,0,0,0,0,0,0,0,0,0,0,0,0,0,0,0,0,0
2026-chall-glasgow,Glasgow,C,Hard,20260112,Mikhail Kukushkin,Tom Gentzsch,6-2 6-4,Quarterfinals,0,2026-03-28,0,0,0,0,0,0,0,0,0,0,0,0,0,0,0,0,0,0,0,0,0
2026-chall-glasgow,Glasgow,C,Hard,20260112,Johannus Monday,Alastair Gray,7-6 7-3,Round of 16,0,2026-03-28,0,0,0,0,0,0,0,0,0,0,0,0,0,0,0,0,0,0,0,0,0
2026-chall-glasgow,Glasgow,C,Hard,20260112,Clement Chidekh,Daniel Masur,7-6 5-5 7-7,Round of 16,0,2026-03-28,0,0,0,0,0,0,0,0,0,0,0,0,0,0,0,0,0,0,0,0,0
2026-chall-glasgow,Glasgow,C,Hard,20260112,Mikhail Kukushkin,Remy Bertola,6-1 6-2,Round of 16,0,2026-03-28,0,0,0,0,0,0,0,0,0,0,0,0,0,0,0,0,0,0,0,0,0
2026-chall-glasgow,Glasgow,C,Hard,20260112,Liam Broady,Dimitar Kuzmanov,7-6 6-3 6-7 6-2,Round of 16,0,2026-03-28,0,0,0,0,0,0,0,0,0,0,0,0,0,0,0,0,0,0,0,0,0
2026-chall-glasgow,Glasgow,C,Hard,20260112,Charles Broom,Henri Squire,6-4 7-6,Round of 16,0,2026-03-28,0,0,0,0,0,0,0,0,0,0,0,0,0,0,0,0,0,0,0,0,0
2026-chall-glasgow,Glasgow,C,Hard,20260112,Hynek Barton,Denis Yevseyev,6-2 6-2,Round of 16,0,2026-03-28,0,0,0,0,0,0,0,0,0,0,0,0,0,0,0,0,0,0,0,0,0
2026-chall-glasgow,Glasgow,C,Hard,20260112,Tom Gentzsch,Marvin Moeller,7-5 6-2,Round of 16,0,2026-03-28,0,0,0,0,0,0,0,0,0,0,0,0,0,0,0,0,0,0,0,0,0
2026-chall-glasgow,Glasgow,C,Hard,20260112,Norbert Gombos,Harry Wendelken,6-3 7-6,Round of 16,0,2026-03-28,0,0,0,0,0,0,0,0,0,0,0,0,0,0,0,0,0,0,0,0,0
2026-chall-glasgow,Glasgow,C,Hard,20260112,Johannus Monday,Martin Krumich,6-3 6-7 3-3,Round of 32,0,2026-03-28,0,0,0,0,0,0,0,0,0,0,0,0,0,0,0,0,0,0,0,0,0
2026-chall-glasgow,Glasgow,C,Hard,20260112,Clement Chidekh,Henry Searle,7-6 6-7,Round of 32,0,2026-03-28,0,0,0,0,0,0,0,0,0,0,0,0,0,0,0,0,0,0,0,0,0
2026-chall-glasgow,Glasgow,C,Hard,20260112,Marvin Moeller,Frederico Ferreira Silva,6-3 1-0,Round of 32,0,2026-03-28,0,0,0,0,0,0,0,0,0,0,0,0,0,0,0,0,0,0,0,0,0
2026-chall-glasgow,Glasgow,C,Hard,20260112,Denis Yevseyev,Tiago Pereira,6-4 6-2,Round of 32,0,2026-03-28,0,0,0,0,0,0,0,0,0,0,0,0,0,0,0,0,0,0,0,0,0
2026-chall-glasgow,Glasgow,C,Hard,20260112,Henri Squire,Lui Maxted,6-1 3-6 6-3,Round of 32,0,2026-03-28,0,0,0,0,0,0,0,0,0,0,0,0,0,0,0,0,0,0,0,0,0
2026-chall-glasgow,Glasgow,C,Hard,20260112,Hynek Barton,Mathys Erhard,7-6 6-12,Round of 32,0,2026-03-28,0,0,0,0,0,0,0,0,0,0,0,0,0,0,0,0,0,0,0,0,0
2026-chall-glasgow,Glasgow,C,Hard,20260112,Tom Gentzsch,Carl Emil Overbeck,7-6 6-2,Round of 32,0,2026-03-28,0,0,0,0,0,0,0,0,0,0,0,0,0,0,0,0,0,0,0,0,0
2026-chall-glasgow,Glasgow,C,Hard,20260112,Alastair Gray,Giles Hussey,6-3 6-4,Round of 32,0,2026-03-28,0,0,0,0,0,0,0,0,0,0,0,0,0,0,0,0,0,0,0,0,0
2026-chall-glasgow,Glasgow,C,Hard,20260112,Daniel Masur,Milos Karol,7-6 7-9,Round of 32,0,2026-03-28,0,0,0,0,0,0,0,0,0,0,0,0,0,0,0,0,0,0,0,0,0
2026-chall-glasgow,Glasgow,C,Hard,20260112,Harry Wendelken,Stefan Kozlov,6-1 3-6 6-4,Round of 32,0,2026-03-28,0,0,0,0,0,0,0,0,0,0,0,0,0,0,0,0,0,0,0,0,0
2026-chall-glasgow,Glasgow,C,Hard,20260112,Remy Bertola,Sandro Kopp,4-6 6-3 7-6,Round of 32,0,2026-03-28,0,0,0,0,0,0,0,0,0,0,0,0,0,0,0,0,0,0,0,0,0
2026-chall-glasgow,Glasgow,C,Hard,20260112,Dimitar Kuzmanov,Paul Jubb,6-2 6-3,Round of 32,0,2026-03-28,0,0,0,0,0,0,0,0,0,0,0,0,0,0,0,0,0,0,0,0,0
2026-chall-glasgow,Glasgow,C,Hard,20260112,Norbert Gombos,Edas Butvilas,7-5 3-6 6-3,Round of 32,0,2026-03-28,0,0,0,0,0,0,0,0,0,0,0,0,0,0,0,0,0,0,0,0,0
2026-chall-glasgow,Glasgow,C,Hard,20260112,Liam Broady,Miguel Damas,6-0 6-0,Round of 32,0,2026-03-28,0,0,0,0,0,0,0,0,0,0,0,0,0,0,0,0,0,0,0,0,0
2026-chall-glasgow,Glasgow,C,Hard,20260112,Charles Broom,Christoph Negritu,6-7 3-4 6-6 7-3,Round of 32,0,2026-03-28,0,0,0,0,0,0,0,0,0,0,0,0,0,0,0,0,0,0,0,0,0
2026-chall-glasgow,Glasgow,C,Hard,20260112,Mikhail Kukushkin,Adria Soriano Barrera,6-2 7-6,Round of 32,0,2026-03-28,0,0,0,0,0,0,0,0,0,0,0,0,0,0,0,0,0,0,0,0,0
2026-chall-glasgow,Glasgow,C,Hard,20260112,Martin Krumich,Andrea Guerrieri,6-4 6-4,2nd Round Qualifying,0,2026-03-28,0,0,0,0,0,0,0,0,0,0,0,0,0,0,0,0,0,0,0,0,0
2026-chall-glasgow,Glasgow,C,Hard,20260112,Henry Searle,Marcus Walters,6-4 7-5,2nd Round Qualifying,0,2026-03-28,0,0,0,0,0,0,0,0,0,0,0,0,0,0,0,0,0,0,0,0,0
2026-chall-glasgow,Glasgow,C,Hard,20260112,Daniel Masur,Denis Yevseyev,7-5 6-3,2nd Round Qualifying,0,2026-03-28,0,0,0,0,0,0,0,0,0,0,0,0,0,0,0,0,0,0,0,0,0
2026-chall-glasgow,Glasgow,C,Hard,20260112,Marvin Moeller,Robert Strombachs,6-7 3-2 6-3,2nd Round Qualifying,0,2026-03-28,0,0,0,0,0,0,0,0,0,0,0,0,0,0,0,0,0,0,0,0,0
2026-chall-glasgow,Glasgow,C,Hard,20260112,Milos Karol,Maks Kasnikowski,7-6 2-7 6-6,2nd Round Qualifying,0,2026-03-28,0,0,0,0,0,0,0,0,0,0,0,0,0,0,0,0,0,0,0,0,0
2026-chall-glasgow,Glasgow,C,Hard,20260112,Carl Emil Overbeck,Ben Jones,4-6 7-6 7-4,2nd Round Qualifying,0,2026-03-28,0,0,0,0,0,0,0,0,0,0,0,0,0,0,0,0,0,0,0,0,0
2026-chall-glasgow,Glasgow,C,Hard,20260112,Martin Krumich,Filip Peliwo,6-7 5-2 6-3,1st Round Qualifying,0,2026-03-28,0,0,0,0,0,0,0,0,0,0,0,0,0,0,0,0,0,0,0,0,0
2026-chall-glasgow,Glasgow,C,Hard,20260112,Henry Searle,Ryan Nijboer,6-2 3-6 6-3,1st Round Qualifying,0,2026-03-28,0,0,0,0,0,0,0,0,0,0,0,0,0,0,0,0,0,0,0,0,0
2026-chall-glasgow,Glasgow,C,Hard,20260112,Ben Jones,Federico Arnaboldi,7-6 4-5 6-6,1st Round Qualifying,0,2026-03-28,0,0,0,0,0,0,0,0,0,0,0,0,0,0,0,0,0,0,0,0,0
2026-chall-glasgow,Glasgow,C,Hard,20260112,Denis Yevseyev,Finn Bass,2-6 6-1 6-1,1st Round Qualifying,0,2026-03-28,0,0,0,0,0,0,0,0,0,0,0,0,0,0,0,0,0,0,0,0,0
2026-chall-glasgow,Glasgow,C,Hard,20260112,Robert Strombachs,Anton Matusevich,7-6 6-3,1st Round Qualifying,0,2026-03-28,0,0,0,0,0,0,0,0,0,0,0,0,0,0,0,0,0,0,0,0,0
2026-chall-glasgow,Glasgow,C,Hard,20260112,Maks Kasnikowski,Matthew Summers,6-4 6-3,1st Round Qualifying,0,2026-03-28,0,0,0,0,0,0,0,0,0,0,0,0,0,0,0,0,0,0,0,0,0
2026-chall-glasgow,Glasgow,C,Hard,20260112,Marcus Walters,Radu Albot,6-3 7-5,1st Round Qualifying,0,2026-03-28,0,0,0,0,0,0,0,0,0,0,0,0,0,0,0,0,0,0,0,0,0
2026-chall-glasgow,Glasgow,C,Hard,20260112,Milos Karol,James Story,6-2 6-4,1st Round Qualifying,0,2026-03-28,0,0,0,0,0,0,0,0,0,0,0,0,0,0,0,0,0,0,0,0,0
2026-chall-glasgow,Glasgow,C,Hard,20260112,Andrea Guerrieri,Mae Malige,7-6 6-3,1st Round Qualifying,0,2026-03-28,0,0,0,0,0,0,0,0,0,0,0,0,0,0,0,0,0,0,0,0,0
2026-chall-glasgow,Glasgow,C,Hard,20260112,Carl Emil Overbeck,Buvaysar Gadamauri,6-4 2-6 6-4,1st Round Qualifying,0,2026-03-28,0,0,0,0,0,0,0,0,0,0,0,0,0,0,0,0,0,0,0,0,0
2026-chall-glasgow,Glasgow,C,Hard,20260112,Marvin Moeller,Max Wiskandt,6-4 6-4,1st Round Qualifying,0,2026-03-28,0,0,0,0,0,0,0,0,0,0,0,0,0,0,0,0,0,0,0,0,0
2026-chall-glasgow,Glasgow,C,Hard,20260112,Daniel Masur,Andrew Fenty,6-4 3-6 6-4,1st Round Qualifying,0,2026-03-28,0,0,0,0,0,0,0,0,0,0,0,0,0,0,0,0,0,0,0,0,0
2026-chall-oeiras,Oeiras,C,Hard,20260101,Chris Rodesch,Daniil Glinka,6-3 7-5,Final,0,2026-03-28,0,0,0,0,0,0,0,0,0,0,0,0,0,0,0,0,0,0,0,0,0
2026-chall-oeiras,Oeiras,C,Hard,20260101,Daniil Glinka,Frederico Ferreira Silva,4-6 7-5 6-4,Semifinals,0,2026-03-28,0,0,0,0,0,0,0,0,0,0,0,0,0,0,0,0,0,0,0,0,0
2026-chall-oeiras,Oeiras,C,Hard,20260101,Chris Rodesch,Alexis Galarneau,6-4 6-4,Semifinals,0,2026-03-28,0,0,0,0,0,0,0,0,0,0,0,0,0,0,0,0,0,0,0,0,0
2026-chall-oeiras,Oeiras,C,Hard,20260101,Alexis Galarneau,Jaime Faria,7-5 7-6,Quarterfinals,0,2026-03-28,0,0,0,0,0,0,0,0,0,0,0,0,0,0,0,0,0,0,0,0,0
2026-chall-oeiras,Oeiras,C,Hard,20260101,Frederico Ferreira Silva,Ivan Gakhov,6-3 6-4,Quarterfinals,0,2026-03-28,0,0,0,0,0,0,0,0,0,0,0,0,0,0,0,0,0,0,0,0,0
2026-chall-oeiras,Oeiras,C,Hard,20260101,Daniil Glinka,Pablo Llamas Ruiz,6-2 3-6 7-6,Quarterfinals,0,2026-03-28,0,0,0,0,0,0,0,0,0,0,0,0,0,0,0,0,0,0,0,0,0
2026-chall-oeiras,Oeiras,C,Hard,20260101,Chris Rodesch,Inaki Montes-De La Torre,6-4 6-4,Quarterfinals,0,2026-03-28,0,0,0,0,0,0,0,0,0,0,0,0,0,0,0,0,0,0,0,0,0
2026-chall-oeiras,Oeiras,C,Hard,20260101,Jaime Faria,Diego Dedura,6-3 7-5,Round of 16,0,2026-03-28,0,0,0,0,0,0,0,0,0,0,0,0,0,0,0,0,0,0,0,0,0
2026-chall-oeiras,Oeiras,C,Hard,20260101,Alexis Galarneau,August Holmgren,6-4 4-6 7-5,Round of 16,0,2026-03-28,0,0,0,0,0,0,0,0,0,0,0,0,0,0,0,0,0,0,0,0,0
2026-chall-oeiras,Oeiras,C,Hard,20260101,Inaki Montes-De La Torre,Mathys Erhard,6-3 6-3,Round of 16,0,2026-03-28,0,0,0,0,0,0,0,0,0,0,0,0,0,0,0,0,0,0,0,0,0
2026-chall-oeiras,Oeiras,C,Hard,20260101,Chris Rodesch,Tiago Torres,,Round of 16,0,2026-03-28,0,0,0,0,0,0,0,0,0,0,0,0,0,0,0,0,0,0,0,0,0
2026-chall-oeiras,Oeiras,C,Hard,20260101,Frederico Ferreira Silva,Vilius Gaubas,5-7 7-6 7-4,Round of 16,0,2026-03-28,0,0,0,0,0,0,0,0,0,0,0,0,0,0,0,0,0,0,0,0,0
2026-chall-oeiras,Oeiras,C,Hard,20260101,Ivan Gakhov,Mats Rosenkranz,6-4 7-6,Round of 16,0,2026-03-28,0,0,0,0,0,0,0,0,0,0,0,0,0,0,0,0,0,0,0,0,0
2026-chall-oeiras,Oeiras,C,Hard,20260101,Daniil Glinka,Mikhail Kukushkin,6-3 6-4,Round of 16,0,2026-03-28,0,0,0,0,0,0,0,0,0,0,0,0,0,0,0,0,0,0,0,0,0
2026-chall-oeiras,Oeiras,C,Hard,20260101,Pablo Llamas Ruiz,Alejandro Moro Canas,7-5 6-1,Round of 16,0,2026-03-28,0,0,0,0,0,0,0,0,0,0,0,0,0,0,0,0,0,0,0,0,0
2026-chall-oeiras,Oeiras,C,Hard,20260101,Chris Rodesch,Elmer Moller,6-3,Round of 32,0,2026-03-28,0,0,0,0,0,0,0,0,0,0,0,0,0,0,0,0,0,0,0,0,0
2026-chall-oeiras,Oeiras,C,Hard,20260101,Vilius Gaubas,Martin Damm,6-7 4-3 6-6 7-3,Round of 32,0,2026-03-28,0,0,0,0,0,0,0,0,0,0,0,0,0,0,0,0,0,0,0,0,0
2026-chall-oeiras,Oeiras,C,Hard,20260101,Mikhail Kukushkin,Martin Landaluce,6-2 6-1,Round of 32,0,2026-03-28,0,0,0,0,0,0,0,0,0,0,0,0,0,0,0,0,0,0,0,0,0
2026-chall-oeiras,Oeiras,C,Hard,20260101,Jaime Faria,Tiago Pereira,4-6 6-3 6-4,Round of 32,0,2026-03-28,0,0,0,0,0,0,0,0,0,0,0,0,0,0,0,0,0,0,0,0,0
2026-chall-oeiras,Oeiras,C,Hard,20260101,Inaki Montes-De La Torre,Zdenek Kolar,7-6 7-4,Round of 32,0,2026-03-28,0,0,0,0,0,0,0,0,0,0,0,0,0,0,0,0,0,0,0,0,0
2026-chall-oeiras,Oeiras,C,Hard,20260101,Diego Dedura,Calvin Hemery,6-4 2-6 6-3,Round of 32,0,2026-03-28,0,0,0,0,0,0,0,0,0,0,0,0,0,0,0,0,0,0,0,0,0
2026-chall-oeiras,Oeiras,C,Hard,20260101,Mathys Erhard,Kaichi Uchida,7-6 6-4,Round of 32,0,2026-03-28,0,0,0,0,0,0,0,0,0,0,0,0,0,0,0,0,0,0,0,0,0
2026-chall-oeiras,Oeiras,C,Hard,20260101,Frederico Ferreira Silva,Juan Carlos Prado Angelo,6-2 6-3,Round of 32,0,2026-03-28,0,0,0,0,0,0,0,0,0,0,0,0,0,0,0,0,0,0,0,0,0
2026-chall-oeiras,Oeiras,C,Hard,20260101,Alexis Galarneau,Jerome Kym,6-2 6-2,Round of 32,0,2026-03-28,0,0,0,0,0,0,0,0,0,0,0,0,0,0,0,0,0,0,0,0,0
2026-chall-oeiras,Oeiras,C,Hard,20260101,Daniil Glinka,Gastao Elias,6-2 6-4,Round of 32,0,2026-03-28,0,0,0,0,0,0,0,0,0,0,0,0,0,0,0,0,0,0,0,0,0
2026-chall-oeiras,Oeiras,C,Hard,20260101,August Holmgren,Adria Soriano Barrera,7-6 6-4,Round of 32,0,2026-03-28,0,0,0,0,0,0,0,0,0,0,0,0,0,0,0,0,0,0,0,0,0
2026-chall-oeiras,Oeiras,C,Hard,20260101,Mats Rosenkranz,Andres Andrade,6-1 6-2,Round of 32,0,2026-03-28,0,0,0,0,0,0,0,0,0,0,0,0,0,0,0,0,0,0,0,0,0
2026-chall-oeiras,Oeiras,C,Hard,20260101,Tiago Torres,Petr Brunclik,7-5 0-6 7-6,Round of 32,0,2026-03-28,0,0,0,0,0,0,0,0,0,0,0,0,0,0,0,0,0,0,0,0,0
2026-chall-oeiras,Oeiras,C,Hard,20260101,Alejandro Moro Canas,Henrique Rocha,3-6 6-4 6-4,Round of 32,0,2026-03-28,0,0,0,0,0,0,0,0,0,0,0,0,0,0,0,0,0,0,0,0,0
2026-chall-oeiras,Oeiras,C,Hard,20260101,Ivan Gakhov,Jurij Rodionov,7-5 6-3,Round of 32,0,2026-03-28,0,0,0,0,0,0,0,0,0,0,0,0,0,0,0,0,0,0,0,0,0
2026-chall-oeiras,Oeiras,C,Hard,20260101,Pablo Llamas Ruiz,Patrick Zahraj,6-3 6-2,Round of 32,0,2026-03-28,0,0,0,0,0,0,0,0,0,0,0,0,0,0,0,0,0,0,0,0,0
2026-chall-oeiras,Oeiras,C,Hard,20260101,Mikhail Kukushkin,Denis Yevseyev,6-4 6-1,2nd Round Qualifying,0,2026-03-28,0,0,0,0,0,0,0,0,0,0,0,0,0,0,0,0,0,0,0,0,0
2026-chall-oeiras,Oeiras,C,Hard,20260101,Andres Andrade,Adria Soriano Barrera,6-2 7-6,2nd Round Qualifying,0,2026-03-28,0,0,0,0,0,0,0,0,0,0,0,0,0,0,0,0,0,0,0,0,0
2026-chall-oeiras,Oeiras,C,Hard,20260101,Mats Rosenkranz,Andrea Guerrieri,6-3 6-2,2nd Round Qualifying,0,2026-03-28,0,0,0,0,0,0,0,0,0,0,0,0,0,0,0,0,0,0,0,0,0
2026-chall-oeiras,Oeiras,C,Hard,20260101,Diego Dedura,Digvijaypratap Singh,6-0 6-1,2nd Round Qualifying,0,2026-03-28,0,0,0,0,0,0,0,0,0,0,0,0,0,0,0,0,0,0,0,0,0
2026-chall-oeiras,Oeiras,C,Hard,20260101,Mathys Erhard,Eero Vasa,3-6 7-5 6-0,2nd Round Qualifying,0,2026-03-28,0,0,0,0,0,0,0,0,0,0,0,0,0,0,0,0,0,0,0,0,0
2026-chall-oeiras,Oeiras,C,Hard,20260101,Inaki Montes-De La Torre,Michael Vrbensky,6-2 6-3,2nd Round Qualifying,0,2026-03-28,0,0,0,0,0,0,0,0,0,0,0,0,0,0,0,0,0,0,0,0,0
2026-chall-oeiras,Oeiras,C,Hard,20260101,Mikhail Kukushkin,Daniel Batista,6-1 6-0,1st Round Qualifying,0,2026-03-28,0,0,0,0,0,0,0,0,0,0,0,0,0,0,0,0,0,0,0,0,0
2026-chall-oeiras,Oeiras,C,Hard,20260101,Andres Andrade,Tomas Serrano Luis,7-5 6-2,1st Round Qualifying,0,2026-03-28,0,0,0,0,0,0,0,0,0,0,0,0,0,0,0,0,0,0,0,0,0
2026-chall-oeiras,Oeiras,C,Hard,20260101,Digvijaypratap Singh,Abdullah Shelbayh,7-6,1st Round Qualifying,0,2026-03-28,0,0,0,0,0,0,0,0,0,0,0,0,0,0,0,0,0,0,0,0,0
2026-chall-oeiras,Oeiras,C,Hard,20260101,Michael Vrbensky,Jacopo Berrettini,2-6 7-6 6-6,1st Round Qualifying,0,2026-03-28,0,0,0,0,0,0,0,0,0,0,0,0,0,0,0,0,0,0,0,0,0
2026-chall-oeiras,Oeiras,C,Hard,20260101,Andrea Guerrieri,Alastair Gray,6-4 6-4,1st Round Qualifying,0,2026-03-28,0,0,0,0,0,0,0,0,0,0,0,0,0,0,0,0,0,0,0,0,0
2026-chall-oeiras,Oeiras,C,Hard,20260101,Eero Vasa,Miguel Damas,6-4 6-2,1st Round Qualifying,0,2026-03-28,0,0,0,0,0,0,0,0,0,0,0,0,0,0,0,0,0,0,0,0,0
2026-chall-oeiras,Oeiras,C,Hard,20260101,Mats Rosenkranz,Pietro Fellin,4-6 6-4 6-3,1st Round Qualifying,0,2026-03-28,0,0,0,0,0,0,0,0,0,0,0,0,0,0,0,0,0,0,0,0,0
2026-chall-oeiras,Oeiras,C,Hard,20260101,Diego Dedura,Joao Silva,6-3 6-3,1st Round Qualifying,0,2026-03-28,0,0,0,0,0,0,0,0,0,0,0,0,0,0,0,0,0,0,0,0,0
2026-chall-oeiras,Oeiras,C,Hard,20260101,Mathys Erhard,Francisco Rocha,7-5 7-6,1st Round Qualifying,0,2026-03-28,0,0,0,0,0,0,0,0,0,0,0,0,0,0,0,0,0,0,0,0,0
2026-chall-oeiras,Oeiras,C,Hard,20260101,Adria Soriano Barrera,Tiago Cacao,6-3 7-6,1st Round Qualifying,0,2026-03-28,0,0,0,0,0,0,0,0,0,0,0,0,0,0,0,0,0,0,0,0,0
2026-chall-oeiras,Oeiras,C,Hard,20260101,Denis Yevseyev,Alexander Donski,6-2 6-2,1st Round Qualifying,0,2026-03-28,0,0,0,0,0,0,0,0,0,0,0,0,0,0,0,0,0,0,0,0,0
2026-chall-oeiras,Oeiras,C,Hard,20260101,Inaki Montes-De La Torre,Michal Krajci,6-1 6-2,1st Round Qualifying,0,2026-03-28,0,0,0,0,0,0,0,0,0,0,0,0,0,0,0,0,0,0,0,0,0
2026-chall-itajai,Itajai,C,Hard,20260119,Adolfo Daniel Vallejo,Thiago Seyboth Wild,7-5 4-6 6-2,Final,0,2026-03-28,0,0,0,0,0,0,0,0,0,0,0,0,0,0,0,0,0,0,0,0,0
2026-chall-itajai,Itajai,C,Hard,20260119,Adolfo Daniel Vallejo,Nikolas Sanchez Izquierdo,6-4 6-1,Semifinals,0,2026-03-28,0,0,0,0,0,0,0,0,0,0,0,0,0,0,0,0,0,0,0,0,0
2026-chall-itajai,Itajai,C,Hard,20260119,Thiago Seyboth Wild,Alex Barrena,6-1 6-0,Semifinals,0,2026-03-28,0,0,0,0,0,0,0,0,0,0,0,0,0,0,0,0,0,0,0,0,0
2026-chall-itajai,Itajai,C,Hard,20260119,Adolfo Daniel Vallejo,Thiago Monteiro,6-2 4-6 6-3,Quarterfinals,0,2026-03-28,0,0,0,0,0,0,0,0,0,0,0,0,0,0,0,0,0,0,0,0,0
2026-chall-itajai,Itajai,C,Hard,20260119,Alex Barrena,Gonzalo Bueno,6-4 6-3,Quarterfinals,0,2026-03-28,0,0,0,0,0,0,0,0,0,0,0,0,0,0,0,0,0,0,0,0,0
2026-chall-itajai,Itajai,C,Hard,20260119,Thiago Seyboth Wild,Igor Marcondes,6-2 6-4,Quarterfinals,0,2026-03-28,0,0,0,0,0,0,0,0,0,0,0,0,0,0,0,0,0,0,0,0,0
2026-chall-itajai,Itajai,C,Hard,20260119,Nikolas Sanchez Izquierdo,Stefan Palosi,6-2 6-3,Quarterfinals,0,2026-03-28,0,0,0,0,0,0,0,0,0,0,0,0,0,0,0,0,0,0,0,0,0
2026-chall-itajai,Itajai,C,Hard,20260119,Alex Barrena,Adrian Boitan,6-4 7-5,Round of 16,0,2026-03-28,0,0,0,0,0,0,0,0,0,0,0,0,0,0,0,0,0,0,0,0,0
2026-chall-itajai,Itajai,C,Hard,20260119,Stefan Palosi,Alvaro Guillen Meza,6-2 7-6,Round of 16,0,2026-03-28,0,0,0,0,0,0,0,0,0,0,0,0,0,0,0,0,0,0,0,0,0
2026-chall-itajai,Itajai,C,Hard,20260119,Gonzalo Bueno,Guido Ivan Justo,6-3 0-6 6-2,Round of 16,0,2026-03-28,0,0,0,0,0,0,0,0,0,0,0,0,0,0,0,0,0,0,0,0,0
2026-chall-itajai,Itajai,C,Hard,20260119,Nikolas Sanchez Izquierdo,Juan Manuel La Serna,6-4 6-1,Round of 16,0,2026-03-28,0,0,0,0,0,0,0,0,0,0,0,0,0,0,0,0,0,0,0,0,0
2026-chall-itajai,Itajai,C,Hard,20260119,Igor Marcondes,Hugo Dellien,6-4 6-2,Round of 16,0,2026-03-28,0,0,0,0,0,0,0,0,0,0,0,0,0,0,0,0,0,0,0,0,0
2026-chall-itajai,Itajai,C,Hard,20260119,Adolfo Daniel Vallejo,Eduardo Ribeiro,6-3 6-2,Round of 16,0,2026-03-28,0,0,0,0,0,0,0,0,0,0,0,0,0,0,0,0,0,0,0,0,0
2026-chall-itajai,Itajai,C,Hard,20260119,Thiago Monteiro,Franco Agamenone,6-2 6-4,Round of 16,0,2026-03-28,0,0,0,0,0,0,0,0,0,0,0,0,0,0,0,0,0,0,0,0,0
2026-chall-itajai,Itajai,C,Hard,20260119,Thiago Seyboth Wild,Genaro Alberto Olivieri,7-5 6-2,Round of 16,0,2026-03-28,0,0,0,0,0,0,0,0,0,0,0,0,0,0,0,0,0,0,0,0,0
2026-chall-itajai,Itajai,C,Hard,20260119,Adolfo Daniel Vallejo,Marco Cecchinato,6-1 6-0,Round of 32,0,2026-03-28,0,0,0,0,0,0,0,0,0,0,0,0,0,0,0,0,0,0,0,0,0
2026-chall-itajai,Itajai,C,Hard,20260119,Alex Barrena,Gonzalo Villanueva,6-4 6-2,Round of 32,0,2026-03-28,0,0,0,0,0,0,0,0,0,0,0,0,0,0,0,0,0,0,0,0,0
2026-chall-itajai,Itajai,C,Hard,20260119,Alvaro Guillen Meza,Nicolas Kicker,6-3 6-2,Round of 32,0,2026-03-28,0,0,0,0,0,0,0,0,0,0,0,0,0,0,0,0,0,0,0,0,0
2026-chall-itajai,Itajai,C,Hard,20260119,Nikolas Sanchez Izquierdo,Joao Lucas Reis Da Silva,6-4 6-2,Round of 32,0,2026-03-28,0,0,0,0,0,0,0,0,0,0,0,0,0,0,0,0,0,0,0,0,0
2026-chall-itajai,Itajai,C,Hard,20260119,Gonzalo Bueno,Mateus Alves,4-6 6-2 6-2,Round of 32,0,2026-03-28,0,0,0,0,0,0,0,0,0,0,0,0,0,0,0,0,0,0,0,0,0
2026-chall-itajai,Itajai,C,Hard,20260119,Thiago Seyboth Wild,Lautaro Midon,6-3 6-4,Round of 32,0,2026-03-28,0,0,0,0,0,0,0,0,0,0,0,0,0,0,0,0,0,0,0,0,0
2026-chall-itajai,Itajai,C,Hard,20260119,Franco Agamenone,Juan Pablo Varillas,7-6 6-5,Round of 32,0,2026-03-28,0,0,0,0,0,0,0,0,0,0,0,0,0,0,0,0,0,0,0,0,0
2026-chall-itajai,Itajai,C,Hard,20260119,Adrian Boitan,Andrea Collarini,1-6 6-2 6-3,Round of 32,0,2026-03-28,0,0,0,0,0,0,0,0,0,0,0,0,0,0,0,0,0,0,0,0,0
2026-chall-itajai,Itajai,C,Hard,20260119,Guido Ivan Justo,Juan Bautista Torres,7-6 6-4,Round of 32,0,2026-03-28,0,0,0,0,0,0,0,0,0,0,0,0,0,0,0,0,0,0,0,0,0
2026-chall-itajai,Itajai,C,Hard,20260119,Juan Manuel La Serna,Daniel Dutra da Silva,6-0 7-5,Round of 32,0,2026-03-28,0,0,0,0,0,0,0,0,0,0,0,0,0,0,0,0,0,0,0,0,0
2026-chall-itajai,Itajai,C,Hard,20260119,Stefan Palosi,Murkel Dellien,6-2 2-6 6-4,Round of 32,0,2026-03-28,0,0,0,0,0,0,0,0,0,0,0,0,0,0,0,0,0,0,0,0,0
2026-chall-itajai,Itajai,C,Hard,20260119,Eduardo Ribeiro,Juan Estevez,7-5 6-2,Round of 32,0,2026-03-28,0,0,0,0,0,0,0,0,0,0,0,0,0,0,0,0,0,0,0,0,0
2026-chall-itajai,Itajai,C,Hard,20260119,Hugo Dellien,Matheus Pucinelli De Almeida,6-4 4-6 7-6,Round of 32,0,2026-03-28,0,0,0,0,0,0,0,0,0,0,0,0,0,0,0,0,0,0,0,0,0
2026-chall-itajai,Itajai,C,Hard,20260119,Thiago Monteiro,Joao Eduardo Schiessl,6-2 6-2,Round of 32,0,2026-03-28,0,0,0,0,0,0,0,0,0,0,0,0,0,0,0,0,0,0,0,0,0
2026-chall-itajai,Itajai,C,Hard,20260119,Igor Marcondes,Felipe Meligeni Alves,6-1 6-2,Round of 32,0,2026-03-28,0,0,0,0,0,0,0,0,0,0,0,0,0,0,0,0,0,0,0,0,0
2026-chall-itajai,Itajai,C,Hard,20260119,Genaro Alberto Olivieri,Pedro Boscardin Dias,7-6 6-2,Round of 32,0,2026-03-28,0,0,0,0,0,0,0,0,0,0,0,0,0,0,0,0,0,0,0,0,0
2026-chall-itajai,Itajai,C,Hard,20260119,Juan Bautista Torres,Federico Zeballos,6-3 6-2,2nd Round Qualifying,0,2026-03-28,0,0,0,0,0,0,0,0,0,0,0,0,0,0,0,0,0,0,0,0,0
2026-chall-itajai,Itajai,C,Hard,20260119,Guido Ivan Justo,Arklon Huertas Del Pino Cordova,7-6 6-5 2-7 6-2,2nd Round Qualifying,0,2026-03-28,0,0,0,0,0,0,0,0,0,0,0,0,0,0,0,0,0,0,0,0,0
2026-chall-itajai,Itajai,C,Hard,20260119,Juan Manuel La Serna,Boris Arias,6-2 6-1,2nd Round Qualifying,0,2026-03-28,0,0,0,0,0,0,0,0,0,0,0,0,0,0,0,0,0,0,0,0,0
2026-chall-itajai,Itajai,C,Hard,20260119,Mateus Alves,Lucio Ratti,6-4 6-4,2nd Round Qualifying,0,2026-03-28,0,0,0,0,0,0,0,0,0,0,0,0,0,0,0,0,0,0,0,0,0
2026-chall-itajai,Itajai,C,Hard,20260119,Juan Estevez,Bruno Kuzuhara,6-4 7-6,2nd Round Qualifying,0,2026-03-28,0,0,0,0,0,0,0,0,0,0,0,0,0,0,0,0,0,0,0,0,0
2026-chall-itajai,Itajai,C,Hard,20260119,Stefan Palosi,Nicolas Zanellato,7-5 7-5,2nd Round Qualifying,0,2026-03-28,0,0,0,0,0,0,0,0,0,0,0,0,0,0,0,0,0,0,0,0,0
2026-chall-itajai,Itajai,C,Hard,20260119,Juan Bautista Torres,Enzo Camargo Lima,6-2 6-4,1st Round Qualifying,0,2026-03-28,0,0,0,0,0,0,0,0,0,0,0,0,0,0,0,0,0,0,0,0,0
2026-chall-itajai,Itajai,C,Hard,20260119,Guido Ivan Justo,Kaue Noatto,6-1 6-2,1st Round Qualifying,0,2026-03-28,0,0,0,0,0,0,0,0,0,0,0,0,0,0,0,0,0,0,0,0,0
2026-chall-itajai,Itajai,C,Hard,20260119,Juan Manuel La Serna,Gustavo Albieri,6-1 6-0,1st Round Qualifying,0,2026-03-28,0,0,0,0,0,0,0,0,0,0,0,0,0,0,0,0,0,0,0,0,0
2026-chall-itajai,Itajai,C,Hard,20260119,Mateus Alves,Carlos Eduardo Lino,6-1 6-2,1st Round Qualifying,0,2026-03-28,0,0,0,0,0,0,0,0,0,0,0,0,0,0,0,0,0,0,0,0,0
2026-chall-itajai,Itajai,C,Hard,20260119,Juan Estevez,Gabriel Schenekenberg,6-0 6-0,1st Round Qualifying,0,2026-03-28,0,0,0,0,0,0,0,0,0,0,0,0,0,0,0,0,0,0,0,0,0
2026-chall-itajai,Itajai,C,Hard,20260119,Stefan Palosi,Brandon Perez,2-6 6-3 6-3,1st Round Qualifying,0,2026-03-28,0,0,0,0,0,0,0,0,0,0,0,0,0,0,0,0,0,0,0,0,0
2026-chall-itajai,Itajai,C,Hard,20260119,Bruno Kuzuhara,Tsz Fu Wong,6-3 6-1,1st Round Qualifying,0,2026-03-28,0,0,0,0,0,0,0,0,0,0,0,0,0,0,0,0,0,0,0,0,0
2026-chall-itajai,Itajai,C,Hard,20260119,Lucio Ratti,Ryan Augusto Dos Santos,6-1 6-2,1st Round Qualifying,0,2026-03-28,0,0,0,0,0,0,0,0,0,0,0,0,0,0,0,0,0,0,0,0,0
2026-chall-itajai,Itajai,C,Hard,20260119,Nicolas Zanellato,Natan Rodrigues,6-2 6-2,1st Round Qualifying,0,2026-03-28,0,0,0,0,0,0,0,0,0,0,0,0,0,0,0,0,0,0,0,0,0
2026-chall-itajai,Itajai,C,Hard,20260119,Boris Arias,Wilson Leite,,1st Round Qualifying,0,2026-03-28,0,0,0,0,0,0,0,0,0,0,0,0,0,0,0,0,0,0,0,0,0
2026-chall-itajai,Itajai,C,Hard,20260119,Arklon Huertas Del Pino Cordova,Marcelo Zormann,,1st Round Qualifying,0,2026-03-28,0,0,0,0,0,0,0,0,0,0,0,0,0,0,0,0,0,0,0,0,0
2026-chall-itajai,Itajai,C,Hard,20260119,Federico Zeballos,Juan Carlos Aguilar,,1st Round Qualifying,0,2026-03-28,0,0,0,0,0,0,0,0,0,0,0,0,0,0,0,0,0,0,0,0,0
2026-chall-soma-bay,Soma Bay,C,Hard,20260119,Lloyd Harris,Jack Pinnington Jones,6-1 5-2,Final,0,2026-03-28,0,0,0,0,0,0,0,0,0,0,0,0,0,0,0,0,0,0,0,0,0
2026-chall-soma-bay,Soma Bay,C,Hard,20260119,Jack Pinnington Jones,Borna Gojo,7-6 6-5,Semifinals,0,2026-03-28,0,0,0,0,0,0,0,0,0,0,0,0,0,0,0,0,0,0,0,0,0
2026-chall-soma-bay,Soma Bay,C,Hard,20260119,Lloyd Harris,Edas Butvilas,6-7 2-5 7-3,Semifinals,0,2026-03-28,0,0,0,0,0,0,0,0,0,0,0,0,0,0,0,0,0,0,0,0,0
2026-chall-soma-bay,Soma Bay,C,Hard,20260119,Jack Pinnington Jones,Patrick Zahraj,6-1 6-2,Quarterfinals,0,2026-03-28,0,0,0,0,0,0,0,0,0,0,0,0,0,0,0,0,0,0,0,0,0
2026-chall-soma-bay,Soma Bay,C,Hard,20260119,Lloyd Harris,Maxim Mrva,6-3 5-7 6-2,Quarterfinals,0,2026-03-28,0,0,0,0,0,0,0,0,0,0,0,0,0,0,0,0,0,0,0,0,0
2026-chall-soma-bay,Soma Bay,C,Hard,20260119,Borna Gojo,Lukas Neumayer,5-7 7-5 6-3,Quarterfinals,0,2026-03-28,0,0,0,0,0,0,0,0,0,0,0,0,0,0,0,0,0,0,0,0,0
2026-chall-soma-bay,Soma Bay,C,Hard,20260119,Edas Butvilas,Rodrigo Pacheco Mendez,6-1 6-4,Quarterfinals,0,2026-03-28,0,0,0,0,0,0,0,0,0,0,0,0,0,0,0,0,0,0,0,0,0
2026-chall-soma-bay,Soma Bay,C,Hard,20260119,Lloyd Harris,Michael Geerts,6-1 6-7 5-1,Round of 16,0,2026-03-28,0,0,0,0,0,0,0,0,0,0,0,0,0,0,0,0,0,0,0,0,0
2026-chall-soma-bay,Soma Bay,C,Hard,20260119,Rodrigo Pacheco Mendez,Ergi Kirkin,7-5 6-4,Round of 16,0,2026-03-28,0,0,0,0,0,0,0,0,0,0,0,0,0,0,0,0,0,0,0,0,0
2026-chall-soma-bay,Soma Bay,C,Hard,20260119,Edas Butvilas,Duje Ajdukovic,6-1 7-6,Round of 16,0,2026-03-28,0,0,0,0,0,0,0,0,0,0,0,0,0,0,0,0,0,0,0,0,0
2026-chall-soma-bay,Soma Bay,C,Hard,20260119,Maxim Mrva,Geoffrey Blancaneaux,6-2 6-4,Round of 16,0,2026-03-28,0,0,0,0,0,0,0,0,0,0,0,0,0,0,0,0,0,0,0,0,0
2026-chall-soma-bay,Soma Bay,C,Hard,20260119,Jack Pinnington Jones,Viktor Durasovic,6-1 6-4,Round of 16,0,2026-03-28,0,0,0,0,0,0,0,0,0,0,0,0,0,0,0,0,0,0,0,0,0
2026-chall-soma-bay,Soma Bay,C,Hard,20260119,Lukas Neumayer,Michael Bassem Sobhy,6-1 7-6,Round of 16,0,2026-03-28,0,0,0,0,0,0,0,0,0,0,0,0,0,0,0,0,0,0,0,0,0
2026-chall-soma-bay,Soma Bay,C,Hard,20260119,Borna Gojo,Joel Schwaerzler,6-4 6-1,Round of 16,0,2026-03-28,0,0,0,0,0,0,0,0,0,0,0,0,0,0,0,0,0,0,0,0,0
2026-chall-soma-bay,Soma Bay,C,Hard,20260119,Patrick Zahraj,Kimmer Coppejans,7-6 6-4,Round of 16,0,2026-03-28,0,0,0,0,0,0,0,0,0,0,0,0,0,0,0,0,0,0,0,0,0
2026-chall-soma-bay,Soma Bay,C,Hard,20260119,Edas Butvilas,Guy Den Ouden,7-5 3-6 6-3,Round of 32,0,2026-03-28,0,0,0,0,0,0,0,0,0,0,0,0,0,0,0,0,0,0,0,0,0
2026-chall-soma-bay,Soma Bay,C,Hard,20260119,Geoffrey Blancaneaux,Lorenzo Giustino,6-2 6-1,Round of 32,0,2026-03-28,0,0,0,0,0,0,0,0,0,0,0,0,0,0,0,0,0,0,0,0,0
2026-chall-soma-bay,Soma Bay,C,Hard,20260119,Lloyd Harris,Saba Purtseladze,6-2 6-2,Round of 32,0,2026-03-28,0,0,0,0,0,0,0,0,0,0,0,0,0,0,0,0,0,0,0,0,0
2026-chall-soma-bay,Soma Bay,C,Hard,20260119,Kimmer Coppejans,Dmitry Popko,1-6 6-3 6-2,Round of 32,0,2026-03-28,0,0,0,0,0,0,0,0,0,0,0,0,0,0,0,0,0,0,0,0,0
2026-chall-soma-bay,Soma Bay,C,Hard,20260119,Lukas Neumayer,Dimitar Kuzmanov,6-4 6-0,Round of 32,0,2026-03-28,0,0,0,0,0,0,0,0,0,0,0,0,0,0,0,0,0,0,0,0,0
2026-chall-soma-bay,Soma Bay,C,Hard,20260119,Rodrigo Pacheco Mendez,Maxwell Mckennon,6-1 6-4,Round of 32,0,2026-03-28,0,0,0,0,0,0,0,0,0,0,0,0,0,0,0,0,0,0,0,0,0
2026-chall-soma-bay,Soma Bay,C,Hard,20260119,Duje Ajdukovic,Svyatoslav Gulin,7-5 1-6 7-6,Round of 32,0,2026-03-28,0,0,0,0,0,0,0,0,0,0,0,0,0,0,0,0,0,0,0,0,0
2026-chall-soma-bay,Soma Bay,C,Hard,20260119,Michael Bassem Sobhy,Sandro Kopp,6-4 3-6 6-3,Round of 32,0,2026-03-28,0,0,0,0,0,0,0,0,0,0,0,0,0,0,0,0,0,0,0,0,0
2026-chall-soma-bay,Soma Bay,C,Hard,20260119,Michael Geerts,Matteo Martineau,7-6 6-3,Round of 32,0,2026-03-28,0,0,0,0,0,0,0,0,0,0,0,0,0,0,0,0,0,0,0,0,0
2026-chall-soma-bay,Soma Bay,C,Hard,20260119,Ergi Kirkin,Thijs Boogaard,2-6 6-3 6-3,Round of 32,0,2026-03-28,0,0,0,0,0,0,0,0,0,0,0,0,0,0,0,0,0,0,0,0,0
2026-chall-soma-bay,Soma Bay,C,Hard,20260119,Maxim Mrva,Radu Albot,6-3 6-1,Round of 32,0,2026-03-28,0,0,0,0,0,0,0,0,0,0,0,0,0,0,0,0,0,0,0,0,0
2026-chall-soma-bay,Soma Bay,C,Hard,20260119,Joel Schwaerzler,Stefano Napolitano,3-6 7-6,Round of 32,0,2026-03-28,0,0,0,0,0,0,0,0,0,0,0,0,0,0,0,0,0,0,0,0,0
2026-chall-soma-bay,Soma Bay,C,Hard,20260119,Borna Gojo,Jay Clarke,6-1 6-4,Round of 32,0,2026-03-28,0,0,0,0,0,0,0,0,0,0,0,0,0,0,0,0,0,0,0,0,0
2026-chall-soma-bay,Soma Bay,C,Hard,20260119,Jack Pinnington Jones,Tom Gentzsch,6-1 7-6,Round of 32,0,2026-03-28,0,0,0,0,0,0,0,0,0,0,0,0,0,0,0,0,0,0,0,0,0
2026-chall-soma-bay,Soma Bay,C,Hard,20260119,Viktor Durasovic,Benoit Paire,4-6 6-3 6-1,Round of 32,0,2026-03-28,0,0,0,0,0,0,0,0,0,0,0,0,0,0,0,0,0,0,0,0,0
2026-chall-soma-bay,Soma Bay,C,Hard,20260119,Patrick Zahraj,Fares Zakaria,6-2 6-1,Round of 32,0,2026-03-28,0,0,0,0,0,0,0,0,0,0,0,0,0,0,0,0,0,0,0,0,0
2026-chall-soma-bay,Soma Bay,C,Hard,20260119,Stefano Napolitano,Alex Hernandez,6-4 7-6,2nd Round Qualifying,0,2026-03-28,0,0,0,0,0,0,0,0,0,0,0,0,0,0,0,0,0,0,0,0,0
2026-chall-soma-bay,Soma Bay,C,Hard,20260119,Radu Albot,Giovanni Fonio,4-6 6-1 6-4,2nd Round Qualifying,0,2026-03-28,0,0,0,0,0,0,0,0,0,0,0,0,0,0,0,0,0,0,0,0,0
2026-chall-soma-bay,Soma Bay,C,Hard,20260119,Svyatoslav Gulin,Alexander Binda,6-2 6-3,2nd Round Qualifying,0,2026-03-28,0,0,0,0,0,0,0,0,0,0,0,0,0,0,0,0,0,0,0,0,0
2026-chall-soma-bay,Soma Bay,C,Hard,20260119,Thijs Boogaard,Dali Blanch,6-4 6-4,2nd Round Qualifying,0,2026-03-28,0,0,0,0,0,0,0,0,0,0,0,0,0,0,0,0,0,0,0,0,0
2026-chall-soma-bay,Soma Bay,C,Hard,20260119,Ergi Kirkin,Zura Tkemaladze,6-2 6-1,2nd Round Qualifying,0,2026-03-28,0,0,0,0,0,0,0,0,0,0,0,0,0,0,0,0,0,0,0,0,0
2026-chall-soma-bay,Soma Bay,C,Hard,20260119,Maxwell Mckennon,Constantin Bittoun Kouzmine,7-6 7-2,2nd Round Qualifying,0,2026-03-28,0,0,0,0,0,0,0,0,0,0,0,0,0,0,0,0,0,0,0,0,0
2026-chall-soma-bay,Soma Bay,C,Hard,20260119,Constantin Bittoun Kouzmine,Dan Martin,6-4 4-6 6-2,1st Round Qualifying,0,2026-03-28,0,0,0,0,0,0,0,0,0,0,0,0,0,0,0,0,0,0,0,0,0
2026-chall-soma-bay,Soma Bay,C,Hard,20260119,Alex Hernandez,Niels McDonald,6-4 7-5,1st Round Qualifying,0,2026-03-28,0,0,0,0,0,0,0,0,0,0,0,0,0,0,0,0,0,0,0,0,0
2026-chall-soma-bay,Soma Bay,C,Hard,20260119,Zura Tkemaladze,Vadym Ursu,6-2 3-6 6-4,1st Round Qualifying,0,2026-03-28,0,0,0,0,0,0,0,0,0,0,0,0,0,0,0,0,0,0,0,0,0
2026-chall-soma-bay,Soma Bay,C,Hard,20260119,Radu Albot,Daniil Ostapenkov,4-6 6-2 6-3,1st Round Qualifying,0,2026-03-28,0,0,0,0,0,0,0,0,0,0,0,0,0,0,0,0,0,0,0,0,0
2026-chall-soma-bay,Soma Bay,C,Hard,20260119,Thijs Boogaard,Max Wiskandt,7-5 6-4,1st Round Qualifying,0,2026-03-28,0,0,0,0,0,0,0,0,0,0,0,0,0,0,0,0,0,0,0,0,0
2026-chall-soma-bay,Soma Bay,C,Hard,20260119,Alexander Binda,Sebastian Sorger,6-4 6-4,1st Round Qualifying,0,2026-03-28,0,0,0,0,0,0,0,0,0,0,0,0,0,0,0,0,0,0,0,0,0
2026-chall-soma-bay,Soma Bay,C,Hard,20260119,Stefano Napolitano,Filip Peliwo,6-4 6-3,1st Round Qualifying,0,2026-03-28,0,0,0,0,0,0,0,0,0,0,0,0,0,0,0,0,0,0,0,0,0
2026-chall-soma-bay,Soma Bay,C,Hard,20260119,Maxwell Mckennon,Yanki Erel,6-2 6-1,1st Round Qualifying,0,2026-03-28,0,0,0,0,0,0,0,0,0,0,0,0,0,0,0,0,0,0,0,0,0
2026-chall-soma-bay,Soma Bay,C,Hard,20260119,Dali Blanch,Michal Krajci,6-2 2-1,1st Round Qualifying,0,2026-03-28,0,0,0,0,0,0,0,0,0,0,0,0,0,0,0,0,0,0,0,0,0
2026-chall-soma-bay,Soma Bay,C,Hard,20260119,Ergi Kirkin,Gianmarco Ferrari,6-4 6-3,1st Round Qualifying,0,2026-03-28,0,0,0,0,0,0,0,0,0,0,0,0,0,0,0,0,0,0,0,0,0
2026-chall-soma-bay,Soma Bay,C,Hard,20260119,Svyatoslav Gulin,Kirill Kivattsev,6-2 6-2,1st Round Qualifying,0,2026-03-28,0,0,0,0,0,0,0,0,0,0,0,0,0,0,0,0,0,0,0,0,0
2026-chall-soma-bay,Soma Bay,C,Hard,20260119,Giovanni Fonio,Marko Miladinovic,6-2 6-2,1st Round Qualifying,0,2026-03-28,0,0,0,0,0,0,0,0,0,0,0,0,0,0,0,0,0,0,0,0,0
2026-chall-phan-thiet,Phan Thiet,C,Hard,20260101,Ilia Simakin,Yi Zhou,7-5 6-4,Final,0,2026-03-28,0,0,0,0,0,0,0,0,0,0,0,0,0,0,0,0,0,0,0,0,0
2026-chall-phan-thiet,Phan Thiet,C,Hard,20260101,Yi Zhou,Daniel Michalski,7-6,Semifinals,0,2026-03-28,0,0,0,0,0,0,0,0,0,0,0,0,0,0,0,0,0,0,0,0,0
2026-chall-phan-thiet,Phan Thiet,C,Hard,20260101,Ilia Simakin,Stefanos Sakellaridis,3-6 6-4 6-3,Semifinals,0,2026-03-28,0,0,0,0,0,0,0,0,0,0,0,0,0,0,0,0,0,0,0,0,0
2026-chall-phan-thiet,Phan Thiet,C,Hard,20260101,Yi Zhou,Yu Hsiou Hsu,7-6 6-4,Quarterfinals,0,2026-03-28,0,0,0,0,0,0,0,0,0,0,0,0,0,0,0,0,0,0,0,0,0
2026-chall-phan-thiet,Phan Thiet,C,Hard,20260101,Daniel Michalski,Florent Bax,6-2 6-4,Quarterfinals,0,2026-03-28,0,0,0,0,0,0,0,0,0,0,0,0,0,0,0,0,0,0,0,0,0
2026-chall-phan-thiet,Phan Thiet,C,Hard,20260101,Stefanos Sakellaridis,Pol Martin Tiffon,6-2 6-3,Quarterfinals,0,2026-03-28,0,0,0,0,0,0,0,0,0,0,0,0,0,0,0,0,0,0,0,0,0
2026-chall-phan-thiet,Phan Thiet,C,Hard,20260101,Ilia Simakin,Nikolai Barsukov,7-6 7-2,Quarterfinals,0,2026-03-28,0,0,0,0,0,0,0,0,0,0,0,0,0,0,0,0,0,0,0,0,0
2026-chall-phan-thiet,Phan Thiet,C,Hard,20260101,Daniel Michalski,Omar Jasika,6-4 1-6 6-1,Round of 16,0,2026-03-28,0,0,0,0,0,0,0,0,0,0,0,0,0,0,0,0,0,0,0,0,0
2026-chall-phan-thiet,Phan Thiet,C,Hard,20260101,Nikolai Barsukov,Sanhui Shin,6-1 6-3,Round of 16,0,2026-03-28,0,0,0,0,0,0,0,0,0,0,0,0,0,0,0,0,0,0,0,0,0
2026-chall-phan-thiet,Phan Thiet,C,Hard,20260101,Florent Bax,Marek Gengel,6-2 1-0,Round of 16,0,2026-03-28,0,0,0,0,0,0,0,0,0,0,0,0,0,0,0,0,0,0,0,0,0
2026-chall-phan-thiet,Phan Thiet,C,Hard,20260101,Ilia Simakin,Petr Bar Biryukov,4-6 6-4 6-2,Round of 16,0,2026-03-28,0,0,0,0,0,0,0,0,0,0,0,0,0,0,0,0,0,0,0,0,0
2026-chall-phan-thiet,Phan Thiet,C,Hard,20260101,Stefanos Sakellaridis,Gilles Arnaud Bailly,6-3 6-2,Round of 16,0,2026-03-28,0,0,0,0,0,0,0,0,0,0,0,0,0,0,0,0,0,0,0,0,0
2026-chall-phan-thiet,Phan Thiet,C,Hard,20260101,Yu Hsiou Hsu,Darwin Blanch,6-0 3-6 6-3,Round of 16,0,2026-03-28,0,0,0,0,0,0,0,0,0,0,0,0,0,0,0,0,0,0,0,0,0
2026-chall-phan-thiet,Phan Thiet,C,Hard,20260101,Yi Zhou,Corentin Denolly,6-1 7-6,Round of 16,0,2026-03-28,0,0,0,0,0,0,0,0,0,0,0,0,0,0,0,0,0,0,0,0,0
2026-chall-phan-thiet,Phan Thiet,C,Hard,20260101,Pol Martin Tiffon,Maximus Jones,6-2 6-2,Round of 16,0,2026-03-28,0,0,0,0,0,0,0,0,0,0,0,0,0,0,0,0,0,0,0,0,0
2026-chall-phan-thiet,Phan Thiet,C,Hard,20260101,Nikolai Barsukov,Federico Agustin Gomez,7-6 7-3,Round of 32,0,2026-03-28,0,0,0,0,0,0,0,0,0,0,0,0,0,0,0,0,0,0,0,0,0
2026-chall-phan-thiet,Phan Thiet,C,Hard,20260101,Marek Gengel,Oliver Crawford,1-6 6-1 6-1,Round of 32,0,2026-03-28,0,0,0,0,0,0,0,0,0,0,0,0,0,0,0,0,0,0,0,0,0
2026-chall-phan-thiet,Phan Thiet,C,Hard,20260101,Gilles Arnaud Bailly,Hayato Matsuoka,6-1 6-3,Round of 32,0,2026-03-28,0,0,0,0,0,0,0,0,0,0,0,0,0,0,0,0,0,0,0,0,0
2026-chall-phan-thiet,Phan Thiet,C,Hard,20260101,Yu Hsiou Hsu,Robin Bertrand,7-5 7-6,Round of 32,0,2026-03-28,0,0,0,0,0,0,0,0,0,0,0,0,0,0,0,0,0,0,0,0,0
2026-chall-phan-thiet,Phan Thiet,C,Hard,20260101,Ilia Simakin,Federico Cina,6-3 3-6 6-3,Round of 32,0,2026-03-28,0,0,0,0,0,0,0,0,0,0,0,0,0,0,0,0,0,0,0,0,0
2026-chall-phan-thiet,Phan Thiet,C,Hard,20260101,Daniel Michalski,Tim Handel,7-5 6-1,Round of 32,0,2026-03-28,0,0,0,0,0,0,0,0,0,0,0,0,0,0,0,0,0,0,0,0,0
2026-chall-phan-thiet,Phan Thiet,C,Hard,20260101,Petr Bar Biryukov,Michele Ribecai,6-4 6-2,Round of 32,0,2026-03-28,0,0,0,0,0,0,0,0,0,0,0,0,0,0,0,0,0,0,0,0,0
2026-chall-phan-thiet,Phan Thiet,C,Hard,20260101,Florent Bax,Fajing Sun,2-6 6-3 6-4,Round of 32,0,2026-03-28,0,0,0,0,0,0,0,0,0,0,0,0,0,0,0,0,0,0,0,0,0
2026-chall-phan-thiet,Phan Thiet,C,Hard,20260101,Darwin Blanch,Chase Ferguson,6-0 6-1,Round of 32,0,2026-03-28,0,0,0,0,0,0,0,0,0,0,0,0,0,0,0,0,0,0,0,0,0
2026-chall-phan-thiet,Phan Thiet,C,Hard,20260101,Omar Jasika,Lilian Marmousez,3-4,Round of 32,0,2026-03-28,0,0,0,0,0,0,0,0,0,0,0,0,0,0,0,0,0,0,0,0,0
2026-chall-phan-thiet,Phan Thiet,C,Hard,20260101,Stefanos Sakellaridis,Soonwoo Kwon,6-2 6-3,Round of 32,0,2026-03-28,0,0,0,0,0,0,0,0,0,0,0,0,0,0,0,0,0,0,0,0,0
2026-chall-phan-thiet,Phan Thiet,C,Hard,20260101,Sanhui Shin,David Jorda Sanchis,6-3 3-6 2-1,Round of 32,0,2026-03-28,0,0,0,0,0,0,0,0,0,0,0,0,0,0,0,0,0,0,0,0,0
2026-chall-phan-thiet,Phan Thiet,C,Hard,20260101,Yi Zhou,Jie Cui,6-3 7-6,Round of 32,0,2026-03-28,0,0,0,0,0,0,0,0,0,0,0,0,0,0,0,0,0,0,0,0,0
2026-chall-phan-thiet,Phan Thiet,C,Hard,20260101,Pol Martin Tiffon,Ha Minh Duc Vu,6-1 6-2,Round of 32,0,2026-03-28,0,0,0,0,0,0,0,0,0,0,0,0,0,0,0,0,0,0,0,0,0
2026-chall-phan-thiet,Phan Thiet,C,Hard,20260101,Corentin Denolly,Hyeon Chung,6-2 6-4,Round of 32,0,2026-03-28,0,0,0,0,0,0,0,0,0,0,0,0,0,0,0,0,0,0,0,0,0
2026-chall-phan-thiet,Phan Thiet,C,Hard,20260101,Maximus Jones,Marat Sharipov,6-3 7-6,Round of 32,0,2026-03-28,0,0,0,0,0,0,0,0,0,0,0,0,0,0,0,0,0,0,0,0,0
2026-chall-phan-thiet,Phan Thiet,C,Hard,20260101,Petr Bar Biryukov,Jake Delaney,6-3 3-6 6-3,2nd Round Qualifying,0,2026-03-28,0,0,0,0,0,0,0,0,0,0,0,0,0,0,0,0,0,0,0,0,0
2026-chall-phan-thiet,Phan Thiet,C,Hard,20260101,Marek Gengel,Hiroki Moriya,6-3 7-6,2nd Round Qualifying,0,2026-03-28,0,0,0,0,0,0,0,0,0,0,0,0,0,0,0,0,0,0,0,0,0
2026-chall-phan-thiet,Phan Thiet,C,Hard,20260101,David Jorda Sanchis,Moerani Bouzige,7-5 5-7 6-2,2nd Round Qualifying,0,2026-03-28,0,0,0,0,0,0,0,0,0,0,0,0,0,0,0,0,0,0,0,0,0
2026-chall-phan-thiet,Phan Thiet,C,Hard,20260101,Hayato Matsuoka,Matthew Dellavedova,6-3 6-1,2nd Round Qualifying,0,2026-03-28,0,0,0,0,0,0,0,0,0,0,0,0,0,0,0,0,0,0,0,0,0
2026-chall-phan-thiet,Phan Thiet,C,Hard,20260101,Michele Ribecai,Ethan Cook,6-1 3-6 6-2,2nd Round Qualifying,0,2026-03-28,0,0,0,0,0,0,0,0,0,0,0,0,0,0,0,0,0,0,0,0,0
2026-chall-phan-thiet,Phan Thiet,C,Hard,20260101,Chase Ferguson,Lorenzo Carboni,7-6 6-4,2nd Round Qualifying,0,2026-03-28,0,0,0,0,0,0,0,0,0,0,0,0,0,0,0,0,0,0,0,0,0
2026-chall-phan-thiet,Phan Thiet,C,Hard,20260101,Petr Bar Biryukov,Lachlan James Mcfadzean,6-4 6-3,1st Round Qualifying,0,2026-03-28,0,0,0,0,0,0,0,0,0,0,0,0,0,0,0,0,0,0,0,0,0
2026-chall-phan-thiet,Phan Thiet,C,Hard,20260101,Marek Gengel,JiSung Nam,6-3 6-4,1st Round Qualifying,0,2026-03-28,0,0,0,0,0,0,0,0,0,0,0,0,0,0,0,0,0,0,0,0,0
2026-chall-phan-thiet,Phan Thiet,C,Hard,20260101,David Jorda Sanchis,Thanh Minh Truong,6-1 6-2,1st Round Qualifying,0,2026-03-28,0,0,0,0,0,0,0,0,0,0,0,0,0,0,0,0,0,0,0,0,0
2026-chall-phan-thiet,Phan Thiet,C,Hard,20260101,Hayato Matsuoka,Uisung Park,7-6 6-4,1st Round Qualifying,0,2026-03-28,0,0,0,0,0,0,0,0,0,0,0,0,0,0,0,0,0,0,0,0,0
2026-chall-phan-thiet,Phan Thiet,C,Hard,20260101,Michele Ribecai,Joshua Charlton,6-3 6-4,1st Round Qualifying,0,2026-03-28,0,0,0,0,0,0,0,0,0,0,0,0,0,0,0,0,0,0,0,0,0
2026-chall-phan-thiet,Phan Thiet,C,Hard,20260101,Lorenzo Carboni,Kokoro Isomura,6-3 6-4,1st Round Qualifying,0,2026-03-28,0,0,0,0,0,0,0,0,0,0,0,0,0,0,0,0,0,0,0,0,0
2026-chall-phan-thiet,Phan Thiet,C,Hard,20260101,Chase Ferguson,Arthur Weber,6-4 6-4,1st Round Qualifying,0,2026-03-28,0,0,0,0,0,0,0,0,0,0,0,0,0,0,0,0,0,0,0,0,0
2026-chall-phan-thiet,Phan Thiet,C,Hard,20260101,Moerani Bouzige,Minh Phat Nguyen,6-0 6-3,1st Round Qualifying,0,2026-03-28,0,0,0,0,0,0,0,0,0,0,0,0,0,0,0,0,0,0,0,0,0
2026-chall-phan-thiet,Phan Thiet,C,Hard,20260101,Jake Delaney,Quoc Cuong Tran,7-5 6-3,1st Round Qualifying,0,2026-03-28,0,0,0,0,0,0,0,0,0,0,0,0,0,0,0,0,0,0,0,0,0
2026-chall-phan-thiet,Phan Thiet,C,Hard,20260101,Ethan Cook,Vladyslav Orlov,6-4 6-0,1st Round Qualifying,0,2026-03-28,0,0,0,0,0,0,0,0,0,0,0,0,0,0,0,0,0,0,0,0,0
2026-chall-phan-thiet,Phan Thiet,C,Hard,20260101,Hiroki Moriya,Justin Barki,6-3 6-4,1st Round Qualifying,0,2026-03-28,0,0,0,0,0,0,0,0,0,0,0,0,0,0,0,0,0,0,0,0,0
2026-chall-phan-thiet,Phan Thiet,C,Hard,20260101,Matthew Dellavedova,Ivan Marrero Curbelo,6-4 6-1,1st Round Qualifying,0,2026-03-28,0,0,0,0,0,0,0,0,0,0,0,0,0,0,0,0,0,0,0,0,0
2026-chall-manama,Manama,C,Hard,20260101,Kyrian Jacquet,Luca Nardi,7-5 3-6 6-4,Final,0,2026-03-28,0,0,0,0,0,0,0,0,0,0,0,0,0,0,0,0,0,0,0,0,0
2026-chall-manama,Manama,C,Hard,20260101,Kyrian Jacquet,Mattia Bellucci,6-7 9-4 6-6 7-6,Semifinals,0,2026-03-28,0,0,0,0,0,0,0,0,0,0,0,0,0,0,0,0,0,0,0,0,0
2026-chall-manama,Manama,C,Hard,20260101,Luca Nardi,Otto Virtanen,7-6 6-6,Semifinals,0,2026-03-28,0,0,0,0,0,0,0,0,0,0,0,0,0,0,0,0,0,0,0,0,0
2026-chall-manama,Manama,C,Hard,20260101,Mattia Bellucci,Thiago Agustin Tirante,6-4 6-4,Quarterfinals,0,2026-03-28,0,0,0,0,0,0,0,0,0,0,0,0,0,0,0,0,0,0,0,0,0
2026-chall-manama,Manama,C,Hard,20260101,Kyrian Jacquet,Jacob Fearnley,7-6 1-4 6-6,Quarterfinals,0,2026-03-28,0,0,0,0,0,0,0,0,0,0,0,0,0,0,0,0,0,0,0,0,0
2026-chall-manama,Manama,C,Hard,20260101,Luca Nardi,Ugo Blanchet,6-4 6-4,Quarterfinals,0,2026-03-28,0,0,0,0,0,0,0,0,0,0,0,0,0,0,0,0,0,0,0,0,0
2026-chall-manama,Manama,C,Hard,20260101,Otto Virtanen,Stefano Travaglia,6-4 7-5,Quarterfinals,0,2026-03-28,0,0,0,0,0,0,0,0,0,0,0,0,0,0,0,0,0,0,0,0,0
2026-chall-manama,Manama,C,Hard,20260101,Mattia Bellucci,Edas Butvilas,6-4 7-5,Round of 16,0,2026-03-28,0,0,0,0,0,0,0,0,0,0,0,0,0,0,0,0,0,0,0,0,0
2026-chall-manama,Manama,C,Hard,20260101,Jacob Fearnley,Lukas Pokorny,3-6 6-4 6-1,Round of 16,0,2026-03-28,0,0,0,0,0,0,0,0,0,0,0,0,0,0,0,0,0,0,0,0,0
2026-chall-manama,Manama,C,Hard,20260101,Kyrian Jacquet,Yannick Hanfmann,6-3 7-6,Round of 16,0,2026-03-28,0,0,0,0,0,0,0,0,0,0,0,0,0,0,0,0,0,0,0,0,0
2026-chall-manama,Manama,C,Hard,20260101,Thiago Agustin Tirante,Joel Schwaerzler,3-6 6-2 6-3,Round of 16,0,2026-03-28,0,0,0,0,0,0,0,0,0,0,0,0,0,0,0,0,0,0,0,0,0
2026-chall-manama,Manama,C,Hard,20260101,Luca Nardi,Nicolai Budkov Kjaer,6-3 6-0,Round of 16,0,2026-03-28,0,0,0,0,0,0,0,0,0,0,0,0,0,0,0,0,0,0,0,0,0
2026-chall-manama,Manama,C,Hard,20260101,Ugo Blanchet,Hugo Grenier,7-6 6-5,Round of 16,0,2026-03-28,0,0,0,0,0,0,0,0,0,0,0,0,0,0,0,0,0,0,0,0,0
2026-chall-manama,Manama,C,Hard,20260101,Stefano Travaglia,Coleman Wong,6-7 4-3 6-4,Round of 16,0,2026-03-28,0,0,0,0,0,0,0,0,0,0,0,0,0,0,0,0,0,0,0,0,0
2026-chall-manama,Manama,C,Hard,20260101,Otto Virtanen,Lorenzo Giustino,7-6 6-4,Round of 16,0,2026-03-28,0,0,0,0,0,0,0,0,0,0,0,0,0,0,0,0,0,0,0,0,0
2026-chall-manama,Manama,C,Hard,20260101,Ugo Blanchet,Alexei Popyrin,6-3 7-6,Round of 32,0,2026-03-28,0,0,0,0,0,0,0,0,0,0,0,0,0,0,0,0,0,0,0,0,0
2026-chall-manama,Manama,C,Hard,20260101,Mattia Bellucci,Yanki Erel,6-4 6-4,Round of 32,0,2026-03-28,0,0,0,0,0,0,0,0,0,0,0,0,0,0,0,0,0,0,0,0,0
2026-chall-manama,Manama,C,Hard,20260101,Yannick Hanfmann,Manas Dhamne,6-3 6-2,Round of 32,0,2026-03-28,0,0,0,0,0,0,0,0,0,0,0,0,0,0,0,0,0,0,0,0,0
2026-chall-manama,Manama,C,Hard,20260101,Luca Nardi,Rodrigo Pacheco Mendez,7-6 7-5,Round of 32,0,2026-03-28,0,0,0,0,0,0,0,0,0,0,0,0,0,0,0,0,0,0,0,0,0
2026-chall-manama,Manama,C,Hard,20260101,Stefano Travaglia,Shintaro Mochizuki,6-3 7-6,Round of 32,0,2026-03-28,0,0,0,0,0,0,0,0,0,0,0,0,0,0,0,0,0,0,0,0,0
2026-chall-manama,Manama,C,Hard,20260101,Nicolai Budkov Kjaer,Dimitar Kuzmanov,5-7 6-1 7-5,Round of 32,0,2026-03-28,0,0,0,0,0,0,0,0,0,0,0,0,0,0,0,0,0,0,0,0,0
2026-chall-manama,Manama,C,Hard,20260101,Edas Butvilas,Maxim Mrva,6-2 6-2,Round of 32,0,2026-03-28,0,0,0,0,0,0,0,0,0,0,0,0,0,0,0,0,0,0,0,0,0
2026-chall-manama,Manama,C,Hard,20260101,Hugo Grenier,Beibit Zhukayev,6-7 5-2 6-1,Round of 32,0,2026-03-28,0,0,0,0,0,0,0,0,0,0,0,0,0,0,0,0,0,0,0,0,0
2026-chall-manama,Manama,C,Hard,20260101,Lukas Pokorny,Guy Den Ouden,6-4 7-5,Round of 32,0,2026-03-28,0,0,0,0,0,0,0,0,0,0,0,0,0,0,0,0,0,0,0,0,0
2026-chall-manama,Manama,C,Hard,20260101,Joel Schwaerzler,Vadym Ursu,7-6 6-5,Round of 32,0,2026-03-28,0,0,0,0,0,0,0,0,0,0,0,0,0,0,0,0,0,0,0,0,0
2026-chall-manama,Manama,C,Hard,20260101,Jacob Fearnley,Lukas Neumayer,6-3 7-6,Round of 32,0,2026-03-28,0,0,0,0,0,0,0,0,0,0,0,0,0,0,0,0,0,0,0,0,0
2026-chall-manama,Manama,C,Hard,20260101,Lorenzo Giustino,Filip Misolic,7-6 7-5,Round of 32,0,2026-03-28,0,0,0,0,0,0,0,0,0,0,0,0,0,0,0,0,0,0,0,0,0
2026-chall-manama,Manama,C,Hard,20260101,Thiago Agustin Tirante,Geoffrey Blancaneaux,6-3 6-3,Round of 32,0,2026-03-28,0,0,0,0,0,0,0,0,0,0,0,0,0,0,0,0,0,0,0,0,0
2026-chall-manama,Manama,C,Hard,20260101,Kyrian Jacquet,Christopher O'Connell,6-3 6-1,Round of 32,0,2026-03-28,0,0,0,0,0,0,0,0,0,0,0,0,0,0,0,0,0,0,0,0,0
2026-chall-manama,Manama,C,Hard,20260101,Otto Virtanen,Zhizhen Zhang,4-6 7-6 7-12,Round of 32,0,2026-03-28,0,0,0,0,0,0,0,0,0,0,0,0,0,0,0,0,0,0,0,0,0
2026-chall-manama,Manama,C,Hard,20260101,Coleman Wong,Ryan Peniston,6-3 6-2,Round of 32,0,2026-03-28,0,0,0,0,0,0,0,0,0,0,0,0,0,0,0,0,0,0,0,0,0
2026-chall-manama,Manama,C,Hard,20260101,Vadym Ursu,Beibit Zhukayev,6-3 6-0,2nd Round Qualifying,0,2026-03-28,0,0,0,0,0,0,0,0,0,0,0,0,0,0,0,0,0,0,0,0,0
2026-chall-manama,Manama,C,Hard,20260101,Dimitar Kuzmanov,Sergey Fomin,1-6 6-3 6-1,2nd Round Qualifying,0,2026-03-28,0,0,0,0,0,0,0,0,0,0,0,0,0,0,0,0,0,0,0,0,0
2026-chall-manama,Manama,C,Hard,20260101,Edas Butvilas,Mert Alkaya,6-4 1-6 7-6,2nd Round Qualifying,0,2026-03-28,0,0,0,0,0,0,0,0,0,0,0,0,0,0,0,0,0,0,0,0,0
2026-chall-manama,Manama,C,Hard,20260101,Yanki Erel,Hynek Barton,7-5 6-2,2nd Round Qualifying,0,2026-03-28,0,0,0,0,0,0,0,0,0,0,0,0,0,0,0,0,0,0,0,0,0
2026-chall-manama,Manama,C,Hard,20260101,Manas Dhamne,Viktor Durasovic,7-6 4-6 6-6,2nd Round Qualifying,0,2026-03-28,0,0,0,0,0,0,0,0,0,0,0,0,0,0,0,0,0,0,0,0,0
2026-chall-manama,Manama,C,Hard,20260101,Lukas Pokorny,Neil Oberleitner,6-3 6-3,2nd Round Qualifying,0,2026-03-28,0,0,0,0,0,0,0,0,0,0,0,0,0,0,0,0,0,0,0,0,0
2026-chall-manama,Manama,C,Hard,20260101,Manas Dhamne,Benjamin Hassan,6-7 5-4 6-3,1st Round Qualifying,0,2026-03-28,0,0,0,0,0,0,0,0,0,0,0,0,0,0,0,0,0,0,0,0,0
2026-chall-manama,Manama,C,Hard,20260101,Beibit Zhukayev,Fares Zakaria,7-5 6-4,1st Round Qualifying,0,2026-03-28,0,0,0,0,0,0,0,0,0,0,0,0,0,0,0,0,0,0,0,0,0
2026-chall-manama,Manama,C,Hard,20260101,Dimitar Kuzmanov,Petros Tsitsipas,6-3 7-5,1st Round Qualifying,0,2026-03-28,0,0,0,0,0,0,0,0,0,0,0,0,0,0,0,0,0,0,0,0,0
2026-chall-manama,Manama,C,Hard,20260101,Edas Butvilas,Elyas Abdulnabi,6-1 6-2,1st Round Qualifying,0,2026-03-28,0,0,0,0,0,0,0,0,0,0,0,0,0,0,0,0,0,0,0,0,0
2026-chall-manama,Manama,C,Hard,20260101,Hynek Barton,Dali Blanch,0-6 6-3 6-3,1st Round Qualifying,0,2026-03-28,0,0,0,0,0,0,0,0,0,0,0,0,0,0,0,0,0,0,0,0,0
2026-chall-manama,Manama,C,Hard,20260101,Lukas Pokorny,Saba Purtseladze,7-6 6-4,1st Round Qualifying,0,2026-03-28,0,0,0,0,0,0,0,0,0,0,0,0,0,0,0,0,0,0,0,0,0
2026-chall-manama,Manama,C,Hard,20260101,Viktor Durasovic,Alexander Binda,6-3 6-3,1st Round Qualifying,0,2026-03-28,0,0,0,0,0,0,0,0,0,0,0,0,0,0,0,0,0,0,0,0,0
2026-chall-manama,Manama,C,Hard,20260101,Sergey Fomin,Enrico Baldisserri,6-1 6-2,1st Round Qualifying,0,2026-03-28,0,0,0,0,0,0,0,0,0,0,0,0,0,0,0,0,0,0,0,0,0
2026-chall-manama,Manama,C,Hard,20260101,Yanki Erel,Alibek Kachmazov,6-4 6-3,1st Round Qualifying,0,2026-03-28,0,0,0,0,0,0,0,0,0,0,0,0,0,0,0,0,0,0,0,0,0
2026-chall-manama,Manama,C,Hard,20260101,Mert Alkaya,Alberto Bronzetti,6-2,1st Round Qualifying,0,2026-03-28,0,0,0,0,0,0,0,0,0,0,0,0,0,0,0,0,0,0,0,0,0
2026-chall-manama,Manama,C,Hard,20260101,Vadym Ursu,Alex Hernandez,6-3 2-6 6-2,1st Round Qualifying,0,2026-03-28,0,0,0,0,0,0,0,0,0,0,0,0,0,0,0,0,0,0,0,0,0
2026-chall-manama,Manama,C,Hard,20260101,Neil Oberleitner,Radu Albot,6-1 6-4,1st Round Qualifying,0,2026-03-28,0,0,0,0,0,0,0,0,0,0,0,0,0,0,0,0,0,0,0,0,0
2026-chall-quimper,Quimper,C,Hard,20260101,Luca Van Assche,Remy Bertola,3-6 6-1 7-5,Final,0,2026-03-28,0,0,0,0,0,0,0,0,0,0,0,0,0,0,0,0,0,0,0,0,0
2026-chall-quimper,Quimper,C,Hard,20260101,Remy Bertola,Marc-Andrea Huesler,6-1 6-4,Semifinals,0,2026-03-28,0,0,0,0,0,0,0,0,0,0,0,0,0,0,0,0,0,0,0,0,0
2026-chall-quimper,Quimper,C,Hard,20260101,Luca Van Assche,Sascha Gueymard Wayenburg,6-4 5-7 7-6,Semifinals,0,2026-03-28,0,0,0,0,0,0,0,0,0,0,0,0,0,0,0,0,0,0,0,0,0
2026-chall-quimper,Quimper,C,Hard,20260101,Sascha Gueymard Wayenburg,Benjamin Bonzi,6-2 6-7 3-5,Quarterfinals,0,2026-03-28,0,0,0,0,0,0,0,0,0,0,0,0,0,0,0,0,0,0,0,0,0
2026-chall-quimper,Quimper,C,Hard,20260101,Remy Bertola,Mackenzie McDonald,4-1,Quarterfinals,0,2026-03-28,0,0,0,0,0,0,0,0,0,0,0,0,0,0,0,0,0,0,0,0,0
2026-chall-quimper,Quimper,C,Hard,20260101,Marc-Andrea Huesler,Thomas Faurel,6-3 6-2,Quarterfinals,0,2026-03-28,0,0,0,0,0,0,0,0,0,0,0,0,0,0,0,0,0,0,0,0,0
2026-chall-quimper,Quimper,C,Hard,20260101,Luca Van Assche,Titouan Droguet,6-4 6-4,Quarterfinals,0,2026-03-28,0,0,0,0,0,0,0,0,0,0,0,0,0,0,0,0,0,0,0,0,0
2026-chall-quimper,Quimper,C,Hard,20260101,Titouan Droguet,Aleksandar Kovacevic,7-6 7-4,Round of 16,0,2026-03-28,0,0,0,0,0,0,0,0,0,0,0,0,0,0,0,0,0,0,0,0,0
2026-chall-quimper,Quimper,C,Hard,20260101,Sascha Gueymard Wayenburg,Pedro Martinez,7-6 6-5,Round of 16,0,2026-03-28,0,0,0,0,0,0,0,0,0,0,0,0,0,0,0,0,0,0,0,0,0
2026-chall-quimper,Quimper,C,Hard,20260101,Thomas Faurel,Nikoloz Basilashvili,6-3 6-4,Round of 16,0,2026-03-28,0,0,0,0,0,0,0,0,0,0,0,0,0,0,0,0,0,0,0,0,0
2026-chall-quimper,Quimper,C,Hard,20260101,Benjamin Bonzi,Billy Harris,6-4 6-0,Round of 16,0,2026-03-28,0,0,0,0,0,0,0,0,0,0,0,0,0,0,0,0,0,0,0,0,0
2026-chall-quimper,Quimper,C,Hard,20260101,Mackenzie McDonald,Roberto Carballes Baena,6-4 6-4,Round of 16,0,2026-03-28,0,0,0,0,0,0,0,0,0,0,0,0,0,0,0,0,0,0,0,0,0
2026-chall-quimper,Quimper,C,Hard,20260101,Remy Bertola,Pavel Kotov,7-6 7-5,Round of 16,0,2026-03-28,0,0,0,0,0,0,0,0,0,0,0,0,0,0,0,0,0,0,0,0,0
2026-chall-quimper,Quimper,C,Hard,20260101,Marc-Andrea Huesler,Justin Engel,3-6 6-4 7-6,Round of 16,0,2026-03-28,0,0,0,0,0,0,0,0,0,0,0,0,0,0,0,0,0,0,0,0,0
2026-chall-quimper,Quimper,C,Hard,20260101,Luca Van Assche,Alex Molcan,6-4 6-4,Round of 16,0,2026-03-28,0,0,0,0,0,0,0,0,0,0,0,0,0,0,0,0,0,0,0,0,0
2026-chall-quimper,Quimper,C,Hard,20260101,Remy Bertola,Adrian Mannarino,7-6 6-5,Round of 32,0,2026-03-28,0,0,0,0,0,0,0,0,0,0,0,0,0,0,0,0,0,0,0,0,0
2026-chall-quimper,Quimper,C,Hard,20260101,Pedro Martinez,Arthur Bouquier,6-4 7-5,Round of 32,0,2026-03-28,0,0,0,0,0,0,0,0,0,0,0,0,0,0,0,0,0,0,0,0,0
2026-chall-quimper,Quimper,C,Hard,20260101,Marc-Andrea Huesler,Quentin Halys,6-3 7-6,Round of 32,0,2026-03-28,0,0,0,0,0,0,0,0,0,0,0,0,0,0,0,0,0,0,0,0,0
2026-chall-quimper,Quimper,C,Hard,20260101,Nikoloz Basilashvili,Yanis Ghazouani Durand,6-4 7-5,Round of 32,0,2026-03-28,0,0,0,0,0,0,0,0,0,0,0,0,0,0,0,0,0,0,0,0,0
2026-chall-quimper,Quimper,C,Hard,20260101,Mackenzie McDonald,Moez Echargui,6-2 7-5,Round of 32,0,2026-03-28,0,0,0,0,0,0,0,0,0,0,0,0,0,0,0,0,0,0,0,0,0
2026-chall-quimper,Quimper,C,Hard,20260101,Titouan Droguet,Federico Arnaboldi,7-5 6-4,Round of 32,0,2026-03-28,0,0,0,0,0,0,0,0,0,0,0,0,0,0,0,0,0,0,0,0,0
2026-chall-quimper,Quimper,C,Hard,20260101,Justin Engel,Maks Kasnikowski,6-3 6-2,Round of 32,0,2026-03-28,0,0,0,0,0,0,0,0,0,0,0,0,0,0,0,0,0,0,0,0,0
2026-chall-quimper,Quimper,C,Hard,20260101,Thomas Faurel,Matteo Martineau,6-4 6-3,Round of 32,0,2026-03-28,0,0,0,0,0,0,0,0,0,0,0,0,0,0,0,0,0,0,0,0,0
2026-chall-quimper,Quimper,C,Hard,20260101,Sascha Gueymard Wayenburg,Laurent Lokoli,6-1 6-2,Round of 32,0,2026-03-28,0,0,0,0,0,0,0,0,0,0,0,0,0,0,0,0,0,0,0,0,0
2026-chall-quimper,Quimper,C,Hard,20260101,Billy Harris,Dan Martin,6-4 6-4,Round of 32,0,2026-03-28,0,0,0,0,0,0,0,0,0,0,0,0,0,0,0,0,0,0,0,0,0
2026-chall-quimper,Quimper,C,Hard,20260101,Pavel Kotov,Mark Lajal,3-6 6-4 6-4,Round of 32,0,2026-03-28,0,0,0,0,0,0,0,0,0,0,0,0,0,0,0,0,0,0,0,0,0
2026-chall-quimper,Quimper,C,Hard,20260101,Aleksandar Kovacevic,Clement Tabur,7-6 6-4,Round of 32,0,2026-03-28,0,0,0,0,0,0,0,0,0,0,0,0,0,0,0,0,0,0,0,0,0
2026-chall-quimper,Quimper,C,Hard,20260101,Luca Van Assche,Alexander Shevchenko,6-4 6-4,Round of 32,0,2026-03-28,0,0,0,0,0,0,0,0,0,0,0,0,0,0,0,0,0,0,0,0,0
2026-chall-quimper,Quimper,C,Hard,20260101,Benjamin Bonzi,Benoit Paire,6-4 6-3,Round of 32,0,2026-03-28,0,0,0,0,0,0,0,0,0,0,0,0,0,0,0,0,0,0,0,0,0
2026-chall-quimper,Quimper,C,Hard,20260101,Roberto Carballes Baena,Michael Geerts,6-2 7-6,Round of 32,0,2026-03-28,0,0,0,0,0,0,0,0,0,0,0,0,0,0,0,0,0,0,0,0,0
2026-chall-quimper,Quimper,C,Hard,20260101,Alex Molcan,Dan Added,6-4 6-3,Round of 32,0,2026-03-28,0,0,0,0,0,0,0,0,0,0,0,0,0,0,0,0,0,0,0,0,0
2026-chall-quimper,Quimper,C,Hard,20260101,Matteo Martineau,Arthur Nagel,6-7 3-5 7-2,2nd Round Qualifying,0,2026-03-28,0,0,0,0,0,0,0,0,0,0,0,0,0,0,0,0,0,0,0,0,0
2026-chall-quimper,Quimper,C,Hard,20260101,Federico Arnaboldi,Marvin Moeller,6-4 6-4,2nd Round Qualifying,0,2026-03-28,0,0,0,0,0,0,0,0,0,0,0,0,0,0,0,0,0,0,0,0,0
2026-chall-quimper,Quimper,C,Hard,20260101,Maks Kasnikowski,Lucas Poullain,6-4 7-6,2nd Round Qualifying,0,2026-03-28,0,0,0,0,0,0,0,0,0,0,0,0,0,0,0,0,0,0,0,0,0
2026-chall-quimper,Quimper,C,Hard,20260101,Pavel Kotov,Dan Martin,6-2 6-4,2nd Round Qualifying,0,2026-03-28,0,0,0,0,0,0,0,0,0,0,0,0,0,0,0,0,0,0,0,0,0
2026-chall-quimper,Quimper,C,Hard,20260101,Yanis Ghazouani Durand,Buvaysar Gadamauri,7-6 3-5 7-6,2nd Round Qualifying,0,2026-03-28,0,0,0,0,0,0,0,0,0,0,0,0,0,0,0,0,0,0,0,0,0
2026-chall-quimper,Quimper,C,Hard,20260101,Laurent Lokoli,Svyatoslav Gulin,7-5 6-3,2nd Round Qualifying,0,2026-03-28,0,0,0,0,0,0,0,0,0,0,0,0,0,0,0,0,0,0,0,0,0
2026-chall-quimper,Quimper,C,Hard,20260101,Matteo Martineau,Leo Raquillet,6-3 7-6,1st Round Qualifying,0,2026-03-28,0,0,0,0,0,0,0,0,0,0,0,0,0,0,0,0,0,0,0,0,0
2026-chall-quimper,Quimper,C,Hard,20260101,Laurent Lokoli,Norbert Gombos,6-4 6-4,1st Round Qualifying,0,2026-03-28,0,0,0,0,0,0,0,0,0,0,0,0,0,0,0,0,0,0,0,0,0
2026-chall-quimper,Quimper,C,Hard,20260101,Yanis Ghazouani Durand,Eliakim Coulibaly,6-3 7-5,1st Round Qualifying,0,2026-03-28,0,0,0,0,0,0,0,0,0,0,0,0,0,0,0,0,0,0,0,0,0
2026-chall-quimper,Quimper,C,Hard,20260101,Pavel Kotov,Christoph Negritu,7-6 7-5,1st Round Qualifying,0,2026-03-28,0,0,0,0,0,0,0,0,0,0,0,0,0,0,0,0,0,0,0,0,0
2026-chall-quimper,Quimper,C,Hard,20260101,Federico Arnaboldi,Milos Karol,2-6 6-3 6-3,1st Round Qualifying,0,2026-03-28,0,0,0,0,0,0,0,0,0,0,0,0,0,0,0,0,0,0,0,0,0
2026-chall-quimper,Quimper,C,Hard,20260101,Lucas Poullain,Maxime Janvier,6-4 7-6,1st Round Qualifying,0,2026-03-28,0,0,0,0,0,0,0,0,0,0,0,0,0,0,0,0,0,0,0,0,0
2026-chall-quimper,Quimper,C,Hard,20260101,Dan Martin,Pierre Antoine Faut,6-4 6-3,1st Round Qualifying,0,2026-03-28,0,0,0,0,0,0,0,0,0,0,0,0,0,0,0,0,0,0,0,0,0
2026-chall-quimper,Quimper,C,Hard,20260101,Arthur Nagel,Alex Martinez,2-6 6-2 6-4,1st Round Qualifying,0,2026-03-28,0,0,0,0,0,0,0,0,0,0,0,0,0,0,0,0,0,0,0,0,0
2026-chall-quimper,Quimper,C,Hard,20260101,Maks Kasnikowski,Alberto Barroso Campos,6-4 6-2,1st Round Qualifying,0,2026-03-28,0,0,0,0,0,0,0,0,0,0,0,0,0,0,0,0,0,0,0,0,0
2026-chall-quimper,Quimper,C,Hard,20260101,Svyatoslav Gulin,Cyril Vandermeersch,1-6 6-3 6-3,1st Round Qualifying,0,2026-03-28,0,0,0,0,0,0,0,0,0,0,0,0,0,0,0,0,0,0,0,0,0
2026-chall-quimper,Quimper,C,Hard,20260101,Marvin Moeller,Mae Malige,6-2 6-4,1st Round Qualifying,0,2026-03-28,0,0,0,0,0,0,0,0,0,0,0,0,0,0,0,0,0,0,0,0,0
2026-chall-quimper,Quimper,C,Hard,20260101,Buvaysar Gadamauri,Gianmarco Ferrari,6-3 7-6,1st Round Qualifying,0,2026-03-28,0,0,0,0,0,0,0,0,0,0,0,0,0,0,0,0,0,0,0,0,0
2026-chall-san-diego,San Diego,C,Hard,20260101,Zachary Svajda,Sebastian Korda,6-4 7-6,Final,0,2026-03-28,0,0,0,0,0,0,0,0,0,0,0,0,0,0,0,0,0,0,0,0,0
2026-chall-san-diego,San Diego,C,Hard,20260101,Sebastian Korda,Patrick Kypson,7-6 6-4,Semifinals,0,2026-03-28,0,0,0,0,0,0,0,0,0,0,0,0,0,0,0,0,0,0,0,0,0
2026-chall-san-diego,San Diego,C,Hard,20260101,Zachary Svajda,Sho Shimabukuro,6-4 6-1,Semifinals,0,2026-03-28,0,0,0,0,0,0,0,0,0,0,0,0,0,0,0,0,0,0,0,0,0
2026-chall-san-diego,San Diego,C,Hard,20260101,Sebastian Korda,Liam Draxl,7-6 6-4,Quarterfinals,0,2026-03-28,0,0,0,0,0,0,0,0,0,0,0,0,0,0,0,0,0,0,0,0,0
2026-chall-san-diego,San Diego,C,Hard,20260101,Sho Shimabukuro,Rinky Hijikata,6-4 6-4,Quarterfinals,0,2026-03-28,0,0,0,0,0,0,0,0,0,0,0,0,0,0,0,0,0,0,0,0,0
2026-chall-san-diego,San Diego,C,Hard,20260101,Patrick Kypson,Colton Smith,7-6 6-5,Quarterfinals,0,2026-03-28,0,0,0,0,0,0,0,0,0,0,0,0,0,0,0,0,0,0,0,0,0
2026-chall-san-diego,San Diego,C,Hard,20260101,Zachary Svajda,Mitchell Krueger,6-3 2-6 6-2,Quarterfinals,0,2026-03-28,0,0,0,0,0,0,0,0,0,0,0,0,0,0,0,0,0,0,0,0,0
2026-chall-san-diego,San Diego,C,Hard,20260101,Sebastian Korda,Andre Ilagan,6-2 4-6 6-3,Round of 16,0,2026-03-28,0,0,0,0,0,0,0,0,0,0,0,0,0,0,0,0,0,0,0,0,0
2026-chall-san-diego,San Diego,C,Hard,20260101,Rinky Hijikata,Bernard Tomic,3-6 6-4 6-3,Round of 16,0,2026-03-28,0,0,0,0,0,0,0,0,0,0,0,0,0,0,0,0,0,0,0,0,0
2026-chall-san-diego,San Diego,C,Hard,20260101,Patrick Kypson,Garrett Johns,7-6 6-4,Round of 16,0,2026-03-28,0,0,0,0,0,0,0,0,0,0,0,0,0,0,0,0,0,0,0,0,0
2026-chall-san-diego,San Diego,C,Hard,20260101,Zachary Svajda,Keegan Smith,7-6 6-2,Round of 16,0,2026-03-28,0,0,0,0,0,0,0,0,0,0,0,0,0,0,0,0,0,0,0,0,0
2026-chall-san-diego,San Diego,C,Hard,20260101,Sho Shimabukuro,Andrew Fenty,6-4 1-6 7-6,Round of 16,0,2026-03-28,0,0,0,0,0,0,0,0,0,0,0,0,0,0,0,0,0,0,0,0,0
2026-chall-san-diego,San Diego,C,Hard,20260101,Liam Draxl,Trevor Svajda,6-3 6-4,Round of 16,0,2026-03-28,0,0,0,0,0,0,0,0,0,0,0,0,0,0,0,0,0,0,0,0,0
2026-chall-san-diego,San Diego,C,Hard,20260101,Colton Smith,Blaise Bicknell,5-7 7-6 6-3,Round of 16,0,2026-03-28,0,0,0,0,0,0,0,0,0,0,0,0,0,0,0,0,0,0,0,0,0
2026-chall-san-diego,San Diego,C,Hard,20260101,Mitchell Krueger,Toby Samuel,6-4 6-4,Round of 16,0,2026-03-28,0,0,0,0,0,0,0,0,0,0,0,0,0,0,0,0,0,0,0,0,0
2026-chall-san-diego,San Diego,C,Hard,20260101,Sebastian Korda,Daniel Milavsky,6-4 7-5,Round of 32,0,2026-03-28,0,0,0,0,0,0,0,0,0,0,0,0,0,0,0,0,0,0,0,0,0
2026-chall-san-diego,San Diego,C,Hard,20260101,Rinky Hijikata,Stefan Dostanic,2-6 6-3 6-2,Round of 32,0,2026-03-28,0,0,0,0,0,0,0,0,0,0,0,0,0,0,0,0,0,0,0,0,0
2026-chall-san-diego,San Diego,C,Hard,20260101,Patrick Kypson,Tyler Zink,7-6 6-5,Round of 32,0,2026-03-28,0,0,0,0,0,0,0,0,0,0,0,0,0,0,0,0,0,0,0,0,0
2026-chall-san-diego,San Diego,C,Hard,20260101,Zachary Svajda,Evan Zhu,6-2 6-4,Round of 32,0,2026-03-28,0,0,0,0,0,0,0,0,0,0,0,0,0,0,0,0,0,0,0,0,0
2026-chall-san-diego,San Diego,C,Hard,20260101,Sho Shimabukuro,Stefan Kozlov,6-2 4-6 7-6,Round of 32,0,2026-03-28,0,0,0,0,0,0,0,0,0,0,0,0,0,0,0,0,0,0,0,0,0
2026-chall-san-diego,San Diego,C,Hard,20260101,Andrew Fenty,Bor Artnak,6-2 7-5,Round of 32,0,2026-03-28,0,0,0,0,0,0,0,0,0,0,0,0,0,0,0,0,0,0,0,0,0
2026-chall-san-diego,San Diego,C,Hard,20260101,Andre Ilagan,Fryderyk Lechno-Wasiutynski,6-1 7-5,Round of 32,0,2026-03-28,0,0,0,0,0,0,0,0,0,0,0,0,0,0,0,0,0,0,0,0,0
2026-chall-san-diego,San Diego,C,Hard,20260101,Garrett Johns,Karl Poling,6-2 7-6,Round of 32,0,2026-03-28,0,0,0,0,0,0,0,0,0,0,0,0,0,0,0,0,0,0,0,0,0
2026-chall-san-diego,San Diego,C,Hard,20260101,Keegan Smith,Raphael Perot,6-3 7-6,Round of 32,0,2026-03-28,0,0,0,0,0,0,0,0,0,0,0,0,0,0,0,0,0,0,0,0,0
2026-chall-san-diego,San Diego,C,Hard,20260101,Bernard Tomic,Felix Corwin,7-6 6-6,Round of 32,0,2026-03-28,0,0,0,0,0,0,0,0,0,0,0,0,0,0,0,0,0,0,0,0,0
2026-chall-san-diego,San Diego,C,Hard,20260101,Liam Draxl,Murphy Cassone,6-2 6-2,Round of 32,0,2026-03-28,0,0,0,0,0,0,0,0,0,0,0,0,0,0,0,0,0,0,0,0,0
2026-chall-san-diego,San Diego,C,Hard,20260101,Colton Smith,Christian Langmo,6-3 6-3,Round of 32,0,2026-03-28,0,0,0,0,0,0,0,0,0,0,0,0,0,0,0,0,0,0,0,0,0
2026-chall-san-diego,San Diego,C,Hard,20260101,Toby Samuel,Tristan Boyer,6-3 5-7 6-4,Round of 32,0,2026-03-28,0,0,0,0,0,0,0,0,0,0,0,0,0,0,0,0,0,0,0,0,0
2026-chall-san-diego,San Diego,C,Hard,20260101,Blaise Bicknell,Alex Rybakov,6-4 7-5,Round of 32,0,2026-03-28,0,0,0,0,0,0,0,0,0,0,0,0,0,0,0,0,0,0,0,0,0
2026-chall-san-diego,San Diego,C,Hard,20260101,Mitchell Krueger,Cedrik-Marcel Stebe,6-1 6-1,Round of 32,0,2026-03-28,0,0,0,0,0,0,0,0,0,0,0,0,0,0,0,0,0,0,0,0,0
2026-chall-san-diego,San Diego,C,Hard,20260101,Trevor Svajda,Micah Braswell,6-2 6-2,Round of 32,0,2026-03-28,0,0,0,0,0,0,0,0,0,0,0,0,0,0,0,0,0,0,0,0,0
2026-chall-san-diego,San Diego,C,Hard,20260101,Bor Artnak,Joshua Sheehy,0-6 6-3 7-6,2nd Round Qualifying,0,2026-03-28,0,0,0,0,0,0,0,0,0,0,0,0,0,0,0,0,0,0,0,0,0
2026-chall-san-diego,San Diego,C,Hard,20260101,Felix Corwin,Cannon Kingsley,6-4 6-4,2nd Round Qualifying,0,2026-03-28,0,0,0,0,0,0,0,0,0,0,0,0,0,0,0,0,0,0,0,0,0
2026-chall-san-diego,San Diego,C,Hard,20260101,Stefan Dostanic,Ryan Seggerman,6-0 6-4,2nd Round Qualifying,0,2026-03-28,0,0,0,0,0,0,0,0,0,0,0,0,0,0,0,0,0,0,0,0,0
2026-chall-san-diego,San Diego,C,Hard,20260101,Karl Poling,Quinn Vandecasteele,7-6 6-3,2nd Round Qualifying,0,2026-03-28,0,0,0,0,0,0,0,0,0,0,0,0,0,0,0,0,0,0,0,0,0
2026-chall-san-diego,San Diego,C,Hard,20260101,Evan Zhu,Noah Zamora,7-5 7-5,2nd Round Qualifying,0,2026-03-28,0,0,0,0,0,0,0,0,0,0,0,0,0,0,0,0,0,0,0,0,0
2026-chall-san-diego,San Diego,C,Hard,20260101,Fryderyk Lechno-Wasiutynski,Spencer Johnson,7-5 1-6 7-5,2nd Round Qualifying,0,2026-03-28,0,0,0,0,0,0,0,0,0,0,0,0,0,0,0,0,0,0,0,0,0
2026-chall-san-diego,San Diego,C,Hard,20260101,Bor Artnak,Ben Jones,7-6 1-4 6-6,1st Round Qualifying,0,2026-03-28,0,0,0,0,0,0,0,0,0,0,0,0,0,0,0,0,0,0,0,0,0
2026-chall-san-diego,San Diego,C,Hard,20260101,Cannon Kingsley,Trey Hilderbrand,7-6 6-5,1st Round Qualifying,0,2026-03-28,0,0,0,0,0,0,0,0,0,0,0,0,0,0,0,0,0,0,0,0,0
2026-chall-san-diego,San Diego,C,Hard,20260101,Stefan Dostanic,Kyle Seelig,6-3 6-4,1st Round Qualifying,0,2026-03-28,0,0,0,0,0,0,0,0,0,0,0,0,0,0,0,0,0,0,0,0,0
2026-chall-san-diego,San Diego,C,Hard,20260101,Karl Poling,Keenan Mayo,6-3 6-2,1st Round Qualifying,0,2026-03-28,0,0,0,0,0,0,0,0,0,0,0,0,0,0,0,0,0,0,0,0,0
2026-chall-san-diego,San Diego,C,Hard,20260101,Spencer Johnson,Alafia Ayeni,3-6 7-6 6-5,1st Round Qualifying,0,2026-03-28,0,0,0,0,0,0,0,0,0,0,0,0,0,0,0,0,0,0,0,0,0
2026-chall-san-diego,San Diego,C,Hard,20260101,Quinn Vandecasteele,Pranav Kumar,6-1 6-2,1st Round Qualifying,0,2026-03-28,0,0,0,0,0,0,0,0,0,0,0,0,0,0,0,0,0,0,0,0,0
2026-chall-san-diego,San Diego,C,Hard,20260101,Felix Corwin,Noah Schachter,1-6 6-4 6-0,1st Round Qualifying,0,2026-03-28,0,0,0,0,0,0,0,0,0,0,0,0,0,0,0,0,0,0,0,0,0
2026-chall-san-diego,San Diego,C,Hard,20260101,Joshua Sheehy,Alan Magadan,6-3 6-2,1st Round Qualifying,0,2026-03-28,0,0,0,0,0,0,0,0,0,0,0,0,0,0,0,0,0,0,0,0,0
2026-chall-san-diego,San Diego,C,Hard,20260101,Fryderyk Lechno-Wasiutynski,Kaylan Bigun,6-7 5-3 6-4,1st Round Qualifying,0,2026-03-28,0,0,0,0,0,0,0,0,0,0,0,0,0,0,0,0,0,0,0,0,0
2026-chall-san-diego,San Diego,C,Hard,20260101,Evan Zhu,Paul Inchauspe,7-6 4-0 6-6,1st Round Qualifying,0,2026-03-28,0,0,0,0,0,0,0,0,0,0,0,0,0,0,0,0,0,0,0,0,0
2026-chall-san-diego,San Diego,C,Hard,20260101,Ryan Seggerman,Matt Kuhar,7-6 6-3,1st Round Qualifying,0,2026-03-28,0,0,0,0,0,0,0,0,0,0,0,0,0,0,0,0,0,0,0,0,0
2026-chall-san-diego,San Diego,C,Hard,20260101,Noah Zamora,Emon Van Loben Sels,3-6 6-4 6-4,1st Round Qualifying,0,2026-03-28,0,0,0,0,0,0,0,0,0,0,0,0,0,0,0,0,0,0,0,0,0
2026-chall-concepcion,Concepcion,C,Hard,20260101,Adolfo Daniel Vallejo,Alejandro Tabilo,6-2 1-6 6-1,Final,0,2026-03-28,0,0,0,0,0,0,0,0,0,0,0,0,0,0,0,0,0,0,0,0,0
2026-chall-concepcion,Concepcion,C,Hard,20260101,Alejandro Tabilo,Marco Cecchinato,6-3 6-1,Semifinals,0,2026-03-28,0,0,0,0,0,0,0,0,0,0,0,0,0,0,0,0,0,0,0,0,0
2026-chall-concepcion,Concepcion,C,Hard,20260101,Adolfo Daniel Vallejo,Tomas Barrios Vera,6-3 1-6 6-4,Semifinals,0,2026-03-28,0,0,0,0,0,0,0,0,0,0,0,0,0,0,0,0,0,0,0,0,0
2026-chall-concepcion,Concepcion,C,Hard,20260101,Alejandro Tabilo,Lautaro Midon,5-7 6-1 6-2,Quarterfinals,0,2026-03-28,0,0,0,0,0,0,0,0,0,0,0,0,0,0,0,0,0,0,0,0,0
2026-chall-concepcion,Concepcion,C,Hard,20260101,Tomas Barrios Vera,Guido Ivan Justo,6-3 4-6 6-4,Quarterfinals,0,2026-03-28,0,0,0,0,0,0,0,0,0,0,0,0,0,0,0,0,0,0,0,0,0
2026-chall-concepcion,Concepcion,C,Hard,20260101,Marco Cecchinato,Chun-Hsin Tseng,6-2 6-2,Quarterfinals,0,2026-03-28,0,0,0,0,0,0,0,0,0,0,0,0,0,0,0,0,0,0,0,0,0
2026-chall-concepcion,Concepcion,C,Hard,20260101,Adolfo Daniel Vallejo,Joao Lucas Reis Da Silva,3-6 6-3 6-1,Quarterfinals,0,2026-03-28,0,0,0,0,0,0,0,0,0,0,0,0,0,0,0,0,0,0,0,0,0
2026-chall-concepcion,Concepcion,C,Hard,20260101,Alejandro Tabilo,Matias Soto,6-2 6-3,Round of 16,0,2026-03-28,0,0,0,0,0,0,0,0,0,0,0,0,0,0,0,0,0,0,0,0,0
2026-chall-concepcion,Concepcion,C,Hard,20260101,Tomas Barrios Vera,Thiago Monteiro,6-2 7-5,Round of 16,0,2026-03-28,0,0,0,0,0,0,0,0,0,0,0,0,0,0,0,0,0,0,0,0,0
2026-chall-concepcion,Concepcion,C,Hard,20260101,Chun-Hsin Tseng,Daniel Dutra da Silva,7-5 6-4,Round of 16,0,2026-03-28,0,0,0,0,0,0,0,0,0,0,0,0,0,0,0,0,0,0,0,0,0
2026-chall-concepcion,Concepcion,C,Hard,20260101,Joao Lucas Reis Da Silva,Dusan Lajovic,6-3 2-6 6-1,Round of 16,0,2026-03-28,0,0,0,0,0,0,0,0,0,0,0,0,0,0,0,0,0,0,0,0,0
2026-chall-concepcion,Concepcion,C,Hard,20260101,Adolfo Daniel Vallejo,Juan Pablo Varillas,6-4 6-2,Round of 16,0,2026-03-28,0,0,0,0,0,0,0,0,0,0,0,0,0,0,0,0,0,0,0,0,0
2026-chall-concepcion,Concepcion,C,Hard,20260101,Lautaro Midon,Alex Barrena,6-2 7-5,Round of 16,0,2026-03-28,0,0,0,0,0,0,0,0,0,0,0,0,0,0,0,0,0,0,0,0,0
2026-chall-concepcion,Concepcion,C,Hard,20260101,Marco Cecchinato,Alvaro Guillen Meza,7-5 6-1,Round of 16,0,2026-03-28,0,0,0,0,0,0,0,0,0,0,0,0,0,0,0,0,0,0,0,0,0
2026-chall-concepcion,Concepcion,C,Hard,20260101,Guido Ivan Justo,Juan Bautista Torres,6-3 6-2,Round of 16,0,2026-03-28,0,0,0,0,0,0,0,0,0,0,0,0,0,0,0,0,0,0,0,0,0
2026-chall-concepcion,Concepcion,C,Hard,20260101,Alejandro Tabilo,Gonzalo Villanueva,7-5 6-4,Round of 32,0,2026-03-28,0,0,0,0,0,0,0,0,0,0,0,0,0,0,0,0,0,0,0,0,0
2026-chall-concepcion,Concepcion,C,Hard,20260101,Tomas Barrios Vera,Gonzalo Bueno,3-6 6-2 6-4,Round of 32,0,2026-03-28,0,0,0,0,0,0,0,0,0,0,0,0,0,0,0,0,0,0,0,0,0
2026-chall-concepcion,Concepcion,C,Hard,20260101,Dusan Lajovic,Facundo Mena,6-2 6-1,Round of 32,0,2026-03-28,0,0,0,0,0,0,0,0,0,0,0,0,0,0,0,0,0,0,0,0,0
2026-chall-concepcion,Concepcion,C,Hard,20260101,Juan Bautista Torres,Hugo Dellien,0-6 6-4 6-1,Round of 32,0,2026-03-28,0,0,0,0,0,0,0,0,0,0,0,0,0,0,0,0,0,0,0,0,0
2026-chall-concepcion,Concepcion,C,Hard,20260101,Adolfo Daniel Vallejo,Pedro Boscardin Dias,6-2 6-4,Round of 32,0,2026-03-28,0,0,0,0,0,0,0,0,0,0,0,0,0,0,0,0,0,0,0,0,0
2026-chall-concepcion,Concepcion,C,Hard,20260101,Alex Barrena,Matheus Pucinelli De Almeida,1-6 7-6 6-5,Round of 32,0,2026-03-28,0,0,0,0,0,0,0,0,0,0,0,0,0,0,0,0,0,0,0,0,0
2026-chall-concepcion,Concepcion,C,Hard,20260101,Marco Cecchinato,Igor Marcondes,6-0 6-3,Round of 32,0,2026-03-28,0,0,0,0,0,0,0,0,0,0,0,0,0,0,0,0,0,0,0,0,0
2026-chall-concepcion,Concepcion,C,Hard,20260101,Daniel Dutra da Silva,Murkel Dellien,6-3 6-1,Round of 32,0,2026-03-28,0,0,0,0,0,0,0,0,0,0,0,0,0,0,0,0,0,0,0,0,0
2026-chall-concepcion,Concepcion,C,Hard,20260101,Guido Ivan Justo,Benjamin Torrealba,6-2 7-6,Round of 32,0,2026-03-28,0,0,0,0,0,0,0,0,0,0,0,0,0,0,0,0,0,0,0,0,0
2026-chall-concepcion,Concepcion,C,Hard,20260101,Joao Lucas Reis Da Silva,Nikolas Sanchez Izquierdo,6-4 6-2,Round of 32,0,2026-03-28,0,0,0,0,0,0,0,0,0,0,0,0,0,0,0,0,0,0,0,0,0
2026-chall-concepcion,Concepcion,C,Hard,20260101,Matias Soto,Nicolas Kicker,2-6 6-4 7-6,Round of 32,0,2026-03-28,0,0,0,0,0,0,0,0,0,0,0,0,0,0,0,0,0,0,0,0,0
2026-chall-concepcion,Concepcion,C,Hard,20260101,Chun-Hsin Tseng,Genaro Alberto Olivieri,7-6 6-4,Round of 32,0,2026-03-28,0,0,0,0,0,0,0,0,0,0,0,0,0,0,0,0,0,0,0,0,0
2026-chall-concepcion,Concepcion,C,Hard,20260101,Alvaro Guillen Meza,Andrea Collarini,6-2 4-6 6-3,Round of 32,0,2026-03-28,0,0,0,0,0,0,0,0,0,0,0,0,0,0,0,0,0,0,0,0,0
2026-chall-concepcion,Concepcion,C,Hard,20260101,Lautaro Midon,Nicolas Villalon,6-3 2-6 6-4,Round of 32,0,2026-03-28,0,0,0,0,0,0,0,0,0,0,0,0,0,0,0,0,0,0,0,0,0
2026-chall-concepcion,Concepcion,C,Hard,20260101,Thiago Monteiro,Facundo Diaz Acosta,6-4 6-4,Round of 32,0,2026-03-28,0,0,0,0,0,0,0,0,0,0,0,0,0,0,0,0,0,0,0,0,0
2026-chall-concepcion,Concepcion,C,Hard,20260101,Juan Pablo Varillas,Felipe Meligeni Alves,7-5 6-2,Round of 32,0,2026-03-28,0,0,0,0,0,0,0,0,0,0,0,0,0,0,0,0,0,0,0,0,0
2026-chall-concepcion,Concepcion,C,Hard,20260101,Igor Marcondes,Franco Agamenone,6-4 7-5,2nd Round Qualifying,0,2026-03-28,0,0,0,0,0,0,0,0,0,0,0,0,0,0,0,0,0,0,0,0,0
2026-chall-concepcion,Concepcion,C,Hard,20260101,Facundo Mena,Mariano Kestelboim,6-4 6-4,2nd Round Qualifying,0,2026-03-28,0,0,0,0,0,0,0,0,0,0,0,0,0,0,0,0,0,0,0,0,0
2026-chall-concepcion,Concepcion,C,Hard,20260101,Juan Bautista Torres,Adrian Boitan,6-2 6-2,2nd Round Qualifying,0,2026-03-28,0,0,0,0,0,0,0,0,0,0,0,0,0,0,0,0,0,0,0,0,0
2026-chall-concepcion,Concepcion,C,Hard,20260101,Daniel Dutra da Silva,Franco Roncadelli,6-1 3-6 6-4,2nd Round Qualifying,0,2026-03-28,0,0,0,0,0,0,0,0,0,0,0,0,0,0,0,0,0,0,0,0,0
2026-chall-concepcion,Concepcion,C,Hard,20260101,Gonzalo Villanueva,Juan Estevez,7-6 6-5,2nd Round Qualifying,0,2026-03-28,0,0,0,0,0,0,0,0,0,0,0,0,0,0,0,0,0,0,0,0,0
2026-chall-concepcion,Concepcion,C,Hard,20260101,Guido Ivan Justo,Arklon Huertas Del Pino Cordova,6-1 3-0,2nd Round Qualifying,0,2026-03-28,0,0,0,0,0,0,0,0,0,0,0,0,0,0,0,0,0,0,0,0,0
2026-chall-concepcion,Concepcion,C,Hard,20260101,Franco Agamenone,thomas Menzel,6-0 6-1,1st Round Qualifying,0,2026-03-28,0,0,0,0,0,0,0,0,0,0,0,0,0,0,0,0,0,0,0,0,0
2026-chall-concepcion,Concepcion,C,Hard,20260101,Facundo Mena,Joaquin Aguilar Cardozo,6-7 6-3 6-2,1st Round Qualifying,0,2026-03-28,0,0,0,0,0,0,0,0,0,0,0,0,0,0,0,0,0,0,0,0,0
2026-chall-concepcion,Concepcion,C,Hard,20260101,Adrian Boitan,Joao Eduardo Schiessl,4-6 6-4 7-6,1st Round Qualifying,0,2026-03-28,0,0,0,0,0,0,0,0,0,0,0,0,0,0,0,0,0,0,0,0,0
2026-chall-concepcion,Concepcion,C,Hard,20260101,Daniel Dutra da Silva,Eduardo Ribeiro,6-3 3-6 7-6,1st Round Qualifying,0,2026-03-28,0,0,0,0,0,0,0,0,0,0,0,0,0,0,0,0,0,0,0,0,0
2026-chall-concepcion,Concepcion,C,Hard,20260101,Gonzalo Villanueva,Stefan Palosi,6-2 7-5,1st Round Qualifying,0,2026-03-28,0,0,0,0,0,0,0,0,0,0,0,0,0,0,0,0,0,0,0,0,0
2026-chall-concepcion,Concepcion,C,Hard,20260101,Franco Roncadelli,Bautista De La Pena,6-3 6-4,1st Round Qualifying,0,2026-03-28,0,0,0,0,0,0,0,0,0,0,0,0,0,0,0,0,0,0,0,0,0
2026-chall-concepcion,Concepcion,C,Hard,20260101,Juan Bautista Torres,Paulo Andre Saraiva Dos Santos,6-2 6-1,1st Round Qualifying,0,2026-03-28,0,0,0,0,0,0,0,0,0,0,0,0,0,0,0,0,0,0,0,0,0
2026-chall-concepcion,Concepcion,C,Hard,20260101,Guido Ivan Justo,Conner Huertas del Pino,6-1 3-6 6-1,1st Round Qualifying,0,2026-03-28,0,0,0,0,0,0,0,0,0,0,0,0,0,0,0,0,0,0,0,0,0
2026-chall-concepcion,Concepcion,C,Hard,20260101,Igor Marcondes,Milledge Cossu,6-3 7-6,1st Round Qualifying,0,2026-03-28,0,0,0,0,0,0,0,0,0,0,0,0,0,0,0,0,0,0,0,0,0
2026-chall-concepcion,Concepcion,C,Hard,20260101,Mariano Kestelboim,Mateus Alves,6-4 4-6 6-2,1st Round Qualifying,0,2026-03-28,0,0,0,0,0,0,0,0,0,0,0,0,0,0,0,0,0,0,0,0,0
2026-chall-concepcion,Concepcion,C,Hard,20260101,Juan Estevez,Luciano Emanuel Ambrogi,6-2 7-6,1st Round Qualifying,0,2026-03-28,0,0,0,0,0,0,0,0,0,0,0,0,0,0,0,0,0,0,0,0,0
2026-chall-concepcion,Concepcion,C,Hard,20260101,Arklon Huertas Del Pino Cordova,Matias Erices,6-4 6-0,1st Round Qualifying,0,2026-03-28,0,0,0,0,0,0,0,0,0,0,0,0,0,0,0,0,0,0,0,0,0
2026-chall-rosario,Rosario,C,Hard,20260202,Camilo Ugo Carabelli,Roman Andres Burruchaga,6-2 6-3,Final,0,2026-03-28,0,0,0,0,0,0,0,0,0,0,0,0,0,0,0,0,0,0,0,0,0
2026-chall-rosario,Rosario,C,Hard,20260202,Camilo Ugo Carabelli,Juan Manuel Cerundolo,7-5 6-1,Semifinals,0,2026-03-28,0,0,0,0,0,0,0,0,0,0,0,0,0,0,0,0,0,0,0,0,0
2026-chall-rosario,Rosario,C,Hard,20260202,Roman Andres Burruchaga,Chun-Hsin Tseng,6-3 6-3,Semifinals,0,2026-03-28,0,0,0,0,0,0,0,0,0,0,0,0,0,0,0,0,0,0,0,0,0
2026-chall-rosario,Rosario,C,Hard,20260202,Camilo Ugo Carabelli,Hugo Dellien,6-4 6-2,Quarterfinals,0,2026-03-28,0,0,0,0,0,0,0,0,0,0,0,0,0,0,0,0,0,0,0,0,0
2026-chall-rosario,Rosario,C,Hard,20260202,Juan Manuel Cerundolo,Andrea Pellegrino,6-4 6-3,Quarterfinals,0,2026-03-28,0,0,0,0,0,0,0,0,0,0,0,0,0,0,0,0,0,0,0,0,0
2026-chall-rosario,Rosario,C,Hard,20260202,Roman Andres Burruchaga,Pedro Boscardin Dias,7-6 6-3,Quarterfinals,0,2026-03-28,0,0,0,0,0,0,0,0,0,0,0,0,0,0,0,0,0,0,0,0,0
2026-chall-rosario,Rosario,C,Hard,20260202,Chun-Hsin Tseng,Valerio Aboian,6-2 6-1,Quarterfinals,0,2026-03-28,0,0,0,0,0,0,0,0,0,0,0,0,0,0,0,0,0,0,0,0,0
2026-chall-rosario,Rosario,C,Hard,20260202,Camilo Ugo Carabelli,Facundo Diaz Acosta,5-7 6-4 7-6,Round of 16,0,2026-03-28,0,0,0,0,0,0,0,0,0,0,0,0,0,0,0,0,0,0,0,0,0
2026-chall-rosario,Rosario,C,Hard,20260202,Pedro Boscardin Dias,Francisco Comesana,6-4 3-6 6-3,Round of 16,0,2026-03-28,0,0,0,0,0,0,0,0,0,0,0,0,0,0,0,0,0,0,0,0,0
2026-chall-rosario,Rosario,C,Hard,20260202,Roman Andres Burruchaga,Genaro Alberto Olivieri,6-3 6-1,Round of 16,0,2026-03-28,0,0,0,0,0,0,0,0,0,0,0,0,0,0,0,0,0,0,0,0,0
2026-chall-rosario,Rosario,C,Hard,20260202,Hugo Dellien,Juan Manuel La Serna,6-3 6-2,Round of 16,0,2026-03-28,0,0,0,0,0,0,0,0,0,0,0,0,0,0,0,0,0,0,0,0,0
2026-chall-rosario,Rosario,C,Hard,20260202,Juan Manuel Cerundolo,Juan Bautista Torres,3-6 6-4 6-3,Round of 16,0,2026-03-28,0,0,0,0,0,0,0,0,0,0,0,0,0,0,0,0,0,0,0,0,0
2026-chall-rosario,Rosario,C,Hard,20260202,Chun-Hsin Tseng,Facundo Mena,6-3 7-5,Round of 16,0,2026-03-28,0,0,0,0,0,0,0,0,0,0,0,0,0,0,0,0,0,0,0,0,0
2026-chall-rosario,Rosario,C,Hard,20260202,Andrea Pellegrino,Luciano Emanuel Ambrogi,1-6 6-4 6-2,Round of 16,0,2026-03-28,0,0,0,0,0,0,0,0,0,0,0,0,0,0,0,0,0,0,0,0,0
2026-chall-rosario,Rosario,C,Hard,20260202,Valerio Aboian,Nikolas Sanchez Izquierdo,7-5 6-4,Round of 16,0,2026-03-28,0,0,0,0,0,0,0,0,0,0,0,0,0,0,0,0,0,0,0,0,0
2026-chall-rosario,Rosario,C,Hard,20260202,Camilo Ugo Carabelli,Guido Ivan Justo,6-1 6-0,Round of 32,0,2026-03-28,0,0,0,0,0,0,0,0,0,0,0,0,0,0,0,0,0,0,0,0,0
2026-chall-rosario,Rosario,C,Hard,20260202,Francisco Comesana,Nicolas Kicker,7-5 6-3,Round of 32,0,2026-03-28,0,0,0,0,0,0,0,0,0,0,0,0,0,0,0,0,0,0,0,0,0
2026-chall-rosario,Rosario,C,Hard,20260202,Juan Manuel Cerundolo,Gonzalo Villanueva,6-1 6-0,Round of 32,0,2026-03-28,0,0,0,0,0,0,0,0,0,0,0,0,0,0,0,0,0,0,0,0,0
2026-chall-rosario,Rosario,C,Hard,20260202,Chun-Hsin Tseng,Hernan Casanova,6-1 2-0,Round of 32,0,2026-03-28,0,0,0,0,0,0,0,0,0,0,0,0,0,0,0,0,0,0,0,0,0
2026-chall-rosario,Rosario,C,Hard,20260202,Hugo Dellien,Franco Agamenone,6-2 6-3,Round of 32,0,2026-03-28,0,0,0,0,0,0,0,0,0,0,0,0,0,0,0,0,0,0,0,0,0
2026-chall-rosario,Rosario,C,Hard,20260202,Andrea Pellegrino,Juan Estevez,6-4 2-6 6-4,Round of 32,0,2026-03-28,0,0,0,0,0,0,0,0,0,0,0,0,0,0,0,0,0,0,0,0,0
2026-chall-rosario,Rosario,C,Hard,20260202,Valerio Aboian,Thiago Seyboth Wild,6-4 2-6 6-4,Round of 32,0,2026-03-28,0,0,0,0,0,0,0,0,0,0,0,0,0,0,0,0,0,0,0,0,0
2026-chall-rosario,Rosario,C,Hard,20260202,Luciano Emanuel Ambrogi,Santiago Rodriguez Taverna,6-4 7-6,Round of 32,0,2026-03-28,0,0,0,0,0,0,0,0,0,0,0,0,0,0,0,0,0,0,0,0,0
2026-chall-rosario,Rosario,C,Hard,20260202,Pedro Boscardin Dias,Marco Cecchinato,6-7 3-3 6-5,Round of 32,0,2026-03-28,0,0,0,0,0,0,0,0,0,0,0,0,0,0,0,0,0,0,0,0,0
2026-chall-rosario,Rosario,C,Hard,20260202,Facundo Diaz Acosta,Igor Marcondes,7-6 6-3,Round of 32,0,2026-03-28,0,0,0,0,0,0,0,0,0,0,0,0,0,0,0,0,0,0,0,0,0
2026-chall-rosario,Rosario,C,Hard,20260202,Juan Manuel La Serna,Renzo Olivo,6-4 2-6 6-3,Round of 32,0,2026-03-28,0,0,0,0,0,0,0,0,0,0,0,0,0,0,0,0,0,0,0,0,0
2026-chall-rosario,Rosario,C,Hard,20260202,Genaro Alberto Olivieri,Felipe Meligeni Alves,6-3 6-1,Round of 32,0,2026-03-28,0,0,0,0,0,0,0,0,0,0,0,0,0,0,0,0,0,0,0,0,0
2026-chall-rosario,Rosario,C,Hard,20260202,Roman Andres Burruchaga,Lautaro Midon,6-1 6-1,Round of 32,0,2026-03-28,0,0,0,0,0,0,0,0,0,0,0,0,0,0,0,0,0,0,0,0,0
2026-chall-rosario,Rosario,C,Hard,20260202,Facundo Mena,Thiago Monteiro,7-5 7-6,Round of 32,0,2026-03-28,0,0,0,0,0,0,0,0,0,0,0,0,0,0,0,0,0,0,0,0,0
2026-chall-rosario,Rosario,C,Hard,20260202,Nikolas Sanchez Izquierdo,Andrea Collarini,3-6 6-2 6-1,Round of 32,0,2026-03-28,0,0,0,0,0,0,0,0,0,0,0,0,0,0,0,0,0,0,0,0,0
2026-chall-rosario,Rosario,C,Hard,20260202,Juan Bautista Torres,Alex Barrena,6-3 6-1,Round of 32,0,2026-03-28,0,0,0,0,0,0,0,0,0,0,0,0,0,0,0,0,0,0,0,0,0
2026-chall-rosario,Rosario,C,Hard,20260202,Hernan Casanova,Santiago De La Fuente,3-6 6-2 6-4,2nd Round Qualifying,0,2026-03-28,0,0,0,0,0,0,0,0,0,0,0,0,0,0,0,0,0,0,0,0,0
2026-chall-rosario,Rosario,C,Hard,20260202,Guido Ivan Justo,Ezequiel Monferrer,6-1 4-6 6-2,2nd Round Qualifying,0,2026-03-28,0,0,0,0,0,0,0,0,0,0,0,0,0,0,0,0,0,0,0,0,0
2026-chall-rosario,Rosario,C,Hard,20260202,Igor Marcondes,Valerio Aboian,6-3 6-2,2nd Round Qualifying,0,2026-03-28,0,0,0,0,0,0,0,0,0,0,0,0,0,0,0,0,0,0,0,0,0
2026-chall-rosario,Rosario,C,Hard,20260202,Juan Manuel La Serna,Bruno Fernandez,6-2 7-5,2nd Round Qualifying,0,2026-03-28,0,0,0,0,0,0,0,0,0,0,0,0,0,0,0,0,0,0,0,0,0
2026-chall-rosario,Rosario,C,Hard,20260202,Luciano Emanuel Ambrogi,Lucio Ratti,7-5 6-4,2nd Round Qualifying,0,2026-03-28,0,0,0,0,0,0,0,0,0,0,0,0,0,0,0,0,0,0,0,0,0
2026-chall-rosario,Rosario,C,Hard,20260202,Juan Estevez,Carlos Maria Zarate,6-1 6-3,2nd Round Qualifying,0,2026-03-28,0,0,0,0,0,0,0,0,0,0,0,0,0,0,0,0,0,0,0,0,0
2026-chall-rosario,Rosario,C,Hard,20260202,Hernan Casanova,Lautaro Agustin Falabella,6-3 0-6 6-2,1st Round Qualifying,0,2026-03-28,0,0,0,0,0,0,0,0,0,0,0,0,0,0,0,0,0,0,0,0,0
2026-chall-rosario,Rosario,C,Hard,20260202,Guido Ivan Justo,Tomas Farjat,6-7 6-2 6-1,1st Round Qualifying,0,2026-03-28,0,0,0,0,0,0,0,0,0,0,0,0,0,0,0,0,0,0,0,0,0
2026-chall-rosario,Rosario,C,Hard,20260202,Igor Marcondes,Tymur Bieldiugin,6-3 6-1,1st Round Qualifying,0,2026-03-28,0,0,0,0,0,0,0,0,0,0,0,0,0,0,0,0,0,0,0,0,0
2026-chall-rosario,Rosario,C,Hard,20260202,Juan Manuel La Serna,Mateo Del Pino,6-4 7-5,1st Round Qualifying,0,2026-03-28,0,0,0,0,0,0,0,0,0,0,0,0,0,0,0,0,0,0,0,0,0
2026-chall-rosario,Rosario,C,Hard,20260202,Luciano Emanuel Ambrogi,Nicolas Bruna,6-1 6-2,1st Round Qualifying,0,2026-03-28,0,0,0,0,0,0,0,0,0,0,0,0,0,0,0,0,0,0,0,0,0
2026-chall-rosario,Rosario,C,Hard,20260202,Juan Estevez,Valentin Garay,6-1 6-1,1st Round Qualifying,0,2026-03-28,0,0,0,0,0,0,0,0,0,0,0,0,0,0,0,0,0,0,0,0,0
2026-chall-rosario,Rosario,C,Hard,20260202,Valerio Aboian,Maximo Zeitune,1-6 6-4 6-4,1st Round Qualifying,0,2026-03-28,0,0,0,0,0,0,0,0,0,0,0,0,0,0,0,0,0,0,0,0,0
2026-chall-rosario,Rosario,C,Hard,20260202,Bruno Fernandez,Paulo Andre Saraiva Dos Santos,6-3 4-6 7-6,1st Round Qualifying,0,2026-03-28,0,0,0,0,0,0,0,0,0,0,0,0,0,0,0,0,0,0,0,0,0
2026-chall-rosario,Rosario,C,Hard,20260202,Lucio Ratti,Wilson Leite,6-3 6-1,1st Round Qualifying,0,2026-03-28,0,0,0,0,0,0,0,0,0,0,0,0,0,0,0,0,0,0,0,0,0
2026-chall-rosario,Rosario,C,Hard,20260202,Carlos Maria Zarate,Tomas Re,6-4 6-2,1st Round Qualifying,0,2026-03-28,0,0,0,0,0,0,0,0,0,0,0,0,0,0,0,0,0,0,0,0,0
2026-chall-rosario,Rosario,C,Hard,20260202,Santiago De La Fuente,Dante Pagani,7-6 2-6 6-6,1st Round Qualifying,0,2026-03-28,0,0,0,0,0,0,0,0,0,0,0,0,0,0,0,0,0,0,0,0,0
2026-chall-rosario,Rosario,C,Hard,20260202,Ezequiel Monferrer,Conner Huertas del Pino,2-6 6-1 7-6,1st Round Qualifying,0,2026-03-28,0,0,0,0,0,0,0,0,0,0,0,0,0,0,0,0,0,0,0,0,0
2026-chall-brisbane,Brisbane,C,Hard,20260209,Zhizhen Zhang,Alex Bolt,6-2 6-4,Final,0,2026-03-28,0,0,0,0,0,0,0,0,0,0,0,0,0,0,0,0,0,0,0,0,0
2026-chall-brisbane,Brisbane,C,Hard,20260209,Zhizhen Zhang,Rei Sakamoto,6-1 6-4,Semifinals,0,2026-03-28,0,0,0,0,0,0,0,0,0,0,0,0,0,0,0,0,0,0,0,0,0
2026-chall-brisbane,Brisbane,C,Hard,20260209,Alex Bolt,Hiroki Moriya,6-3 3-6 6-3,Semifinals,0,2026-03-28,0,0,0,0,0,0,0,0,0,0,0,0,0,0,0,0,0,0,0,0,0
2026-chall-brisbane,Brisbane,C,Hard,20260209,Hiroki Moriya,Dane Sweeny,7-5 7-6,Quarterfinals,0,2026-03-28,0,0,0,0,0,0,0,0,0,0,0,0,0,0,0,0,0,0,0,0,0
2026-chall-brisbane,Brisbane,C,Hard,20260209,Rei Sakamoto,Li Tu,7-6 6-3,Quarterfinals,0,2026-03-28,0,0,0,0,0,0,0,0,0,0,0,0,0,0,0,0,0,0,0,0,0
2026-chall-brisbane,Brisbane,C,Hard,20260209,Alex Bolt,Darwin Blanch,7-5 6-3,Quarterfinals,0,2026-03-28,0,0,0,0,0,0,0,0,0,0,0,0,0,0,0,0,0,0,0,0,0
2026-chall-brisbane,Brisbane,C,Hard,20260209,Zhizhen Zhang,Hayato Matsuoka,6-3 7-5,Quarterfinals,0,2026-03-28,0,0,0,0,0,0,0,0,0,0,0,0,0,0,0,0,0,0,0,0,0
2026-chall-brisbane,Brisbane,C,Hard,20260209,Dane Sweeny,Masamichi Imamura,6-3 6-2,Round of 16,0,2026-03-28,0,0,0,0,0,0,0,0,0,0,0,0,0,0,0,0,0,0,0,0,0
2026-chall-brisbane,Brisbane,C,Hard,20260209,Rei Sakamoto,Colin Sinclair,7-5 6-3,Round of 16,0,2026-03-28,0,0,0,0,0,0,0,0,0,0,0,0,0,0,0,0,0,0,0,0,0
2026-chall-brisbane,Brisbane,C,Hard,20260209,Hiroki Moriya,Tai Sach,6-7 6-0 6-4,Round of 16,0,2026-03-28,0,0,0,0,0,0,0,0,0,0,0,0,0,0,0,0,0,0,0,0,0
2026-chall-brisbane,Brisbane,C,Hard,20260209,Li Tu,Blake Ellis,6-4 6-4,Round of 16,0,2026-03-28,0,0,0,0,0,0,0,0,0,0,0,0,0,0,0,0,0,0,0,0,0
2026-chall-brisbane,Brisbane,C,Hard,20260209,Alex Bolt,Omar Jasika,6-2 4-1,Round of 16,0,2026-03-28,0,0,0,0,0,0,0,0,0,0,0,0,0,0,0,0,0,0,0,0,0
2026-chall-brisbane,Brisbane,C,Hard,20260209,Darwin Blanch,Arthur Weber,6-1 6-3,Round of 16,0,2026-03-28,0,0,0,0,0,0,0,0,0,0,0,0,0,0,0,0,0,0,0,0,0
2026-chall-brisbane,Brisbane,C,Hard,20260209,Zhizhen Zhang,Yasutaka Uchiyama,6-4 7-6,Round of 16,0,2026-03-28,0,0,0,0,0,0,0,0,0,0,0,0,0,0,0,0,0,0,0,0,0
2026-chall-brisbane,Brisbane,C,Hard,20260209,Hayato Matsuoka,Marc Polmans,4-6 7-6 6-2,Round of 16,0,2026-03-28,0,0,0,0,0,0,0,0,0,0,0,0,0,0,0,0,0,0,0,0,0
2026-chall-brisbane,Brisbane,C,Hard,20260209,Dane Sweeny,Taro Daniel,7-5 6-4,Round of 32,0,2026-03-28,0,0,0,0,0,0,0,0,0,0,0,0,0,0,0,0,0,0,0,0,0
2026-chall-brisbane,Brisbane,C,Hard,20260209,Rei Sakamoto,Yuki Mochizuki,6-0 6-1,Round of 32,0,2026-03-28,0,0,0,0,0,0,0,0,0,0,0,0,0,0,0,0,0,0,0,0,0
2026-chall-brisbane,Brisbane,C,Hard,20260209,Alex Bolt,Kokoro Isomura,7-5 6-3,Round of 32,0,2026-03-28,0,0,0,0,0,0,0,0,0,0,0,0,0,0,0,0,0,0,0,0,0
2026-chall-brisbane,Brisbane,C,Hard,20260209,Tai Sach,Yi Zhou,6-4 2-6 6-2,Round of 32,0,2026-03-28,0,0,0,0,0,0,0,0,0,0,0,0,0,0,0,0,0,0,0,0,0
2026-chall-brisbane,Brisbane,C,Hard,20260209,Blake Ellis,Fajing Sun,7-6 3-2 7-6,Round of 32,0,2026-03-28,0,0,0,0,0,0,0,0,0,0,0,0,0,0,0,0,0,0,0,0,0
2026-chall-brisbane,Brisbane,C,Hard,20260209,Yasutaka Uchiyama,Cruz Hewitt,7-5 7-5,Round of 32,0,2026-03-28,0,0,0,0,0,0,0,0,0,0,0,0,0,0,0,0,0,0,0,0,0
2026-chall-brisbane,Brisbane,C,Hard,20260209,Masamichi Imamura,Matthew Dellavedova,3-6 6-4 6-3,Round of 32,0,2026-03-28,0,0,0,0,0,0,0,0,0,0,0,0,0,0,0,0,0,0,0,0,0
2026-chall-brisbane,Brisbane,C,Hard,20260209,Hiroki Moriya,Moerani Bouzige,6-4 6-4,Round of 32,0,2026-03-28,0,0,0,0,0,0,0,0,0,0,0,0,0,0,0,0,0,0,0,0,0
2026-chall-brisbane,Brisbane,C,Hard,20260209,Marc Polmans,Jamie Mackenzie,7-5 2-6 6-1,Round of 32,0,2026-03-28,0,0,0,0,0,0,0,0,0,0,0,0,0,0,0,0,0,0,0,0,0
2026-chall-brisbane,Brisbane,C,Hard,20260209,Colin Sinclair,Matt Hulme,5-7 7-6 6-4,Round of 32,0,2026-03-28,0,0,0,0,0,0,0,0,0,0,0,0,0,0,0,0,0,0,0,0,0
2026-chall-brisbane,Brisbane,C,Hard,20260209,Li Tu,Naoki Nakagawa,6-7 6-4 6-6 7-2,Round of 32,0,2026-03-28,0,0,0,0,0,0,0,0,0,0,0,0,0,0,0,0,0,0,0,0,0
2026-chall-brisbane,Brisbane,C,Hard,20260209,Zhizhen Zhang,Pavle Marinkov,7-6 6-4,Round of 32,0,2026-03-28,0,0,0,0,0,0,0,0,0,0,0,0,0,0,0,0,0,0,0,0,0
2026-chall-brisbane,Brisbane,C,Hard,20260209,Darwin Blanch,Corentin Denolly,6-4 7-5,Round of 32,0,2026-03-28,0,0,0,0,0,0,0,0,0,0,0,0,0,0,0,0,0,0,0,0,0
2026-chall-brisbane,Brisbane,C,Hard,20260209,Omar Jasika,Hikaru Shiraishi,4-6 6-2 7-6,Round of 32,0,2026-03-28,0,0,0,0,0,0,0,0,0,0,0,0,0,0,0,0,0,0,0,0,0
2026-chall-brisbane,Brisbane,C,Hard,20260209,Hayato Matsuoka,Jake Delaney,6-4 6-4,Round of 32,0,2026-03-28,0,0,0,0,0,0,0,0,0,0,0,0,0,0,0,0,0,0,0,0,0
2026-chall-brisbane,Brisbane,C,Hard,20260209,Arthur Weber,David Jorda Sanchis,6-3 2-6 7-5,Round of 32,0,2026-03-28,0,0,0,0,0,0,0,0,0,0,0,0,0,0,0,0,0,0,0,0,0
2026-chall-brisbane,Brisbane,C,Hard,20260209,Masamichi Imamura,Duje Markovina,6-4 6-3,2nd Round Qualifying,0,2026-03-28,0,0,0,0,0,0,0,0,0,0,0,0,0,0,0,0,0,0,0,0,0
2026-chall-brisbane,Brisbane,C,Hard,20260209,Matthew Dellavedova,Ty Host,3-6 6-3 6-3,2nd Round Qualifying,0,2026-03-28,0,0,0,0,0,0,0,0,0,0,0,0,0,0,0,0,0,0,0,0,0
2026-chall-brisbane,Brisbane,C,Hard,20260209,Yuki Mochizuki,Matt Hulme,5-7 7-5 7-5,2nd Round Qualifying,0,2026-03-28,0,0,0,0,0,0,0,0,0,0,0,0,0,0,0,0,0,0,0,0,0
2026-chall-brisbane,Brisbane,C,Hard,20260209,Kokoro Isomura,Oliver Anderson,6-4 6-4,2nd Round Qualifying,0,2026-03-28,0,0,0,0,0,0,0,0,0,0,0,0,0,0,0,0,0,0,0,0,0
2026-chall-brisbane,Brisbane,C,Hard,20260209,Naoki Nakagawa,Ryo Tabata,6-1 6-4,2nd Round Qualifying,0,2026-03-28,0,0,0,0,0,0,0,0,0,0,0,0,0,0,0,0,0,0,0,0,0
2026-chall-brisbane,Brisbane,C,Hard,20260209,Colin Sinclair,Jamie Mackenzie,2-6 6-4 6-4,2nd Round Qualifying,0,2026-03-28,0,0,0,0,0,0,0,0,0,0,0,0,0,0,0,0,0,0,0,0,0
2026-chall-brisbane,Brisbane,C,Hard,20260209,Masamichi Imamura,Daniel Jovanovski,7-6 6-3,1st Round Qualifying,0,2026-03-28,0,0,0,0,0,0,0,0,0,0,0,0,0,0,0,0,0,0,0,0,0
2026-chall-brisbane,Brisbane,C,Hard,20260209,Matthew Dellavedova,Jesse Delaney,1-0,1st Round Qualifying,0,2026-03-28,0,0,0,0,0,0,0,0,0,0,0,0,0,0,0,0,0,0,0,0,0
2026-chall-brisbane,Brisbane,C,Hard,20260209,Yuki Mochizuki,Brandon Walkin,3-6 7-5 6-1,1st Round Qualifying,0,2026-03-28,0,0,0,0,0,0,0,0,0,0,0,0,0,0,0,0,0,0,0,0,0
2026-chall-brisbane,Brisbane,C,Hard,20260209,Kokoro Isomura,Ethan Cook,7-6 6-2,1st Round Qualifying,0,2026-03-28,0,0,0,0,0,0,0,0,0,0,0,0,0,0,0,0,0,0,0,0,0
2026-chall-brisbane,Brisbane,C,Hard,20260209,Jamie Mackenzie,Chase Ferguson,6-3 6-4,1st Round Qualifying,0,2026-03-28,0,0,0,0,0,0,0,0,0,0,0,0,0,0,0,0,0,0,0,0,0
2026-chall-brisbane,Brisbane,C,Hard,20260209,Naoki Nakagawa,Cooper Kose,7-6 6-3,1st Round Qualifying,0,2026-03-28,0,0,0,0,0,0,0,0,0,0,0,0,0,0,0,0,0,0,0,0,0
2026-chall-brisbane,Brisbane,C,Hard,20260209,Ryo Tabata,Linang Xiao,6-2 6-4,1st Round Qualifying,0,2026-03-28,0,0,0,0,0,0,0,0,0,0,0,0,0,0,0,0,0,0,0,0,0
2026-chall-brisbane,Brisbane,C,Hard,20260209,Duje Markovina,Joshua Charlton,1-6 7-6 7-5,1st Round Qualifying,0,2026-03-28,0,0,0,0,0,0,0,0,0,0,0,0,0,0,0,0,0,0,0,0,0
2026-chall-brisbane,Brisbane,C,Hard,20260209,Colin Sinclair,Enzo Aguiard,7-6 7-3,1st Round Qualifying,0,2026-03-28,0,0,0,0,0,0,0,0,0,0,0,0,0,0,0,0,0,0,0,0,0
2026-chall-brisbane,Brisbane,C,Hard,20260209,Matt Hulme,Taiyo Yamanaka,4-6 6-4 6-3,1st Round Qualifying,0,2026-03-28,0,0,0,0,0,0,0,0,0,0,0,0,0,0,0,0,0,0,0,0,0
2026-chall-brisbane,Brisbane,C,Hard,20260209,Oliver Anderson,Aoran Wang,6-2 6-4,1st Round Qualifying,0,2026-03-28,0,0,0,0,0,0,0,0,0,0,0,0,0,0,0,0,0,0,0,0,0
2026-chall-brisbane,Brisbane,C,Hard,20260209,Ty Host,Shinji Hazawa,6-4 7-6,1st Round Qualifying,0,2026-03-28,0,0,0,0,0,0,0,0,0,0,0,0,0,0,0,0,0,0,0,0,0
2026-chall-cleveland,Cleveland,C,Hard,20260202,Colton Smith,Borna Gojo,6-4 7-5,Final,0,2026-03-28,0,0,0,0,0,0,0,0,0,0,0,0,0,0,0,0,0,0,0,0,0
2026-chall-cleveland,Cleveland,C,Hard,20260202,Colton Smith,Keegan Smith,7-6 6-4,Semifinals,0,2026-03-28,0,0,0,0,0,0,0,0,0,0,0,0,0,0,0,0,0,0,0,0,0
2026-chall-cleveland,Cleveland,C,Hard,20260202,Borna Gojo,Joshua Sheehy,6-3 7-6,Semifinals,0,2026-03-28,0,0,0,0,0,0,0,0,0,0,0,0,0,0,0,0,0,0,0,0,0
2026-chall-cleveland,Cleveland,C,Hard,20260202,Colton Smith,Stefan Dostanic,6-4 7-6,Quarterfinals,0,2026-03-28,0,0,0,0,0,0,0,0,0,0,0,0,0,0,0,0,0,0,0,0,0
2026-chall-cleveland,Cleveland,C,Hard,20260202,Keegan Smith,Stefan Kozlov,6-3 6-2,Quarterfinals,0,2026-03-28,0,0,0,0,0,0,0,0,0,0,0,0,0,0,0,0,0,0,0,0,0
2026-chall-cleveland,Cleveland,C,Hard,20260202,Borna Gojo,Quinn Vandecasteele,6-4 6-4,Quarterfinals,0,2026-03-28,0,0,0,0,0,0,0,0,0,0,0,0,0,0,0,0,0,0,0,0,0
2026-chall-cleveland,Cleveland,C,Hard,20260202,Joshua Sheehy,Daniel Milavsky,7-6 6-4 0-7 7-6,Quarterfinals,0,2026-03-28,0,0,0,0,0,0,0,0,0,0,0,0,0,0,0,0,0,0,0,0,0
2026-chall-cleveland,Cleveland,C,Hard,20260202,Colton Smith,Ben Jones,6-1 7-5,Round of 16,0,2026-03-28,0,0,0,0,0,0,0,0,0,0,0,0,0,0,0,0,0,0,0,0,0
2026-chall-cleveland,Cleveland,C,Hard,20260202,Borna Gojo,Tristan Boyer,6-4 6-2,Round of 16,0,2026-03-28,0,0,0,0,0,0,0,0,0,0,0,0,0,0,0,0,0,0,0,0,0
2026-chall-cleveland,Cleveland,C,Hard,20260202,Joshua Sheehy,Andres Martin,7-6 6-3,Round of 16,0,2026-03-28,0,0,0,0,0,0,0,0,0,0,0,0,0,0,0,0,0,0,0,0,0
2026-chall-cleveland,Cleveland,C,Hard,20260202,Quinn Vandecasteele,Justin Boulais,6-2 6-4,Round of 16,0,2026-03-28,0,0,0,0,0,0,0,0,0,0,0,0,0,0,0,0,0,0,0,0,0
2026-chall-cleveland,Cleveland,C,Hard,20260202,Stefan Kozlov,Raphael Perot,7-6 3-5 6-6,Round of 16,0,2026-03-28,0,0,0,0,0,0,0,0,0,0,0,0,0,0,0,0,0,0,0,0,0
2026-chall-cleveland,Cleveland,C,Hard,20260202,Stefan Dostanic,Christian Langmo,6-3 6-7 8-4,Round of 16,0,2026-03-28,0,0,0,0,0,0,0,0,0,0,0,0,0,0,0,0,0,0,0,0,0
2026-chall-cleveland,Cleveland,C,Hard,20260202,Daniel Milavsky,Dan Martin,7-6 6-1,Round of 16,0,2026-03-28,0,0,0,0,0,0,0,0,0,0,0,0,0,0,0,0,0,0,0,0,0
2026-chall-cleveland,Cleveland,C,Hard,20260202,Keegan Smith,Antoine Ghibaudo,7-6 7-4,Round of 16,0,2026-03-28,0,0,0,0,0,0,0,0,0,0,0,0,0,0,0,0,0,0,0,0,0
2026-chall-cleveland,Cleveland,C,Hard,20260202,Dan Martin,Sho Shimabukuro,6-3 6-4,Round of 32,0,2026-03-28,0,0,0,0,0,0,0,0,0,0,0,0,0,0,0,0,0,0,0,0,0
2026-chall-cleveland,Cleveland,C,Hard,20260202,Colton Smith,Cannon Kingsley,3-6 7-6 6-6,Round of 32,0,2026-03-28,0,0,0,0,0,0,0,0,0,0,0,0,0,0,0,0,0,0,0,0,0
2026-chall-cleveland,Cleveland,C,Hard,20260202,Tristan Boyer,Garrett Johns,6-4 6-4,Round of 32,0,2026-03-28,0,0,0,0,0,0,0,0,0,0,0,0,0,0,0,0,0,0,0,0,0
2026-chall-cleveland,Cleveland,C,Hard,20260202,Quinn Vandecasteele,Murphy Cassone,7-6 6-2,Round of 32,0,2026-03-28,0,0,0,0,0,0,0,0,0,0,0,0,0,0,0,0,0,0,0,0,0
2026-chall-cleveland,Cleveland,C,Hard,20260202,Andres Martin,Andre Ilagan,7-6 3-7 7-6,Round of 32,0,2026-03-28,0,0,0,0,0,0,0,0,0,0,0,0,0,0,0,0,0,0,0,0,0
2026-chall-cleveland,Cleveland,C,Hard,20260202,Justin Boulais,Lincoln Battle,6-3 6-4,Round of 32,0,2026-03-28,0,0,0,0,0,0,0,0,0,0,0,0,0,0,0,0,0,0,0,0,0
2026-chall-cleveland,Cleveland,C,Hard,20260202,Stefan Dostanic,Matt Kuhar,6-1 6-2,Round of 32,0,2026-03-28,0,0,0,0,0,0,0,0,0,0,0,0,0,0,0,0,0,0,0,0,0
2026-chall-cleveland,Cleveland,C,Hard,20260202,Borna Gojo,Jack Kennedy,6-0 6-0,Round of 32,0,2026-03-28,0,0,0,0,0,0,0,0,0,0,0,0,0,0,0,0,0,0,0,0,0
2026-chall-cleveland,Cleveland,C,Hard,20260202,Ben Jones,Aryan Shah,4-6 6-3 6-4,Round of 32,0,2026-03-28,0,0,0,0,0,0,0,0,0,0,0,0,0,0,0,0,0,0,0,0,0
2026-chall-cleveland,Cleveland,C,Hard,20260202,Raphael Perot,Jay Friend,6-2 4-6 6-3,Round of 32,0,2026-03-28,0,0,0,0,0,0,0,0,0,0,0,0,0,0,0,0,0,0,0,0,0
2026-chall-cleveland,Cleveland,C,Hard,20260202,Joshua Sheehy,Karl Poling,7-6 7-1,Round of 32,0,2026-03-28,0,0,0,0,0,0,0,0,0,0,0,0,0,0,0,0,0,0,0,0,0
2026-chall-cleveland,Cleveland,C,Hard,20260202,Keegan Smith,Tyler Zink,6-3 6-7 5-6 7-3,Round of 32,0,2026-03-28,0,0,0,0,0,0,0,0,0,0,0,0,0,0,0,0,0,0,0,0,0
2026-chall-cleveland,Cleveland,C,Hard,20260202,Antoine Ghibaudo,Bernard Tomic,6-1 6-3,Round of 32,0,2026-03-28,0,0,0,0,0,0,0,0,0,0,0,0,0,0,0,0,0,0,0,0,0
2026-chall-cleveland,Cleveland,C,Hard,20260202,Stefan Kozlov,Cedrik-Marcel Stebe,3-6 6-2 6-3,Round of 32,0,2026-03-28,0,0,0,0,0,0,0,0,0,0,0,0,0,0,0,0,0,0,0,0,0
2026-chall-cleveland,Cleveland,C,Hard,20260202,Christian Langmo,Alex Rybakov,7-6 6-6,Round of 32,0,2026-03-28,0,0,0,0,0,0,0,0,0,0,0,0,0,0,0,0,0,0,0,0,0
2026-chall-cleveland,Cleveland,C,Hard,20260202,Daniel Milavsky,Kaylan Bigun,6-4 6-3,Round of 32,0,2026-03-28,0,0,0,0,0,0,0,0,0,0,0,0,0,0,0,0,0,0,0,0,0
2026-chall-cleveland,Cleveland,C,Hard,20260202,Joshua Sheehy,Tristan McCormick,6-7 3-2 6-2,2nd Round Qualifying,0,2026-03-28,0,0,0,0,0,0,0,0,0,0,0,0,0,0,0,0,0,0,0,0,0
2026-chall-cleveland,Cleveland,C,Hard,20260202,Justin Boulais,Strong Kirchheimer,6-2 2-1,2nd Round Qualifying,0,2026-03-28,0,0,0,0,0,0,0,0,0,0,0,0,0,0,0,0,0,0,0,0,0
2026-chall-cleveland,Cleveland,C,Hard,20260202,Stefan Dostanic,Evan Zhu,6-1 7-6,2nd Round Qualifying,0,2026-03-28,0,0,0,0,0,0,0,0,0,0,0,0,0,0,0,0,0,0,0,0,0
2026-chall-cleveland,Cleveland,C,Hard,20260202,Quinn Vandecasteele,Micah Braswell,6-7 5-5 7-2,2nd Round Qualifying,0,2026-03-28,0,0,0,0,0,0,0,0,0,0,0,0,0,0,0,0,0,0,0,0,0
2026-chall-cleveland,Cleveland,C,Hard,20260202,Ben Jones,Felix Corwin,7-6 7-4,2nd Round Qualifying,0,2026-03-28,0,0,0,0,0,0,0,0,0,0,0,0,0,0,0,0,0,0,0,0,0
2026-chall-cleveland,Cleveland,C,Hard,20260202,Matt Kuhar,Finn Bass,3-6 6-3 7-6,2nd Round Qualifying,0,2026-03-28,0,0,0,0,0,0,0,0,0,0,0,0,0,0,0,0,0,0,0,0,0
2026-chall-cleveland,Cleveland,C,Hard,20260202,Tristan McCormick,Dragos Nicolae Cazacu,6-1 7-6,1st Round Qualifying,0,2026-03-28,0,0,0,0,0,0,0,0,0,0,0,0,0,0,0,0,0,0,0,0,0
2026-chall-cleveland,Cleveland,C,Hard,20260202,Ben Jones,Sebastian Gima,7-6 7-4,1st Round Qualifying,0,2026-03-28,0,0,0,0,0,0,0,0,0,0,0,0,0,0,0,0,0,0,0,0,0
2026-chall-cleveland,Cleveland,C,Hard,20260202,Justin Boulais,Wally Thayne,6-1 6-3,1st Round Qualifying,0,2026-03-28,0,0,0,0,0,0,0,0,0,0,0,0,0,0,0,0,0,0,0,0,0
2026-chall-cleveland,Cleveland,C,Hard,20260202,Stefan Dostanic,Valentin Basel,6-1 6-1,1st Round Qualifying,0,2026-03-28,0,0,0,0,0,0,0,0,0,0,0,0,0,0,0,0,0,0,0,0,0
2026-chall-cleveland,Cleveland,C,Hard,20260202,Finn Bass,Ryan Fishback,6-2 7-5,1st Round Qualifying,0,2026-03-28,0,0,0,0,0,0,0,0,0,0,0,0,0,0,0,0,0,0,0,0,0
2026-chall-cleveland,Cleveland,C,Hard,20260202,Quinn Vandecasteele,Franco Ribero,6-3 6-4,1st Round Qualifying,0,2026-03-28,0,0,0,0,0,0,0,0,0,0,0,0,0,0,0,0,0,0,0,0,0
2026-chall-cleveland,Cleveland,C,Hard,20260202,Felix Corwin,Noah Schachter,2-6 6-4 7-6,1st Round Qualifying,0,2026-03-28,0,0,0,0,0,0,0,0,0,0,0,0,0,0,0,0,0,0,0,0,0
2026-chall-cleveland,Cleveland,C,Hard,20260202,Joshua Sheehy,Ronald Hohmann,7-6 6-6,1st Round Qualifying,0,2026-03-28,0,0,0,0,0,0,0,0,0,0,0,0,0,0,0,0,0,0,0,0,0
2026-chall-cleveland,Cleveland,C,Hard,20260202,Strong Kirchheimer,Brandon Perez,6-3 6-2,1st Round Qualifying,0,2026-03-28,0,0,0,0,0,0,0,0,0,0,0,0,0,0,0,0,0,0,0,0,0
2026-chall-cleveland,Cleveland,C,Hard,20260202,Evan Zhu,Keenan Mayo,6-7 3-5 7-4,1st Round Qualifying,0,2026-03-28,0,0,0,0,0,0,0,0,0,0,0,0,0,0,0,0,0,0,0,0,0
2026-chall-cleveland,Cleveland,C,Hard,20260202,Matt Kuhar,James Hopper,6-2 6-2,1st Round Qualifying,0,2026-03-28,0,0,0,0,0,0,0,0,0,0,0,0,0,0,0,0,0,0,0,0,0
2026-chall-cleveland,Cleveland,C,Hard,20260202,Micah Braswell,Anmay Devaraj,6-1 6-0,1st Round Qualifying,0,2026-03-28,0,0,0,0,0,0,0,0,0,0,0,0,0,0,0,0,0,0,0,0,0
2026-chall-tenerife,Tenerife,C,Hard,20260209,Lloyd Harris,Alejandro Moro Canas,7-5 7-5,Final,0,2026-03-28,0,0,0,0,0,0,0,0,0,0,0,0,0,0,0,0,0,0,0,0,0
2026-chall-tenerife,Tenerife,C,Hard,20260209,Alejandro Moro Canas,Daniel Merida,6-2 3-6 7-5,Semifinals,0,2026-03-28,0,0,0,0,0,0,0,0,0,0,0,0,0,0,0,0,0,0,0,0,0
2026-chall-tenerife,Tenerife,C,Hard,20260209,Lloyd Harris,Pablo Llamas Ruiz,6-4 7-6,Semifinals,0,2026-03-28,0,0,0,0,0,0,0,0,0,0,0,0,0,0,0,0,0,0,0,0,0
2026-chall-tenerife,Tenerife,C,Hard,20260209,Pablo Llamas Ruiz,Luka Mikrut,3-6 7-5 6-2,Quarterfinals,0,2026-03-28,0,0,0,0,0,0,0,0,0,0,0,0,0,0,0,0,0,0,0,0,0
2026-chall-tenerife,Tenerife,C,Hard,20260209,Alejandro Moro Canas,Stefano Travaglia,6-4 6-2,Quarterfinals,0,2026-03-28,0,0,0,0,0,0,0,0,0,0,0,0,0,0,0,0,0,0,0,0,0
2026-chall-tenerife,Tenerife,C,Hard,20260209,Daniel Merida,Tom Gentzsch,6-1 6-4,Quarterfinals,0,2026-03-28,0,0,0,0,0,0,0,0,0,0,0,0,0,0,0,0,0,0,0,0,0
2026-chall-tenerife,Tenerife,C,Hard,20260209,Lloyd Harris,Pol Martin Tiffon,6-7 6-4 6-4,Quarterfinals,0,2026-03-28,0,0,0,0,0,0,0,0,0,0,0,0,0,0,0,0,0,0,0,0,0
2026-chall-tenerife,Tenerife,C,Hard,20260209,Tom Gentzsch,Francesco Maestrelli,6-4 6-4,Round of 16,0,2026-03-28,0,0,0,0,0,0,0,0,0,0,0,0,0,0,0,0,0,0,0,0,0
2026-chall-tenerife,Tenerife,C,Hard,20260209,Stefano Travaglia,Hynek Barton,6-1 6-3,Round of 16,0,2026-03-28,0,0,0,0,0,0,0,0,0,0,0,0,0,0,0,0,0,0,0,0,0
2026-chall-tenerife,Tenerife,C,Hard,20260209,Pol Martin Tiffon,Marc-Andrea Huesler,6-2 4-6 6-3,Round of 16,0,2026-03-28,0,0,0,0,0,0,0,0,0,0,0,0,0,0,0,0,0,0,0,0,0
2026-chall-tenerife,Tenerife,C,Hard,20260209,Alejandro Moro Canas,Benjamin Hassan,6-1 6-4,Round of 16,0,2026-03-28,0,0,0,0,0,0,0,0,0,0,0,0,0,0,0,0,0,0,0,0,0
2026-chall-tenerife,Tenerife,C,Hard,20260209,Luka Mikrut,Giles Hussey,6-4 4-6 6-1,Round of 16,0,2026-03-28,0,0,0,0,0,0,0,0,0,0,0,0,0,0,0,0,0,0,0,0,0
2026-chall-tenerife,Tenerife,C,Hard,20260209,Daniel Merida,Toby Samuel,7-6 6-4,Round of 16,0,2026-03-28,0,0,0,0,0,0,0,0,0,0,0,0,0,0,0,0,0,0,0,0,0
2026-chall-tenerife,Tenerife,C,Hard,20260209,Lloyd Harris,Miguel Damas,6-7 0-3 6-1,Round of 16,0,2026-03-28,0,0,0,0,0,0,0,0,0,0,0,0,0,0,0,0,0,0,0,0,0
2026-chall-tenerife,Tenerife,C,Hard,20260209,Pablo Llamas Ruiz,Jacopo Berrettini,6-2 6-2,Round of 16,0,2026-03-28,0,0,0,0,0,0,0,0,0,0,0,0,0,0,0,0,0,0,0,0,0
2026-chall-tenerife,Tenerife,C,Hard,20260209,Tom Gentzsch,Benjamin Willwerth,2-6 6-0 7-6,Round of 32,0,2026-03-28,0,0,0,0,0,0,0,0,0,0,0,0,0,0,0,0,0,0,0,0,0
2026-chall-tenerife,Tenerife,C,Hard,20260209,Benjamin Hassan,Sascha Gueymard Wayenburg,7-6 6-6,Round of 32,0,2026-03-28,0,0,0,0,0,0,0,0,0,0,0,0,0,0,0,0,0,0,0,0,0
2026-chall-tenerife,Tenerife,C,Hard,20260209,Pol Martin Tiffon,Raul Brancaccio,7-6 6-2,Round of 32,0,2026-03-28,0,0,0,0,0,0,0,0,0,0,0,0,0,0,0,0,0,0,0,0,0
2026-chall-tenerife,Tenerife,C,Hard,20260209,Francesco Maestrelli,Sergio Callejon Hernando,4-6 6-2 6-4,Round of 32,0,2026-03-28,0,0,0,0,0,0,0,0,0,0,0,0,0,0,0,0,0,0,0,0,0
2026-chall-tenerife,Tenerife,C,Hard,20260209,Marc-Andrea Huesler,Sebastian Ofner,6-3 6-7 6-3,Round of 32,0,2026-03-28,0,0,0,0,0,0,0,0,0,0,0,0,0,0,0,0,0,0,0,0,0
2026-chall-tenerife,Tenerife,C,Hard,20260209,Luka Mikrut,Izan Almazan Valiente,6-1 2-6 6-3,Round of 32,0,2026-03-28,0,0,0,0,0,0,0,0,0,0,0,0,0,0,0,0,0,0,0,0,0
2026-chall-tenerife,Tenerife,C,Hard,20260209,Stefano Travaglia,Abdullah Shelbayh,6-3 5-7 7-5,Round of 32,0,2026-03-28,0,0,0,0,0,0,0,0,0,0,0,0,0,0,0,0,0,0,0,0,0
2026-chall-tenerife,Tenerife,C,Hard,20260209,Daniel Merida,Lorenzo Giustino,6-4 2-0,Round of 32,0,2026-03-28,0,0,0,0,0,0,0,0,0,0,0,0,0,0,0,0,0,0,0,0,0
2026-chall-tenerife,Tenerife,C,Hard,20260209,Lloyd Harris,Gabriele Piraino,6-3 6-4,Round of 32,0,2026-03-28,0,0,0,0,0,0,0,0,0,0,0,0,0,0,0,0,0,0,0,0,0
2026-chall-tenerife,Tenerife,C,Hard,20260209,Alejandro Moro Canas,George Loffhagen,4-6 6-2 2-0,Round of 32,0,2026-03-28,0,0,0,0,0,0,0,0,0,0,0,0,0,0,0,0,0,0,0,0,0
2026-chall-tenerife,Tenerife,C,Hard,20260209,Hynek Barton,Ryan Peniston,7-6 4-8 6-6,Round of 32,0,2026-03-28,0,0,0,0,0,0,0,0,0,0,0,0,0,0,0,0,0,0,0,0,0
2026-chall-tenerife,Tenerife,C,Hard,20260209,Miguel Damas,Tiago Pereira,7-5 6-3,Round of 32,0,2026-03-28,0,0,0,0,0,0,0,0,0,0,0,0,0,0,0,0,0,0,0,0,0
2026-chall-tenerife,Tenerife,C,Hard,20260209,Giles Hussey,Matej Dodig,6-3 6-1,Round of 32,0,2026-03-28,0,0,0,0,0,0,0,0,0,0,0,0,0,0,0,0,0,0,0,0,0
2026-chall-tenerife,Tenerife,C,Hard,20260209,Pablo Llamas Ruiz,Javier Barranco Cosano,6-4 7-5,Round of 32,0,2026-03-28,0,0,0,0,0,0,0,0,0,0,0,0,0,0,0,0,0,0,0,0,0
2026-chall-tenerife,Tenerife,C,Hard,20260209,Jacopo Berrettini,Jacopo Vasami,6-3 6-3,Round of 32,0,2026-03-28,0,0,0,0,0,0,0,0,0,0,0,0,0,0,0,0,0,0,0,0,0
2026-chall-tenerife,Tenerife,C,Hard,20260209,Toby Samuel,Daniel Rincon,7-5 6-0,Round of 32,0,2026-03-28,0,0,0,0,0,0,0,0,0,0,0,0,0,0,0,0,0,0,0,0,0
2026-chall-tenerife,Tenerife,C,Hard,20260209,Gabriele Piraino,Hynek Barton,6-4 7-6,2nd Round Qualifying,0,2026-03-28,0,0,0,0,0,0,0,0,0,0,0,0,0,0,0,0,0,0,0,0,0
2026-chall-tenerife,Tenerife,C,Hard,20260209,Abdullah Shelbayh,Alejo Sanchez Quilez,6-1 6-2,2nd Round Qualifying,0,2026-03-28,0,0,0,0,0,0,0,0,0,0,0,0,0,0,0,0,0,0,0,0,0
2026-chall-tenerife,Tenerife,C,Hard,20260209,Miguel Damas,Alex Martinez,6-4 6-3,2nd Round Qualifying,0,2026-03-28,0,0,0,0,0,0,0,0,0,0,0,0,0,0,0,0,0,0,0,0,0
2026-chall-tenerife,Tenerife,C,Hard,20260209,Sergio Callejon Hernando,Sergey Fomin,7-6 6-3,2nd Round Qualifying,0,2026-03-28,0,0,0,0,0,0,0,0,0,0,0,0,0,0,0,0,0,0,0,0,0
2026-chall-tenerife,Tenerife,C,Hard,20260209,Giles Hussey,Federico Bondioli,6-3 6-2,2nd Round Qualifying,0,2026-03-28,0,0,0,0,0,0,0,0,0,0,0,0,0,0,0,0,0,0,0,0,0
2026-chall-tenerife,Tenerife,C,Hard,20260209,Izan Almazan Valiente,Dali Blanch,6-3 7-6,2nd Round Qualifying,0,2026-03-28,0,0,0,0,0,0,0,0,0,0,0,0,0,0,0,0,0,0,0,0,0
2026-chall-tenerife,Tenerife,C,Hard,20260209,Hynek Barton,Ivan Marrero Curbelo,6-2 6-2,1st Round Qualifying,0,2026-03-28,0,0,0,0,0,0,0,0,0,0,0,0,0,0,0,0,0,0,0,0,0
2026-chall-tenerife,Tenerife,C,Hard,20260209,Abdullah Shelbayh,Alberto Barroso Campos,6-1 5-7 6-3,1st Round Qualifying,0,2026-03-28,0,0,0,0,0,0,0,0,0,0,0,0,0,0,0,0,0,0,0,0,0
2026-chall-tenerife,Tenerife,C,Hard,20260209,Izan Almazan Valiente,Mathys Erhard,6-2 3-6 7-6,1st Round Qualifying,0,2026-03-28,0,0,0,0,0,0,0,0,0,0,0,0,0,0,0,0,0,0,0,0,0
2026-chall-tenerife,Tenerife,C,Hard,20260209,Miguel Damas,Bruno Pujol Navarro,6-2 6-1,1st Round Qualifying,0,2026-03-28,0,0,0,0,0,0,0,0,0,0,0,0,0,0,0,0,0,0,0,0,0
2026-chall-tenerife,Tenerife,C,Hard,20260209,Sergey Fomin,Filip Peliwo,6-1 6-1,1st Round Qualifying,0,2026-03-28,0,0,0,0,0,0,0,0,0,0,0,0,0,0,0,0,0,0,0,0,0
2026-chall-tenerife,Tenerife,C,Hard,20260209,Giles Hussey,Kacper Knitter,6-2 6-0,1st Round Qualifying,0,2026-03-28,0,0,0,0,0,0,0,0,0,0,0,0,0,0,0,0,0,0,0,0,0
2026-chall-tenerife,Tenerife,C,Hard,20260209,Gabriele Piraino,Szymon Kielan,6-2 6-3,1st Round Qualifying,0,2026-03-28,0,0,0,0,0,0,0,0,0,0,0,0,0,0,0,0,0,0,0,0,0
2026-chall-tenerife,Tenerife,C,Hard,20260209,Alex Martinez,Joel Toral Ocana,6-2 6-4,1st Round Qualifying,0,2026-03-28,0,0,0,0,0,0,0,0,0,0,0,0,0,0,0,0,0,0,0,0,0
2026-chall-tenerife,Tenerife,C,Hard,20260209,Alejo Sanchez Quilez,Alibek Kachmazov,0-6 6-4 6-2,1st Round Qualifying,0,2026-03-28,0,0,0,0,0,0,0,0,0,0,0,0,0,0,0,0,0,0,0,0,0
2026-chall-tenerife,Tenerife,C,Hard,20260209,Federico Bondioli,David Vega Hernandez,6-2 6-2,1st Round Qualifying,0,2026-03-28,0,0,0,0,0,0,0,0,0,0,0,0,0,0,0,0,0,0,0,0,0
2026-chall-tenerife,Tenerife,C,Hard,20260209,Dali Blanch,Samuel Garcia Hernandez,6-0 6-4,1st Round Qualifying,0,2026-03-28,0,0,0,0,0,0,0,0,0,0,0,0,0,0,0,0,0,0,0,0,0
2026-chall-tenerife,Tenerife,C,Hard,20260209,Sergio Callejon Hernando,Giovanni Fonio,6-1 6-0,1st Round Qualifying,0,2026-03-28,0,0,0,0,0,0,0,0,0,0,0,0,0,0,0,0,0,0,0,0,0
2026-chall-koblenz,Koblenz,C,Hard,20260202,Pavel Kotov,Tom Gentzsch,6-4 1-6 7-6,Final,0,2026-03-28,0,0,0,0,0,0,0,0,0,0,0,0,0,0,0,0,0,0,0,0,0
2026-chall-koblenz,Koblenz,C,Hard,20260202,Tom Gentzsch,Christoph Negritu,7-6 7-3,Semifinals,0,2026-03-28,0,0,0,0,0,0,0,0,0,0,0,0,0,0,0,0,0,0,0,0,0
2026-chall-koblenz,Koblenz,C,Hard,20260202,Pavel Kotov,Max Schoenhaus,6-4 6-0,Semifinals,0,2026-03-28,0,0,0,0,0,0,0,0,0,0,0,0,0,0,0,0,0,0,0,0,0
2026-chall-koblenz,Koblenz,C,Hard,20260202,Christoph Negritu,Dan Added,6-7 5-5 7-4,Quarterfinals,0,2026-03-28,0,0,0,0,0,0,0,0,0,0,0,0,0,0,0,0,0,0,0,0,0
2026-chall-koblenz,Koblenz,C,Hard,20260202,Max Schoenhaus,Kaichi Uchida,7-5 6-7 6-2,Quarterfinals,0,2026-03-28,0,0,0,0,0,0,0,0,0,0,0,0,0,0,0,0,0,0,0,0,0
2026-chall-koblenz,Koblenz,C,Hard,20260202,Tom Gentzsch,Florian Broska,6-7 7-2 6-2,Quarterfinals,0,2026-03-28,0,0,0,0,0,0,0,0,0,0,0,0,0,0,0,0,0,0,0,0,0
2026-chall-koblenz,Koblenz,C,Hard,20260202,Pavel Kotov,Max Hans Rehberg,6-2 6-4,Quarterfinals,0,2026-03-28,0,0,0,0,0,0,0,0,0,0,0,0,0,0,0,0,0,0,0,0,0
2026-chall-koblenz,Koblenz,C,Hard,20260202,Pavel Kotov,Zdenek Kolar,6-4 6-3,Round of 16,0,2026-03-28,0,0,0,0,0,0,0,0,0,0,0,0,0,0,0,0,0,0,0,0,0
2026-chall-koblenz,Koblenz,C,Hard,20260202,Dan Added,Rudolf Molleker,6-4 6-7 3-6 7-5,Round of 16,0,2026-03-28,0,0,0,0,0,0,0,0,0,0,0,0,0,0,0,0,0,0,0,0,0
2026-chall-koblenz,Koblenz,C,Hard,20260202,Kaichi Uchida,Max Wiskandt,7-6 7-4,Round of 16,0,2026-03-28,0,0,0,0,0,0,0,0,0,0,0,0,0,0,0,0,0,0,0,0,0
2026-chall-koblenz,Koblenz,C,Hard,20260202,Max Schoenhaus,Patrick Zahraj,6-3 6-4,Round of 16,0,2026-03-28,0,0,0,0,0,0,0,0,0,0,0,0,0,0,0,0,0,0,0,0,0
2026-chall-koblenz,Koblenz,C,Hard,20260202,Tom Gentzsch,Martin Krumich,6-3 6-4,Round of 16,0,2026-03-28,0,0,0,0,0,0,0,0,0,0,0,0,0,0,0,0,0,0,0,0,0
2026-chall-koblenz,Koblenz,C,Hard,20260202,Max Hans Rehberg,Buvaysar Gadamauri,6-0 5-7 7-6,Round of 16,0,2026-03-28,0,0,0,0,0,0,0,0,0,0,0,0,0,0,0,0,0,0,0,0,0
2026-chall-koblenz,Koblenz,C,Hard,20260202,Florian Broska,Jonas Forejtek,6-7 5-3 6-4,Round of 16,0,2026-03-28,0,0,0,0,0,0,0,0,0,0,0,0,0,0,0,0,0,0,0,0,0
2026-chall-koblenz,Koblenz,C,Hard,20260202,Christoph Negritu,Tibo Colson,7-6 7-6,Round of 16,0,2026-03-28,0,0,0,0,0,0,0,0,0,0,0,0,0,0,0,0,0,0,0,0,0
2026-chall-koblenz,Koblenz,C,Hard,20260202,Zdenek Kolar,Carlos Sanchez Jover,6-2 6-3,Round of 32,0,2026-03-28,0,0,0,0,0,0,0,0,0,0,0,0,0,0,0,0,0,0,0,0,0
2026-chall-koblenz,Koblenz,C,Hard,20260202,Dan Added,Daniel Masur,4-6 6-2 6-4,Round of 32,0,2026-03-28,0,0,0,0,0,0,0,0,0,0,0,0,0,0,0,0,0,0,0,0,0
2026-chall-koblenz,Koblenz,C,Hard,20260202,Buvaysar Gadamauri,Henri Squire,2-6 6-1 6-3,Round of 32,0,2026-03-28,0,0,0,0,0,0,0,0,0,0,0,0,0,0,0,0,0,0,0,0,0
2026-chall-koblenz,Koblenz,C,Hard,20260202,Rudolf Molleker,Marvin Moeller,2-6 7-5 6-3,Round of 32,0,2026-03-28,0,0,0,0,0,0,0,0,0,0,0,0,0,0,0,0,0,0,0,0,0
2026-chall-koblenz,Koblenz,C,Hard,20260202,Max Wiskandt,Niels McDonald,7-5 2-6 6-3,Round of 32,0,2026-03-28,0,0,0,0,0,0,0,0,0,0,0,0,0,0,0,0,0,0,0,0,0
2026-chall-koblenz,Koblenz,C,Hard,20260202,Florian Broska,Johannus Monday,6-3 1-0,Round of 32,0,2026-03-28,0,0,0,0,0,0,0,0,0,0,0,0,0,0,0,0,0,0,0,0,0
2026-chall-koblenz,Koblenz,C,Hard,20260202,Kaichi Uchida,Johan Nikles,6-4 6-1,Round of 32,0,2026-03-28,0,0,0,0,0,0,0,0,0,0,0,0,0,0,0,0,0,0,0,0,0
2026-chall-koblenz,Koblenz,C,Hard,20260202,Patrick Zahraj,Mats Rosenkranz,3-6 5-5,Round of 32,0,2026-03-28,0,0,0,0,0,0,0,0,0,0,0,0,0,0,0,0,0,0,0,0,0
2026-chall-koblenz,Koblenz,C,Hard,20260202,Tom Gentzsch,Diego Dedura,6-3 5-7 6-4,Round of 32,0,2026-03-28,0,0,0,0,0,0,0,0,0,0,0,0,0,0,0,0,0,0,0,0,0
2026-chall-koblenz,Koblenz,C,Hard,20260202,Pavel Kotov,Alberto Barroso Campos,6-2 6-2,Round of 32,0,2026-03-28,0,0,0,0,0,0,0,0,0,0,0,0,0,0,0,0,0,0,0,0,0
2026-chall-koblenz,Koblenz,C,Hard,20260202,Martin Krumich,Matthew William Donald,6-4 7-5,Round of 32,0,2026-03-28,0,0,0,0,0,0,0,0,0,0,0,0,0,0,0,0,0,0,0,0,0
2026-chall-koblenz,Koblenz,C,Hard,20260202,Max Hans Rehberg,Liam Gavrielides,6-3 6-2,Round of 32,0,2026-03-28,0,0,0,0,0,0,0,0,0,0,0,0,0,0,0,0,0,0,0,0,0
2026-chall-koblenz,Koblenz,C,Hard,20260202,Max Schoenhaus,Mika Petkovic,5-7 7-5 6-3,Round of 32,0,2026-03-28,0,0,0,0,0,0,0,0,0,0,0,0,0,0,0,0,0,0,0,0,0
2026-chall-koblenz,Koblenz,C,Hard,20260202,Christoph Negritu,Michael Geerts,2-6 6-3 7-6,Round of 32,0,2026-03-28,0,0,0,0,0,0,0,0,0,0,0,0,0,0,0,0,0,0,0,0,0
2026-chall-koblenz,Koblenz,C,Hard,20260202,Tibo Colson,Mae Malige,7-6 2-2 6-6,Round of 32,0,2026-03-28,0,0,0,0,0,0,0,0,0,0,0,0,0,0,0,0,0,0,0,0,0
2026-chall-koblenz,Koblenz,C,Hard,20260202,Jonas Forejtek,Vadym Ursu,6-2 6-1,Round of 32,0,2026-03-28,0,0,0,0,0,0,0,0,0,0,0,0,0,0,0,0,0,0,0,0,0
2026-chall-koblenz,Koblenz,C,Hard,20260202,Buvaysar Gadamauri,Alec Deckers,7-5 6-3,2nd Round Qualifying,0,2026-03-28,0,0,0,0,0,0,0,0,0,0,0,0,0,0,0,0,0,0,0,0,0
2026-chall-koblenz,Koblenz,C,Hard,20260202,Max Hans Rehberg,Louis Wessels,6-3 6-3,2nd Round Qualifying,0,2026-03-28,0,0,0,0,0,0,0,0,0,0,0,0,0,0,0,0,0,0,0,0,0
2026-chall-koblenz,Koblenz,C,Hard,20260202,Johan Nikles,Loann Massard,6-4 7-5,2nd Round Qualifying,0,2026-03-28,0,0,0,0,0,0,0,0,0,0,0,0,0,0,0,0,0,0,0,0,0
2026-chall-koblenz,Koblenz,C,Hard,20260202,Matthew William Donald,Stijn Slump,7-5 6-3,2nd Round Qualifying,0,2026-03-28,0,0,0,0,0,0,0,0,0,0,0,0,0,0,0,0,0,0,0,0,0
2026-chall-koblenz,Koblenz,C,Hard,20260202,Liam Gavrielides,John Sperle,6-3 7-5,2nd Round Qualifying,0,2026-03-28,0,0,0,0,0,0,0,0,0,0,0,0,0,0,0,0,0,0,0,0,0
2026-chall-koblenz,Koblenz,C,Hard,20260202,Mika Petkovic,Matyas Cerny,6-2 6-4,2nd Round Qualifying,0,2026-03-28,0,0,0,0,0,0,0,0,0,0,0,0,0,0,0,0,0,0,0,0,0
2026-chall-koblenz,Koblenz,C,Hard,20260202,Buvaysar Gadamauri,Jonathan Dazert,6-1 6-2,1st Round Qualifying,0,2026-03-28,0,0,0,0,0,0,0,0,0,0,0,0,0,0,0,0,0,0,0,0,0
2026-chall-koblenz,Koblenz,C,Hard,20260202,Max Hans Rehberg,Oskari Paldanius,7-6 6-0,1st Round Qualifying,0,2026-03-28,0,0,0,0,0,0,0,0,0,0,0,0,0,0,0,0,0,0,0,0,0
2026-chall-koblenz,Koblenz,C,Hard,20260202,Johan Nikles,Kai Wehnelt,6-2 6-2,1st Round Qualifying,0,2026-03-28,0,0,0,0,0,0,0,0,0,0,0,0,0,0,0,0,0,0,0,0,0
2026-chall-koblenz,Koblenz,C,Hard,20260202,Mika Petkovic,Robin Catry,6-4 3-6 7-5,1st Round Qualifying,0,2026-03-28,0,0,0,0,0,0,0,0,0,0,0,0,0,0,0,0,0,0,0,0,0
2026-chall-koblenz,Koblenz,C,Hard,20260202,Matthew William Donald,David Eichenseher,6-3 6-4,1st Round Qualifying,0,2026-03-28,0,0,0,0,0,0,0,0,0,0,0,0,0,0,0,0,0,0,0,0,0
2026-chall-koblenz,Koblenz,C,Hard,20260202,John Sperle,Adrian Oetzbach,7-6 6-4,1st Round Qualifying,0,2026-03-28,0,0,0,0,0,0,0,0,0,0,0,0,0,0,0,0,0,0,0,0,0
2026-chall-koblenz,Koblenz,C,Hard,20260202,Loann Massard,Maik Steiner,6-7 6-1 6-3,1st Round Qualifying,0,2026-03-28,0,0,0,0,0,0,0,0,0,0,0,0,0,0,0,0,0,0,0,0,0
2026-chall-koblenz,Koblenz,C,Hard,20260202,Louis Wessels,Niklas Schell,7-6 6-0,1st Round Qualifying,0,2026-03-28,0,0,0,0,0,0,0,0,0,0,0,0,0,0,0,0,0,0,0,0,0
2026-chall-koblenz,Koblenz,C,Hard,20260202,Alec Deckers,Yannik Kelm,6-4 1-6 6-2,1st Round Qualifying,0,2026-03-28,0,0,0,0,0,0,0,0,0,0,0,0,0,0,0,0,0,0,0,0,0
2026-chall-koblenz,Koblenz,C,Hard,20260202,Matyas Cerny,Tim Handel,6-2 6-2,1st Round Qualifying,0,2026-03-28,0,0,0,0,0,0,0,0,0,0,0,0,0,0,0,0,0,0,0,0,0
2026-chall-koblenz,Koblenz,C,Hard,20260202,Stijn Slump,Felix Einig,5-7 7-5 6-2,1st Round Qualifying,0,2026-03-28,0,0,0,0,0,0,0,0,0,0,0,0,0,0,0,0,0,0,0,0,0
2026-chall-koblenz,Koblenz,C,Hard,20260202,Liam Gavrielides,Kenny De Schepper,2-6 6-4 6-4,1st Round Qualifying,0,2026-03-28,0,0,0,0,0,0,0,0,0,0,0,0,0,0,0,0,0,0,0,0,0
2026-chall-cesenatico,Cesenatico,C,Hard,20260202,Oleg Prihodko,Raul Brancaccio,6-7 8-4 6-4,Final,0,2026-03-28,0,0,0,0,0,0,0,0,0,0,0,0,0,0,0,0,0,0,0,0,0
2026-chall-cesenatico,Cesenatico,C,Hard,20260202,Oleg Prihodko,Ivan Gakhov,6-3 7-6,Semifinals,0,2026-03-28,0,0,0,0,0,0,0,0,0,0,0,0,0,0,0,0,0,0,0,0,0
2026-chall-cesenatico,Cesenatico,C,Hard,20260202,Raul Brancaccio,Filippo Romano,6-4 6-3,Semifinals,0,2026-03-28,0,0,0,0,0,0,0,0,0,0,0,0,0,0,0,0,0,0,0,0,0
2026-chall-cesenatico,Cesenatico,C,Hard,20260202,Ivan Gakhov,Petr Brunclik,6-4 7-6,Quarterfinals,0,2026-03-28,0,0,0,0,0,0,0,0,0,0,0,0,0,0,0,0,0,0,0,0,0
2026-chall-cesenatico,Cesenatico,C,Hard,20260202,Raul Brancaccio,Pietro Fellin,6-1 6-3,Quarterfinals,0,2026-03-28,0,0,0,0,0,0,0,0,0,0,0,0,0,0,0,0,0,0,0,0,0
2026-chall-cesenatico,Cesenatico,C,Hard,20260202,Oleg Prihodko,Federico Iannaccone,6-0 7-6,Quarterfinals,0,2026-03-28,0,0,0,0,0,0,0,0,0,0,0,0,0,0,0,0,0,0,0,0,0
2026-chall-cesenatico,Cesenatico,C,Hard,20260202,Filippo Romano,Enrico Dalla Valle,7-6 6-4,Quarterfinals,0,2026-03-28,0,0,0,0,0,0,0,0,0,0,0,0,0,0,0,0,0,0,0,0,0
2026-chall-cesenatico,Cesenatico,C,Hard,20260202,Filippo Romano,Charles Broom,7-5 6-3,Round of 16,0,2026-03-28,0,0,0,0,0,0,0,0,0,0,0,0,0,0,0,0,0,0,0,0,0
2026-chall-cesenatico,Cesenatico,C,Hard,20260202,Federico Iannaccone,Kilian Feldbausch,6-3 6-4,Round of 16,0,2026-03-28,0,0,0,0,0,0,0,0,0,0,0,0,0,0,0,0,0,0,0,0,0
2026-chall-cesenatico,Cesenatico,C,Hard,20260202,Raul Brancaccio,Laurent Lokoli,6-4 6-3,Round of 16,0,2026-03-28,0,0,0,0,0,0,0,0,0,0,0,0,0,0,0,0,0,0,0,0,0
2026-chall-cesenatico,Cesenatico,C,Hard,20260202,Enrico Dalla Valle,Cyril Vandermeersch,6-4 6-4,Round of 16,0,2026-03-28,0,0,0,0,0,0,0,0,0,0,0,0,0,0,0,0,0,0,0,0,0
2026-chall-cesenatico,Cesenatico,C,Hard,20260202,Oleg Prihodko,Lorenzo Rottoli,6-2 6-0,Round of 16,0,2026-03-28,0,0,0,0,0,0,0,0,0,0,0,0,0,0,0,0,0,0,0,0,0
2026-chall-cesenatico,Cesenatico,C,Hard,20260202,Ivan Gakhov,Francesco Forti,7-6 4-4 7-6,Round of 16,0,2026-03-28,0,0,0,0,0,0,0,0,0,0,0,0,0,0,0,0,0,0,0,0,0
2026-chall-cesenatico,Cesenatico,C,Hard,20260202,Petr Brunclik,Niels Visker,6-4 7-6,Round of 16,0,2026-03-28,0,0,0,0,0,0,0,0,0,0,0,0,0,0,0,0,0,0,0,0,0
2026-chall-cesenatico,Cesenatico,C,Hard,20260202,Pietro Fellin,Svyatoslav Gulin,6-2 7-6,Round of 16,0,2026-03-28,0,0,0,0,0,0,0,0,0,0,0,0,0,0,0,0,0,0,0,0,0
2026-chall-cesenatico,Cesenatico,C,Hard,20260202,Enrico Dalla Valle,Remy Bertola,4-6 7-6 6-8,Round of 32,0,2026-03-28,0,0,0,0,0,0,0,0,0,0,0,0,0,0,0,0,0,0,0,0,0
2026-chall-cesenatico,Cesenatico,C,Hard,20260202,Federico Iannaccone,Michele Mecarelli,3-6 6-3 3-0,Round of 32,0,2026-03-28,0,0,0,0,0,0,0,0,0,0,0,0,0,0,0,0,0,0,0,0,0
2026-chall-cesenatico,Cesenatico,C,Hard,20260202,Raul Brancaccio,Calvin Hemery,6-4 7-6,Round of 32,0,2026-03-28,0,0,0,0,0,0,0,0,0,0,0,0,0,0,0,0,0,0,0,0,0
2026-chall-cesenatico,Cesenatico,C,Hard,20260202,Charles Broom,Stefano Napolitano,7-5 6-4,Round of 32,0,2026-03-28,0,0,0,0,0,0,0,0,0,0,0,0,0,0,0,0,0,0,0,0,0
2026-chall-cesenatico,Cesenatico,C,Hard,20260202,Petr Brunclik,Gianmarco Ferrari,6-3 6-4,Round of 32,0,2026-03-28,0,0,0,0,0,0,0,0,0,0,0,0,0,0,0,0,0,0,0,0,0
2026-chall-cesenatico,Cesenatico,C,Hard,20260202,Kilian Feldbausch,Josip Simundza,7-5 6-1,Round of 32,0,2026-03-28,0,0,0,0,0,0,0,0,0,0,0,0,0,0,0,0,0,0,0,0,0
2026-chall-cesenatico,Cesenatico,C,Hard,20260202,Svyatoslav Gulin,Giovanni Fonio,6-4 6-4,Round of 32,0,2026-03-28,0,0,0,0,0,0,0,0,0,0,0,0,0,0,0,0,0,0,0,0,0
2026-chall-cesenatico,Cesenatico,C,Hard,20260202,Oleg Prihodko,Federico Bondioli,6-4 4-6 6-4,Round of 32,0,2026-03-28,0,0,0,0,0,0,0,0,0,0,0,0,0,0,0,0,0,0,0,0,0
2026-chall-cesenatico,Cesenatico,C,Hard,20260202,Filippo Romano,Alex Martinez,7-6 6-5,Round of 32,0,2026-03-28,0,0,0,0,0,0,0,0,0,0,0,0,0,0,0,0,0,0,0,0,0
2026-chall-cesenatico,Cesenatico,C,Hard,20260202,Lorenzo Rottoli,Lorenzo Angelini,6-4 4-6 6-4,Round of 32,0,2026-03-28,0,0,0,0,0,0,0,0,0,0,0,0,0,0,0,0,0,0,0,0,0
2026-chall-cesenatico,Cesenatico,C,Hard,20260202,Cyril Vandermeersch,Radu Albot,6-3 7-5,Round of 32,0,2026-03-28,0,0,0,0,0,0,0,0,0,0,0,0,0,0,0,0,0,0,0,0,0
2026-chall-cesenatico,Cesenatico,C,Hard,20260202,Niels Visker,Andrea Guerrieri,6-3 7-6,Round of 32,0,2026-03-28,0,0,0,0,0,0,0,0,0,0,0,0,0,0,0,0,0,0,0,0,0
2026-chall-cesenatico,Cesenatico,C,Hard,20260202,Ivan Gakhov,Federico Arnaboldi,5-7 7-5 7-5,Round of 32,0,2026-03-28,0,0,0,0,0,0,0,0,0,0,0,0,0,0,0,0,0,0,0,0,0
2026-chall-cesenatico,Cesenatico,C,Hard,20260202,Pietro Fellin,Sandro Kopp,6-3 6-1,Round of 32,0,2026-03-28,0,0,0,0,0,0,0,0,0,0,0,0,0,0,0,0,0,0,0,0,0
2026-chall-cesenatico,Cesenatico,C,Hard,20260202,Francesco Forti,Pierluigi Basile,6-4 6-3,Round of 32,0,2026-03-28,0,0,0,0,0,0,0,0,0,0,0,0,0,0,0,0,0,0,0,0,0
2026-chall-cesenatico,Cesenatico,C,Hard,20260202,Laurent Lokoli,Carlo Alberto Caniato,7-6 7-7,Round of 32,0,2026-03-28,0,0,0,0,0,0,0,0,0,0,0,0,0,0,0,0,0,0,0,0,0
2026-chall-cesenatico,Cesenatico,C,Hard,20260202,Enrico Dalla Valle,Kasra Rahmani,6-3 6-1,2nd Round Qualifying,0,2026-03-28,0,0,0,0,0,0,0,0,0,0,0,0,0,0,0,0,0,0,0,0,0
2026-chall-cesenatico,Cesenatico,C,Hard,20260202,Lorenzo Rottoli,Giovanni Oradini,6-2 3-6 7-6,2nd Round Qualifying,0,2026-03-28,0,0,0,0,0,0,0,0,0,0,0,0,0,0,0,0,0,0,0,0,0
2026-chall-cesenatico,Cesenatico,C,Hard,20260202,Niels Visker,Fausto Tabacco,6-2 6-2,2nd Round Qualifying,0,2026-03-28,0,0,0,0,0,0,0,0,0,0,0,0,0,0,0,0,0,0,0,0,0
2026-chall-cesenatico,Cesenatico,C,Hard,20260202,Federico Iannaccone,Jacopo Bilardo,7-6 6-6,2nd Round Qualifying,0,2026-03-28,0,0,0,0,0,0,0,0,0,0,0,0,0,0,0,0,0,0,0,0,0
2026-chall-cesenatico,Cesenatico,C,Hard,20260202,Michele Mecarelli,Josip Simundza,6-1 5-7 6-3,2nd Round Qualifying,0,2026-03-28,0,0,0,0,0,0,0,0,0,0,0,0,0,0,0,0,0,0,0,0,0
2026-chall-cesenatico,Cesenatico,C,Hard,20260202,Lorenzo Angelini,David Poljak,6-4 7-6,2nd Round Qualifying,0,2026-03-28,0,0,0,0,0,0,0,0,0,0,0,0,0,0,0,0,0,0,0,0,0
2026-chall-cesenatico,Cesenatico,C,Hard,20260202,Enrico Dalla Valle,Andrea Valli,6-1 6-1,1st Round Qualifying,0,2026-03-28,0,0,0,0,0,0,0,0,0,0,0,0,0,0,0,0,0,0,0,0,0
2026-chall-cesenatico,Cesenatico,C,Hard,20260202,Michele Mecarelli,Maxime Janvier,6-1 3-6 6-2,1st Round Qualifying,0,2026-03-28,0,0,0,0,0,0,0,0,0,0,0,0,0,0,0,0,0,0,0,0,0
2026-chall-cesenatico,Cesenatico,C,Hard,20260202,Lorenzo Angelini,Sebastian Sorger,6-2 6-4,1st Round Qualifying,0,2026-03-28,0,0,0,0,0,0,0,0,0,0,0,0,0,0,0,0,0,0,0,0,0
2026-chall-cesenatico,Cesenatico,C,Hard,20260202,Jacopo Bilardo,Luca Castagnola,6-7 6-5 7-2,1st Round Qualifying,0,2026-03-28,0,0,0,0,0,0,0,0,0,0,0,0,0,0,0,0,0,0,0,0,0
2026-chall-cesenatico,Cesenatico,C,Hard,20260202,Giovanni Oradini,Daniel Bagnolini,6-1 6-4,1st Round Qualifying,0,2026-03-28,0,0,0,0,0,0,0,0,0,0,0,0,0,0,0,0,0,0,0,0,0
2026-chall-cesenatico,Cesenatico,C,Hard,20260202,Niels Visker,Giorgio Ricca,6-3 6-4,1st Round Qualifying,0,2026-03-28,0,0,0,0,0,0,0,0,0,0,0,0,0,0,0,0,0,0,0,0,0
2026-chall-cesenatico,Cesenatico,C,Hard,20260202,Federico Iannaccone,Alessio Balestrieri,6-0 6-0,1st Round Qualifying,0,2026-03-28,0,0,0,0,0,0,0,0,0,0,0,0,0,0,0,0,0,0,0,0,0
2026-chall-cesenatico,Cesenatico,C,Hard,20260202,Josip Simundza,Mick Veldheer,6-4 6-3,1st Round Qualifying,0,2026-03-28,0,0,0,0,0,0,0,0,0,0,0,0,0,0,0,0,0,0,0,0,0
2026-chall-cesenatico,Cesenatico,C,Hard,20260202,Fausto Tabacco,Giacomo Crisostomo,6-0 4-6 6-1,1st Round Qualifying,0,2026-03-28,0,0,0,0,0,0,0,0,0,0,0,0,0,0,0,0,0,0,0,0,0
2026-chall-cesenatico,Cesenatico,C,Hard,20260202,Lorenzo Rottoli,Gabriele Crivellaro,7-5 6-1,1st Round Qualifying,0,2026-03-28,0,0,0,0,0,0,0,0,0,0,0,0,0,0,0,0,0,0,0,0,0
2026-chall-cesenatico,Cesenatico,C,Hard,20260202,Kasra Rahmani,Pietro Ricci,6-3 6-3,1st Round Qualifying,0,2026-03-28,0,0,0,0,0,0,0,0,0,0,0,0,0,0,0,0,0,0,0,0,0
2026-chall-cesenatico,Cesenatico,C,Hard,20260202,David Poljak,Gabriele Bosio,6-3 6-2,1st Round Qualifying,0,2026-03-28,0,0,0,0,0,0,0,0,0,0,0,0,0,0,0,0,0,0,0,0,0
2026-chall-pau,Pau,C,Hard,20260209,Raphael Collignon,Benjamin Bonzi,7-6 6-5,Final,0,2026-03-28,0,0,0,0,0,0,0,0,0,0,0,0,0,0,0,0,0,0,0,0,0
2026-chall-pau,Pau,C,Hard,20260209,Raphael Collignon,Clement Tabur,7-5 6-4,Semifinals,0,2026-03-28,0,0,0,0,0,0,0,0,0,0,0,0,0,0,0,0,0,0,0,0,0
2026-chall-pau,Pau,C,Hard,20260209,Benjamin Bonzi,Henri Squire,7-6 6-6,Semifinals,0,2026-03-28,0,0,0,0,0,0,0,0,0,0,0,0,0,0,0,0,0,0,0,0,0
2026-chall-pau,Pau,C,Hard,20260209,Raphael Collignon,Luca Van Assche,6-2 6-4,Quarterfinals,0,2026-03-28,0,0,0,0,0,0,0,0,0,0,0,0,0,0,0,0,0,0,0,0,0
2026-chall-pau,Pau,C,Hard,20260209,Henri Squire,Alexander Shevchenko,6-7 5-6 7-6 7-6,Quarterfinals,0,2026-03-28,0,0,0,0,0,0,0,0,0,0,0,0,0,0,0,0,0,0,0,0,0
2026-chall-pau,Pau,C,Hard,20260209,Benjamin Bonzi,Arthur Bouquier,6-7 9-4 6-4,Quarterfinals,0,2026-03-28,0,0,0,0,0,0,0,0,0,0,0,0,0,0,0,0,0,0,0,0,0
2026-chall-pau,Pau,C,Hard,20260209,Clement Tabur,Moez Echargui,6-7 4-2 6-4,Quarterfinals,0,2026-03-28,0,0,0,0,0,0,0,0,0,0,0,0,0,0,0,0,0,0,0,0,0
2026-chall-pau,Pau,C,Hard,20260209,Raphael Collignon,Martin Damm,7-6 7-5,Round of 16,0,2026-03-28,0,0,0,0,0,0,0,0,0,0,0,0,0,0,0,0,0,0,0,0,0
2026-chall-pau,Pau,C,Hard,20260209,Alexander Shevchenko,Daniil Glinka,6-3 6-7 7-1,Round of 16,0,2026-03-28,0,0,0,0,0,0,0,0,0,0,0,0,0,0,0,0,0,0,0,0,0
2026-chall-pau,Pau,C,Hard,20260209,Luca Van Assche,Zdenek Kolar,1-6 6-3 6-4,Round of 16,0,2026-03-28,0,0,0,0,0,0,0,0,0,0,0,0,0,0,0,0,0,0,0,0,0
2026-chall-pau,Pau,C,Hard,20260209,Benjamin Bonzi,Leandro Riedi,6-3 7-6,Round of 16,0,2026-03-28,0,0,0,0,0,0,0,0,0,0,0,0,0,0,0,0,0,0,0,0,0
2026-chall-pau,Pau,C,Hard,20260209,Moez Echargui,Lukas Klein,6-2 6-2,Round of 16,0,2026-03-28,0,0,0,0,0,0,0,0,0,0,0,0,0,0,0,0,0,0,0,0,0
2026-chall-pau,Pau,C,Hard,20260209,Clement Tabur,Martin Landaluce,6-3 6-3,Round of 16,0,2026-03-28,0,0,0,0,0,0,0,0,0,0,0,0,0,0,0,0,0,0,0,0,0
2026-chall-pau,Pau,C,Hard,20260209,Arthur Bouquier,Luca Nardi,6-4 4-6 7-6,Round of 16,0,2026-03-28,0,0,0,0,0,0,0,0,0,0,0,0,0,0,0,0,0,0,0,0,0
2026-chall-pau,Pau,C,Hard,20260209,Henri Squire,Giulio Zeppieri,3-6 6-3 6-3,Round of 16,0,2026-03-28,0,0,0,0,0,0,0,0,0,0,0,0,0,0,0,0,0,0,0,0,0
2026-chall-pau,Pau,C,Hard,20260209,Raphael Collignon,Patrick Zahraj,7-5 6-2,Round of 32,0,2026-03-28,0,0,0,0,0,0,0,0,0,0,0,0,0,0,0,0,0,0,0,0,0
2026-chall-pau,Pau,C,Hard,20260209,Alexander Shevchenko,Clement Chidekh,6-4 7-6,Round of 32,0,2026-03-28,0,0,0,0,0,0,0,0,0,0,0,0,0,0,0,0,0,0,0,0,0
2026-chall-pau,Pau,C,Hard,20260209,Benjamin Bonzi,Mikhail Kukushkin,5-7 7-6 7-3,Round of 32,0,2026-03-28,0,0,0,0,0,0,0,0,0,0,0,0,0,0,0,0,0,0,0,0,0
2026-chall-pau,Pau,C,Hard,20260209,Daniil Glinka,Mark Lajal,6-3 4-3,Round of 32,0,2026-03-28,0,0,0,0,0,0,0,0,0,0,0,0,0,0,0,0,0,0,0,0,0
2026-chall-pau,Pau,C,Hard,20260209,Clement Tabur,Alexander Blockx,6-1 6-4,Round of 32,0,2026-03-28,0,0,0,0,0,0,0,0,0,0,0,0,0,0,0,0,0,0,0,0,0
2026-chall-pau,Pau,C,Hard,20260209,Luca Van Assche,Pavel Kotov,6-3 3-0,Round of 32,0,2026-03-28,0,0,0,0,0,0,0,0,0,0,0,0,0,0,0,0,0,0,0,0,0
2026-chall-pau,Pau,C,Hard,20260209,Moez Echargui,Justin Engel,7-6 6-2,Round of 32,0,2026-03-28,0,0,0,0,0,0,0,0,0,0,0,0,0,0,0,0,0,0,0,0,0
2026-chall-pau,Pau,C,Hard,20260209,Arthur Bouquier,Timofey Skatov,4-6 6-4 7-6,Round of 32,0,2026-03-28,0,0,0,0,0,0,0,0,0,0,0,0,0,0,0,0,0,0,0,0,0
2026-chall-pau,Pau,C,Hard,20260209,Martin Damm,Remy Bertola,7-5 6-3,Round of 32,0,2026-03-28,0,0,0,0,0,0,0,0,0,0,0,0,0,0,0,0,0,0,0,0,0
2026-chall-pau,Pau,C,Hard,20260209,Lukas Klein,Dan Added,5-2,Round of 32,0,2026-03-28,0,0,0,0,0,0,0,0,0,0,0,0,0,0,0,0,0,0,0,0,0
2026-chall-pau,Pau,C,Hard,20260209,Zdenek Kolar,James Trotter,3-6 7-6 6-5,Round of 32,0,2026-03-28,0,0,0,0,0,0,0,0,0,0,0,0,0,0,0,0,0,0,0,0,0
2026-chall-pau,Pau,C,Hard,20260209,Martin Landaluce,Oleg Prihodko,6-4 2-6 7-6,Round of 32,0,2026-03-28,0,0,0,0,0,0,0,0,0,0,0,0,0,0,0,0,0,0,0,0,0
2026-chall-pau,Pau,C,Hard,20260209,Leandro Riedi,Felix Balshaw,6-7 0-3 6-2,Round of 32,0,2026-03-28,0,0,0,0,0,0,0,0,0,0,0,0,0,0,0,0,0,0,0,0,0
2026-chall-pau,Pau,C,Hard,20260209,Henri Squire,Moise Kouame,6-3 7-5,Round of 32,0,2026-03-28,0,0,0,0,0,0,0,0,0,0,0,0,0,0,0,0,0,0,0,0,0
2026-chall-pau,Pau,C,Hard,20260209,Luca Nardi,Jerome Kym,6-4 7-6,Round of 32,0,2026-03-28,0,0,0,0,0,0,0,0,0,0,0,0,0,0,0,0,0,0,0,0,0
2026-chall-pau,Pau,C,Hard,20260209,Giulio Zeppieri,David Goffin,7-6 5-6 6-7,Round of 32,0,2026-03-28,0,0,0,0,0,0,0,0,0,0,0,0,0,0,0,0,0,0,0,0,0
2026-chall-pau,Pau,C,Hard,20260209,Remy Bertola,Robin Bertrand,6-2 6-7 2-2,2nd Round Qualifying,0,2026-03-28,0,0,0,0,0,0,0,0,0,0,0,0,0,0,0,0,0,0,0,0,0
2026-chall-pau,Pau,C,Hard,20260209,Clement Tabur,Marat Sharipov,6-3 4-6 7-6,2nd Round Qualifying,0,2026-03-28,0,0,0,0,0,0,0,0,0,0,0,0,0,0,0,0,0,0,0,0,0
2026-chall-pau,Pau,C,Hard,20260209,James Trotter,Mikhail Kukushkin,2-6 6-3 7-6,2nd Round Qualifying,0,2026-03-28,0,0,0,0,0,0,0,0,0,0,0,0,0,0,0,0,0,0,0,0,0
2026-chall-pau,Pau,C,Hard,20260209,Henri Squire,Geoffrey Blancaneaux,7-5 6-2,2nd Round Qualifying,0,2026-03-28,0,0,0,0,0,0,0,0,0,0,0,0,0,0,0,0,0,0,0,0,0
2026-chall-pau,Pau,C,Hard,20260209,Patrick Zahraj,Martin Krumich,,2nd Round Qualifying,0,2026-03-28,0,0,0,0,0,0,0,0,0,0,0,0,0,0,0,0,0,0,0,0,0
2026-chall-pau,Pau,C,Hard,20260209,Felix Balshaw,Maxime Janvier,5-7 6-3 6-2,2nd Round Qualifying,0,2026-03-28,0,0,0,0,0,0,0,0,0,0,0,0,0,0,0,0,0,0,0,0,0
2026-chall-pau,Pau,C,Hard,20260209,Remy Bertola,Leo Raquillet,6-3 6-3,1st Round Qualifying,0,2026-03-28,0,0,0,0,0,0,0,0,0,0,0,0,0,0,0,0,0,0,0,0,0
2026-chall-pau,Pau,C,Hard,20260209,Clement Tabur,Lucas Poullain,6-3 6-2,1st Round Qualifying,0,2026-03-28,0,0,0,0,0,0,0,0,0,0,0,0,0,0,0,0,0,0,0,0,0
2026-chall-pau,Pau,C,Hard,20260209,Mikhail Kukushkin,Robin Catry,7-6 6-2,1st Round Qualifying,0,2026-03-28,0,0,0,0,0,0,0,0,0,0,0,0,0,0,0,0,0,0,0,0,0
2026-chall-pau,Pau,C,Hard,20260209,Felix Balshaw,Calvin Hemery,3-6 6-1 7-6,1st Round Qualifying,0,2026-03-28,0,0,0,0,0,0,0,0,0,0,0,0,0,0,0,0,0,0,0,0,0
2026-chall-pau,Pau,C,Hard,20260209,Geoffrey Blancaneaux,Cyril Vandermeersch,6-3 6-3,1st Round Qualifying,0,2026-03-28,0,0,0,0,0,0,0,0,0,0,0,0,0,0,0,0,0,0,0,0,0
2026-chall-pau,Pau,C,Hard,20260209,Patrick Zahraj,Maxence Beauge,6-4 7-5,1st Round Qualifying,0,2026-03-28,0,0,0,0,0,0,0,0,0,0,0,0,0,0,0,0,0,0,0,0,0
2026-chall-pau,Pau,C,Hard,20260209,Henri Squire,Matteo Martineau,6-7 1-6 7-5 6-2,1st Round Qualifying,0,2026-03-28,0,0,0,0,0,0,0,0,0,0,0,0,0,0,0,0,0,0,0,0,0
2026-chall-pau,Pau,C,Hard,20260209,Robin Bertrand,Pierre Antoine Faut,3-6 7-6 6-4,1st Round Qualifying,0,2026-03-28,0,0,0,0,0,0,0,0,0,0,0,0,0,0,0,0,0,0,0,0,0
2026-chall-pau,Pau,C,Hard,20260209,Marat Sharipov,Laurent Lokoli,6-2 1-6 6-3,1st Round Qualifying,0,2026-03-28,0,0,0,0,0,0,0,0,0,0,0,0,0,0,0,0,0,0,0,0,0
2026-chall-pau,Pau,C,Hard,20260209,Maxime Janvier,Viktor Durasovic,6-4 2-6 7-6,1st Round Qualifying,0,2026-03-28,0,0,0,0,0,0,0,0,0,0,0,0,0,0,0,0,0,0,0,0,0
2026-chall-pau,Pau,C,Hard,20260209,James Trotter,Michele Ribecai,1-6 7-6 6-4,1st Round Qualifying,0,2026-03-28,0,0,0,0,0,0,0,0,0,0,0,0,0,0,0,0,0,0,0,0,0
2026-chall-pau,Pau,C,Hard,20260209,Martin Krumich,Loann Massard,7-5 6-4,1st Round Qualifying,0,2026-03-28,0,0,0,0,0,0,0,0,0,0,0,0,0,0,0,0,0,0,0,0,0
2026-chall-chennai,Chennai,C,Hard,20260209,Frederico Ferreira Silva,Federico Agustin Gomez,6-4 6-7 10-4,Final,0,2026-03-28,0,0,0,0,0,0,0,0,0,0,0,0,0,0,0,0,0,0,0,0,0
2026-chall-chennai,Chennai,C,Hard,20260209,Federico Agustin Gomez,Maks Kasnikowski,6-3 2-6 7-5,Semifinals,0,2026-03-28,0,0,0,0,0,0,0,0,0,0,0,0,0,0,0,0,0,0,0,0,0
2026-chall-chennai,Chennai,C,Hard,20260209,Frederico Ferreira Silva,Ilia Simakin,6-4 6-2,Semifinals,0,2026-03-28,0,0,0,0,0,0,0,0,0,0,0,0,0,0,0,0,0,0,0,0,0
2026-chall-chennai,Chennai,C,Hard,20260209,Federico Agustin Gomez,Denis Yevseyev,6-3 6-4,Quarterfinals,0,2026-03-28,0,0,0,0,0,0,0,0,0,0,0,0,0,0,0,0,0,0,0,0,0
2026-chall-chennai,Chennai,C,Hard,20260209,Ilia Simakin,Petr Bar Biryukov,7-6 4-5 7-6,Quarterfinals,0,2026-03-28,0,0,0,0,0,0,0,0,0,0,0,0,0,0,0,0,0,0,0,0,0
2026-chall-chennai,Chennai,C,Hard,20260209,Frederico Ferreira Silva,Ioannis Xilas,6-2 6-4,Quarterfinals,0,2026-03-28,0,0,0,0,0,0,0,0,0,0,0,0,0,0,0,0,0,0,0,0,0
2026-chall-chennai,Chennai,C,Hard,20260209,Maks Kasnikowski,Luca Castelnuovo,6-3 7-6,Quarterfinals,0,2026-03-28,0,0,0,0,0,0,0,0,0,0,0,0,0,0,0,0,0,0,0,0,0
2026-chall-chennai,Chennai,C,Hard,20260209,Luca Castelnuovo,Oliver Crawford,1-6 6-3 7-6,Round of 16,0,2026-03-28,0,0,0,0,0,0,0,0,0,0,0,0,0,0,0,0,0,0,0,0,0
2026-chall-chennai,Chennai,C,Hard,20260209,Ilia Simakin,Philip Sekulic,4-6 7-5 7-6,Round of 16,0,2026-03-28,0,0,0,0,0,0,0,0,0,0,0,0,0,0,0,0,0,0,0,0,0
2026-chall-chennai,Chennai,C,Hard,20260209,Frederico Ferreira Silva,Duje Ajdukovic,6-3 6-4,Round of 16,0,2026-03-28,0,0,0,0,0,0,0,0,0,0,0,0,0,0,0,0,0,0,0,0,0
2026-chall-chennai,Chennai,C,Hard,20260209,Petr Bar Biryukov,Sumit Nagal,4-6 7-6 6-2,Round of 16,0,2026-03-28,0,0,0,0,0,0,0,0,0,0,0,0,0,0,0,0,0,0,0,0,0
2026-chall-chennai,Chennai,C,Hard,20260209,Maks Kasnikowski,Sidharth Rawat,6-2 6-3,Round of 16,0,2026-03-28,0,0,0,0,0,0,0,0,0,0,0,0,0,0,0,0,0,0,0,0,0
2026-chall-chennai,Chennai,C,Hard,20260209,Ioannis Xilas,Eric Vanshelboim,6-3 6-4,Round of 16,0,2026-03-28,0,0,0,0,0,0,0,0,0,0,0,0,0,0,0,0,0,0,0,0,0
2026-chall-chennai,Chennai,C,Hard,20260209,Federico Agustin Gomez,Lorenzo Carboni,6-3 6-4,Round of 16,0,2026-03-28,0,0,0,0,0,0,0,0,0,0,0,0,0,0,0,0,0,0,0,0,0
2026-chall-chennai,Chennai,C,Hard,20260209,Denis Yevseyev,Mukund Sasikumar,3-6 6-2 6-3,Round of 16,0,2026-03-28,0,0,0,0,0,0,0,0,0,0,0,0,0,0,0,0,0,0,0,0,0
2026-chall-chennai,Chennai,C,Hard,20260209,Ioannis Xilas,Jay Clarke,6-4 6-4,Round of 32,0,2026-03-28,0,0,0,0,0,0,0,0,0,0,0,0,0,0,0,0,0,0,0,0,0
2026-chall-chennai,Chennai,C,Hard,20260209,Maks Kasnikowski,Aryan Lakshmanan,7-5 6-2,Round of 32,0,2026-03-28,0,0,0,0,0,0,0,0,0,0,0,0,0,0,0,0,0,0,0,0,0
2026-chall-chennai,Chennai,C,Hard,20260209,Federico Agustin Gomez,Manish Sureshkumar,6-1 6-2,Round of 32,0,2026-03-28,0,0,0,0,0,0,0,0,0,0,0,0,0,0,0,0,0,0,0,0,0
2026-chall-chennai,Chennai,C,Hard,20260209,Oliver Crawford,Digvijaypratap Singh,7-6 3-6 7-6,Round of 32,0,2026-03-28,0,0,0,0,0,0,0,0,0,0,0,0,0,0,0,0,0,0,0,0,0
2026-chall-chennai,Chennai,C,Hard,20260209,Ilia Simakin,Manas Dhamne,6-3 6-2,Round of 32,0,2026-03-28,0,0,0,0,0,0,0,0,0,0,0,0,0,0,0,0,0,0,0,0,0
2026-chall-chennai,Chennai,C,Hard,20260209,Sidharth Rawat,Rio Noguchi,2-6 6-3 6-2,Round of 32,0,2026-03-28,0,0,0,0,0,0,0,0,0,0,0,0,0,0,0,0,0,0,0,0,0
2026-chall-chennai,Chennai,C,Hard,20260209,Frederico Ferreira Silva,Karan Singh,6-4 6-4,Round of 32,0,2026-03-28,0,0,0,0,0,0,0,0,0,0,0,0,0,0,0,0,0,0,0,0,0
2026-chall-chennai,Chennai,C,Hard,20260209,Denis Yevseyev,Florent Bax,5-7 6-4 3-2,Round of 32,0,2026-03-28,0,0,0,0,0,0,0,0,0,0,0,0,0,0,0,0,0,0,0,0,0
2026-chall-chennai,Chennai,C,Hard,20260209,Sumit Nagal,Felix Gill,1-6 6-1 6-3,Round of 32,0,2026-03-28,0,0,0,0,0,0,0,0,0,0,0,0,0,0,0,0,0,0,0,0,0
2026-chall-chennai,Chennai,C,Hard,20260209,Duje Ajdukovic,Alexander Binda,6-4 6-4,Round of 32,0,2026-03-28,0,0,0,0,0,0,0,0,0,0,0,0,0,0,0,0,0,0,0,0,0
2026-chall-chennai,Chennai,C,Hard,20260209,Petr Bar Biryukov,Ishaque Eqbal,6-3 6-4,Round of 32,0,2026-03-28,0,0,0,0,0,0,0,0,0,0,0,0,0,0,0,0,0,0,0,0,0
2026-chall-chennai,Chennai,C,Hard,20260209,Lorenzo Carboni,S D Prajwal Dev,6-2,Round of 32,0,2026-03-28,0,0,0,0,0,0,0,0,0,0,0,0,0,0,0,0,0,0,0,0,0
2026-chall-chennai,Chennai,C,Hard,20260209,Luca Castelnuovo,Mitsuki Wei Kang Leong,6-4 6-0,Round of 32,0,2026-03-28,0,0,0,0,0,0,0,0,0,0,0,0,0,0,0,0,0,0,0,0,0
2026-chall-chennai,Chennai,C,Hard,20260209,Mukund Sasikumar,Nitin Kumar Sinha,7-5 6-3,Round of 32,0,2026-03-28,0,0,0,0,0,0,0,0,0,0,0,0,0,0,0,0,0,0,0,0,0
2026-chall-chennai,Chennai,C,Hard,20260209,Eric Vanshelboim,Aditya Vishal Balsekar,6-0 6-0,Round of 32,0,2026-03-28,0,0,0,0,0,0,0,0,0,0,0,0,0,0,0,0,0,0,0,0,0
2026-chall-chennai,Chennai,C,Hard,20260209,Philip Sekulic,Alastair Gray,6-3 7-6,Round of 32,0,2026-03-28,0,0,0,0,0,0,0,0,0,0,0,0,0,0,0,0,0,0,0,0,0
2026-chall-chennai,Chennai,C,Hard,20260209,S D Prajwal Dev,Abhinav Sanjeev Shanmugam,6-1 6-4,2nd Round Qualifying,0,2026-03-28,0,0,0,0,0,0,0,0,0,0,0,0,0,0,0,0,0,0,0,0,0
2026-chall-chennai,Chennai,C,Hard,20260209,Mitsuki Wei Kang Leong,Raghav Jaisinghani,4-6 6-3 6-1,2nd Round Qualifying,0,2026-03-28,0,0,0,0,0,0,0,0,0,0,0,0,0,0,0,0,0,0,0,0,0
2026-chall-chennai,Chennai,C,Hard,20260209,Aditya Vishal Balsekar,Timofei Derepasko,7-5 4-6 6-1,2nd Round Qualifying,0,2026-03-28,0,0,0,0,0,0,0,0,0,0,0,0,0,0,0,0,0,0,0,0,0
2026-chall-chennai,Chennai,C,Hard,20260209,Nitin Kumar Sinha,Adil Kalyanpur,6-4 6-2,2nd Round Qualifying,0,2026-03-28,0,0,0,0,0,0,0,0,0,0,0,0,0,0,0,0,0,0,0,0,0
2026-chall-chennai,Chennai,C,Hard,20260209,Ishaque Eqbal,Siddhant Banthia,7-5 1-0,2nd Round Qualifying,0,2026-03-28,0,0,0,0,0,0,0,0,0,0,0,0,0,0,0,0,0,0,0,0,0
2026-chall-chennai,Chennai,C,Hard,20260209,Aryan Lakshmanan,Sai Karteek Reddy Ganta,6-7 6-6 7-2 6-2,2nd Round Qualifying,0,2026-03-28,0,0,0,0,0,0,0,0,0,0,0,0,0,0,0,0,0,0,0,0,0
2026-chall-chennai,Chennai,C,Hard,20260209,Timofei Derepasko,Aniketh Venkataraman,6-1 6-4,1st Round Qualifying,0,2026-03-28,0,0,0,0,0,0,0,0,0,0,0,0,0,0,0,0,0,0,0,0,0
2026-chall-chennai,Chennai,C,Hard,20260209,Nitin Kumar Sinha,Oges Theyjo Jaya Prakash,6-4 6-1,1st Round Qualifying,0,2026-03-28,0,0,0,0,0,0,0,0,0,0,0,0,0,0,0,0,0,0,0,0,0
2026-chall-chennai,Chennai,C,Hard,20260209,Sai Karteek Reddy Ganta,Grigoriy Lomakin,3-6 6-3 6-4,1st Round Qualifying,0,2026-03-28,0,0,0,0,0,0,0,0,0,0,0,0,0,0,0,0,0,0,0,0,0
2026-chall-chennai,Chennai,C,Hard,20260209,Ishaque Eqbal,Carl Holder,6-2 6-0,1st Round Qualifying,0,2026-03-28,0,0,0,0,0,0,0,0,0,0,0,0,0,0,0,0,0,0,0,0,0
2026-chall-chennai,Chennai,C,Hard,20260209,Siddhant Banthia,Keerthivassan Suresh,7-6 6-1,1st Round Qualifying,0,2026-03-28,0,0,0,0,0,0,0,0,0,0,0,0,0,0,0,0,0,0,0,0,0
2026-chall-chennai,Chennai,C,Hard,20260209,Aryan Lakshmanan,Vadym Konovchuk,6-2 6-1,1st Round Qualifying,0,2026-03-28,0,0,0,0,0,0,0,0,0,0,0,0,0,0,0,0,0,0,0,0,0
2026-chall-chennai,Chennai,C,Hard,20260209,Abhinav Sanjeev Shanmugam,Saketh Myneni,,1st Round Qualifying,0,2026-03-28,0,0,0,0,0,0,0,0,0,0,0,0,0,0,0,0,0,0,0,0,0
2026-chall-chennai,Chennai,C,Hard,20260209,Adil Kalyanpur,Atharva Sharma,7-5 4-6 6-1,1st Round Qualifying,0,2026-03-28,0,0,0,0,0,0,0,0,0,0,0,0,0,0,0,0,0,0,0,0,0
2026-chall-chennai,Chennai,C,Hard,20260209,Raghav Jaisinghani,Muthu Aadhitiya Senthilkumar,6-4 3-6 6-2,1st Round Qualifying,0,2026-03-28,0,0,0,0,0,0,0,0,0,0,0,0,0,0,0,0,0,0,0,0,0
2026-chall-chennai,Chennai,C,Hard,20260209,Aditya Vishal Balsekar,Lohithaksha Bathrinath,7-6 4-5 6-6,1st Round Qualifying,0,2026-03-28,0,0,0,0,0,0,0,0,0,0,0,0,0,0,0,0,0,0,0,0,0
2026-chall-baton-rouge,Baton Rouge,C,Hard,20260209,Stefan Dostanic,Alexis Galarneau,6-4 6-1,Final,0,2026-03-28,0,0,0,0,0,0,0,0,0,0,0,0,0,0,0,0,0,0,0,0,0
2026-chall-baton-rouge,Baton Rouge,C,Hard,20260209,Alexis Galarneau,Andre Ilagan,6-3 6-2,Semifinals,0,2026-03-28,0,0,0,0,0,0,0,0,0,0,0,0,0,0,0,0,0,0,0,0,0
2026-chall-baton-rouge,Baton Rouge,C,Hard,20260209,Stefan Dostanic,Andres Andrade,4-6 6-2 7-5,Semifinals,0,2026-03-28,0,0,0,0,0,0,0,0,0,0,0,0,0,0,0,0,0,0,0,0,0
2026-chall-baton-rouge,Baton Rouge,C,Hard,20260209,Alexis Galarneau,Daniel Milavsky,6-4 6-4,Quarterfinals,0,2026-03-28,0,0,0,0,0,0,0,0,0,0,0,0,0,0,0,0,0,0,0,0,0
2026-chall-baton-rouge,Baton Rouge,C,Hard,20260209,Andres Andrade,Braden Shick,,Quarterfinals,0,2026-03-28,0,0,0,0,0,0,0,0,0,0,0,0,0,0,0,0,0,0,0,0,0
2026-chall-baton-rouge,Baton Rouge,C,Hard,20260209,Stefan Dostanic,Olaf Pieczkowski,7-6 6-4,Quarterfinals,0,2026-03-28,0,0,0,0,0,0,0,0,0,0,0,0,0,0,0,0,0,0,0,0,0
2026-chall-baton-rouge,Baton Rouge,C,Hard,20260209,Andre Ilagan,Cannon Kingsley,6-2 6-4,Quarterfinals,0,2026-03-28,0,0,0,0,0,0,0,0,0,0,0,0,0,0,0,0,0,0,0,0,0
2026-chall-baton-rouge,Baton Rouge,C,Hard,20260209,Alexis Galarneau,Jack Kennedy,6-4 6-3,Round of 16,0,2026-03-28,0,0,0,0,0,0,0,0,0,0,0,0,0,0,0,0,0,0,0,0,0
2026-chall-baton-rouge,Baton Rouge,C,Hard,20260209,Andres Andrade,Blaise Bicknell,6-1 6-3,Round of 16,0,2026-03-28,0,0,0,0,0,0,0,0,0,0,0,0,0,0,0,0,0,0,0,0,0
2026-chall-baton-rouge,Baton Rouge,C,Hard,20260209,Braden Shick,Tyler Zink,7-6 6-7,Round of 16,0,2026-03-28,0,0,0,0,0,0,0,0,0,0,0,0,0,0,0,0,0,0,0,0,0
2026-chall-baton-rouge,Baton Rouge,C,Hard,20260209,Daniel Milavsky,Raphael Perot,7-5 1-6 6-1,Round of 16,0,2026-03-28,0,0,0,0,0,0,0,0,0,0,0,0,0,0,0,0,0,0,0,0,0
2026-chall-baton-rouge,Baton Rouge,C,Hard,20260209,Stefan Dostanic,Robert Strombachs,6-3 6-3,Round of 16,0,2026-03-28,0,0,0,0,0,0,0,0,0,0,0,0,0,0,0,0,0,0,0,0,0
2026-chall-baton-rouge,Baton Rouge,C,Hard,20260209,Andre Ilagan,Christian Langmo,7-5 6-2,Round of 16,0,2026-03-28,0,0,0,0,0,0,0,0,0,0,0,0,0,0,0,0,0,0,0,0,0
2026-chall-baton-rouge,Baton Rouge,C,Hard,20260209,Cannon Kingsley,Erik Arutiunian,6-2 7-5,Round of 16,0,2026-03-28,0,0,0,0,0,0,0,0,0,0,0,0,0,0,0,0,0,0,0,0,0
2026-chall-baton-rouge,Baton Rouge,C,Hard,20260209,Olaf Pieczkowski,Quinn Vandecasteele,6-3 7-6,Round of 16,0,2026-03-28,0,0,0,0,0,0,0,0,0,0,0,0,0,0,0,0,0,0,0,0,0
2026-chall-baton-rouge,Baton Rouge,C,Hard,20260209,Andres Andrade,Andrej Loncarevic,6-0 6-2,Round of 32,0,2026-03-28,0,0,0,0,0,0,0,0,0,0,0,0,0,0,0,0,0,0,0,0,0
2026-chall-baton-rouge,Baton Rouge,C,Hard,20260209,Alexis Galarneau,Karlis Ozolins,7-5 6-3,Round of 32,0,2026-03-28,0,0,0,0,0,0,0,0,0,0,0,0,0,0,0,0,0,0,0,0,0
2026-chall-baton-rouge,Baton Rouge,C,Hard,20260209,Cannon Kingsley,Andres Martin,6-3 7-5,Round of 32,0,2026-03-28,0,0,0,0,0,0,0,0,0,0,0,0,0,0,0,0,0,0,0,0,0
2026-chall-baton-rouge,Baton Rouge,C,Hard,20260209,Tyler Zink,Arda Azkara,6-4 6-1,Round of 32,0,2026-03-28,0,0,0,0,0,0,0,0,0,0,0,0,0,0,0,0,0,0,0,0,0
2026-chall-baton-rouge,Baton Rouge,C,Hard,20260209,Daniel Milavsky,Keegan Smith,6-3 7-5,Round of 32,0,2026-03-28,0,0,0,0,0,0,0,0,0,0,0,0,0,0,0,0,0,0,0,0,0
2026-chall-baton-rouge,Baton Rouge,C,Hard,20260209,Erik Arutiunian,Ben Jones,6-4 6-4,Round of 32,0,2026-03-28,0,0,0,0,0,0,0,0,0,0,0,0,0,0,0,0,0,0,0,0,0
2026-chall-baton-rouge,Baton Rouge,C,Hard,20260209,Blaise Bicknell,Justin Boulais,3-6 6-2 6-1,Round of 32,0,2026-03-28,0,0,0,0,0,0,0,0,0,0,0,0,0,0,0,0,0,0,0,0,0
2026-chall-baton-rouge,Baton Rouge,C,Hard,20260209,Stefan Dostanic,Benjamin Thomas George,6-2 6-4,Round of 32,0,2026-03-28,0,0,0,0,0,0,0,0,0,0,0,0,0,0,0,0,0,0,0,0,0
2026-chall-baton-rouge,Baton Rouge,C,Hard,20260209,Jack Kennedy,Antoine Ghibaudo,6-4 6-4,Round of 32,0,2026-03-28,0,0,0,0,0,0,0,0,0,0,0,0,0,0,0,0,0,0,0,0,0
2026-chall-baton-rouge,Baton Rouge,C,Hard,20260209,Raphael Perot,Felix Corwin,4-6 6-2 7-5,Round of 32,0,2026-03-28,0,0,0,0,0,0,0,0,0,0,0,0,0,0,0,0,0,0,0,0,0
2026-chall-baton-rouge,Baton Rouge,C,Hard,20260209,Olaf Pieczkowski,Noah Schachter,6-0 6-0,Round of 32,0,2026-03-28,0,0,0,0,0,0,0,0,0,0,0,0,0,0,0,0,0,0,0,0,0
2026-chall-baton-rouge,Baton Rouge,C,Hard,20260209,Braden Shick,Ryan Fishback,4-6 7-6 6-5,Round of 32,0,2026-03-28,0,0,0,0,0,0,0,0,0,0,0,0,0,0,0,0,0,0,0,0,0
2026-chall-baton-rouge,Baton Rouge,C,Hard,20260209,Robert Strombachs,Tristan McCormick,7-6 6-6,Round of 32,0,2026-03-28,0,0,0,0,0,0,0,0,0,0,0,0,0,0,0,0,0,0,0,0,0
2026-chall-baton-rouge,Baton Rouge,C,Hard,20260209,Christian Langmo,Garrett Johns,7-5 6-3,Round of 32,0,2026-03-28,0,0,0,0,0,0,0,0,0,0,0,0,0,0,0,0,0,0,0,0,0
2026-chall-baton-rouge,Baton Rouge,C,Hard,20260209,Andre Ilagan,Sebastian Gima,6-2 7-6,Round of 32,0,2026-03-28,0,0,0,0,0,0,0,0,0,0,0,0,0,0,0,0,0,0,0,0,0
2026-chall-baton-rouge,Baton Rouge,C,Hard,20260209,Quinn Vandecasteele,Matthew Forbes,6-4 7-6,Round of 32,0,2026-03-28,0,0,0,0,0,0,0,0,0,0,0,0,0,0,0,0,0,0,0,0,0
2026-chall-baton-rouge,Baton Rouge,C,Hard,20260209,Stefan Dostanic,Benjamin Thomas George,6-3 6-1,2nd Round Qualifying,0,2026-03-28,0,0,0,0,0,0,0,0,0,0,0,0,0,0,0,0,0,0,0,0,0
2026-chall-baton-rouge,Baton Rouge,C,Hard,20260209,Ryan Fishback,Matt Kuhar,6-3 6-7 4-3,2nd Round Qualifying,0,2026-03-28,0,0,0,0,0,0,0,0,0,0,0,0,0,0,0,0,0,0,0,0,0
2026-chall-baton-rouge,Baton Rouge,C,Hard,20260209,Felix Corwin,Sasa Markovic,6-2 5-7 6-4,2nd Round Qualifying,0,2026-03-28,0,0,0,0,0,0,0,0,0,0,0,0,0,0,0,0,0,0,0,0,0
2026-chall-baton-rouge,Baton Rouge,C,Hard,20260209,Karlis Ozolins,Ben Jones,7-5 6-2,2nd Round Qualifying,0,2026-03-28,0,0,0,0,0,0,0,0,0,0,0,0,0,0,0,0,0,0,0,0,0
2026-chall-baton-rouge,Baton Rouge,C,Hard,20260209,Noah Schachter,Enzo Kohlmann De Freitas,6-1 2-6 7-5,2nd Round Qualifying,0,2026-03-28,0,0,0,0,0,0,0,0,0,0,0,0,0,0,0,0,0,0,0,0,0
2026-chall-baton-rouge,Baton Rouge,C,Hard,20260209,Andrej Loncarevic,Ronald Hohmann,6-2 4-6 6-4,2nd Round Qualifying,0,2026-03-28,0,0,0,0,0,0,0,0,0,0,0,0,0,0,0,0,0,0,0,0,0
2026-chall-baton-rouge,Baton Rouge,C,Hard,20260209,Karlis Ozolins,Karl Poling,6-4 6-2,1st Round Qualifying,0,2026-03-28,0,0,0,0,0,0,0,0,0,0,0,0,0,0,0,0,0,0,0,0,0
2026-chall-baton-rouge,Baton Rouge,C,Hard,20260209,Stefan Dostanic,Finn Bass,6-2 6-2,1st Round Qualifying,0,2026-03-28,0,0,0,0,0,0,0,0,0,0,0,0,0,0,0,0,0,0,0,0,0
2026-chall-baton-rouge,Baton Rouge,C,Hard,20260209,Ryan Fishback,Calin Teodor Stirbu,6-1 6-4,1st Round Qualifying,0,2026-03-28,0,0,0,0,0,0,0,0,0,0,0,0,0,0,0,0,0,0,0,0,0
2026-chall-baton-rouge,Baton Rouge,C,Hard,20260209,Felix Corwin,Nikolas Stoot,6-1 6-1,1st Round Qualifying,0,2026-03-28,0,0,0,0,0,0,0,0,0,0,0,0,0,0,0,0,0,0,0,0,0
2026-chall-baton-rouge,Baton Rouge,C,Hard,20260209,Enzo Kohlmann De Freitas,Ryan Dickerson,6-2 7-5,1st Round Qualifying,0,2026-03-28,0,0,0,0,0,0,0,0,0,0,0,0,0,0,0,0,0,0,0,0,0
2026-chall-baton-rouge,Baton Rouge,C,Hard,20260209,Andrej Loncarevic,Kaylan Bigun,7-6 7-4,1st Round Qualifying,0,2026-03-28,0,0,0,0,0,0,0,0,0,0,0,0,0,0,0,0,0,0,0,0,0
2026-chall-baton-rouge,Baton Rouge,C,Hard,20260209,Sasa Markovic,Strong Kirchheimer,3-6 6-3 6-4,1st Round Qualifying,0,2026-03-28,0,0,0,0,0,0,0,0,0,0,0,0,0,0,0,0,0,0,0,0,0
2026-chall-baton-rouge,Baton Rouge,C,Hard,20260209,Ronald Hohmann,Matteo Covato,4-6 6-1 6-4,1st Round Qualifying,0,2026-03-28,0,0,0,0,0,0,0,0,0,0,0,0,0,0,0,0,0,0,0,0,0
2026-chall-baton-rouge,Baton Rouge,C,Hard,20260209,Benjamin Thomas George,Evan Zhu,5-7 7-6 7-3,1st Round Qualifying,0,2026-03-28,0,0,0,0,0,0,0,0,0,0,0,0,0,0,0,0,0,0,0,0,0
2026-chall-baton-rouge,Baton Rouge,C,Hard,20260209,Matt Kuhar,Rafael De Alba,6-4 6-0,1st Round Qualifying,0,2026-03-28,0,0,0,0,0,0,0,0,0,0,0,0,0,0,0,0,0,0,0,0,0
2026-chall-baton-rouge,Baton Rouge,C,Hard,20260209,Ben Jones,Valentin Basel,3-6 6-2 6-2,1st Round Qualifying,0,2026-03-28,0,0,0,0,0,0,0,0,0,0,0,0,0,0,0,0,0,0,0,0,0
2026-chall-baton-rouge,Baton Rouge,C,Hard,20260209,Noah Schachter,Franco Ribero,7-6 7-0,1st Round Qualifying,0,2026-03-28,0,0,0,0,0,0,0,0,0,0,0,0,0,0,0,0,0,0,0,0,0
2026-chall-lille,Lille,C,Hard,20260216,Luca Van Assche,Alexander Blockx,6-2 6-4,Final,0,2026-03-28,0,0,0,0,0,0,0,0,0,0,0,0,0,0,0,0,0,0,0,0,0
2026-chall-lille,Lille,C,Hard,20260216,Alexander Blockx,Jerome Kym,6-3 7-6,Semifinals,0,2026-03-28,0,0,0,0,0,0,0,0,0,0,0,0,0,0,0,0,0,0,0,0,0
2026-chall-lille,Lille,C,Hard,20260216,Luca Van Assche,Moise Kouame,6-1 6-1,Semifinals,0,2026-03-28,0,0,0,0,0,0,0,0,0,0,0,0,0,0,0,0,0,0,0,0,0
2026-chall-lille,Lille,C,Hard,20260216,Alexander Blockx,Benjamin Bonzi,6-3 6-4,Quarterfinals,0,2026-03-28,0,0,0,0,0,0,0,0,0,0,0,0,0,0,0,0,0,0,0,0,0
2026-chall-lille,Lille,C,Hard,20260216,Jerome Kym,Titouan Droguet,6-4 5-7 6-2,Quarterfinals,0,2026-03-28,0,0,0,0,0,0,0,0,0,0,0,0,0,0,0,0,0,0,0,0,0
2026-chall-lille,Lille,C,Hard,20260216,Luca Van Assche,Clement Chidekh,6-2 6-3,Quarterfinals,0,2026-03-28,0,0,0,0,0,0,0,0,0,0,0,0,0,0,0,0,0,0,0,0,0
2026-chall-lille,Lille,C,Hard,20260216,Moise Kouame,Nishesh Basavareddy,6-3 6-3,Quarterfinals,0,2026-03-28,0,0,0,0,0,0,0,0,0,0,0,0,0,0,0,0,0,0,0,0,0
2026-chall-lille,Lille,C,Hard,20260216,Alexander Blockx,Arthur Bouquier,6-1 7-6,Round of 16,0,2026-03-28,0,0,0,0,0,0,0,0,0,0,0,0,0,0,0,0,0,0,0,0,0
2026-chall-lille,Lille,C,Hard,20260216,Benjamin Bonzi,Justin Engel,6-2 6-2,Round of 16,0,2026-03-28,0,0,0,0,0,0,0,0,0,0,0,0,0,0,0,0,0,0,0,0,0
2026-chall-lille,Lille,C,Hard,20260216,Moise Kouame,Joel Schwaerzler,6-3 6-4,Round of 16,0,2026-03-28,0,0,0,0,0,0,0,0,0,0,0,0,0,0,0,0,0,0,0,0,0
2026-chall-lille,Lille,C,Hard,20260216,Jerome Kym,Martin Landaluce,6-4 6-3,Round of 16,0,2026-03-28,0,0,0,0,0,0,0,0,0,0,0,0,0,0,0,0,0,0,0,0,0
2026-chall-lille,Lille,C,Hard,20260216,Nishesh Basavareddy,Hugo Gaston,6-4 6-1,Round of 16,0,2026-03-28,0,0,0,0,0,0,0,0,0,0,0,0,0,0,0,0,0,0,0,0,0
2026-chall-lille,Lille,C,Hard,20260216,Titouan Droguet,Timofey Skatov,7-6 6-6,Round of 16,0,2026-03-28,0,0,0,0,0,0,0,0,0,0,0,0,0,0,0,0,0,0,0,0,0
2026-chall-lille,Lille,C,Hard,20260216,Luca Van Assche,Mikhail Kukushkin,6-3 6-2,Round of 16,0,2026-03-28,0,0,0,0,0,0,0,0,0,0,0,0,0,0,0,0,0,0,0,0,0
2026-chall-lille,Lille,C,Hard,20260216,Clement Chidekh,Sascha Gueymard Wayenburg,7-6 7-5,Round of 16,0,2026-03-28,0,0,0,0,0,0,0,0,0,0,0,0,0,0,0,0,0,0,0,0,0
2026-chall-lille,Lille,C,Hard,20260216,Benjamin Bonzi,Daniil Glinka,6-4 6-4,Round of 32,0,2026-03-28,0,0,0,0,0,0,0,0,0,0,0,0,0,0,0,0,0,0,0,0,0
2026-chall-lille,Lille,C,Hard,20260216,Jerome Kym,Lloyd Harris,5-7 7-6 6-6,Round of 32,0,2026-03-28,0,0,0,0,0,0,0,0,0,0,0,0,0,0,0,0,0,0,0,0,0
2026-chall-lille,Lille,C,Hard,20260216,Martin Landaluce,Filip Misolic,6-1 1-1,Round of 32,0,2026-03-28,0,0,0,0,0,0,0,0,0,0,0,0,0,0,0,0,0,0,0,0,0
2026-chall-lille,Lille,C,Hard,20260216,Clement Chidekh,Jacob Fearnley,6-3 2-6 6-2,Round of 32,0,2026-03-28,0,0,0,0,0,0,0,0,0,0,0,0,0,0,0,0,0,0,0,0,0
2026-chall-lille,Lille,C,Hard,20260216,Alexander Blockx,Roman Safiullin,6-2 6-2,Round of 32,0,2026-03-28,0,0,0,0,0,0,0,0,0,0,0,0,0,0,0,0,0,0,0,0,0
2026-chall-lille,Lille,C,Hard,20260216,Joel Schwaerzler,David Goffin,4-6 6-3 6-4,Round of 32,0,2026-03-28,0,0,0,0,0,0,0,0,0,0,0,0,0,0,0,0,0,0,0,0,0
2026-chall-lille,Lille,C,Hard,20260216,Nishesh Basavareddy,Ugo Blanchet,6-2 6-2,Round of 32,0,2026-03-28,0,0,0,0,0,0,0,0,0,0,0,0,0,0,0,0,0,0,0,0,0
2026-chall-lille,Lille,C,Hard,20260216,Arthur Bouquier,Kimmer Coppejans,7-5 0-6 7-5,Round of 32,0,2026-03-28,0,0,0,0,0,0,0,0,0,0,0,0,0,0,0,0,0,0,0,0,0
2026-chall-lille,Lille,C,Hard,20260216,Justin Engel,Loann Massard,7-6 6-5,Round of 32,0,2026-03-28,0,0,0,0,0,0,0,0,0,0,0,0,0,0,0,0,0,0,0,0,0
2026-chall-lille,Lille,C,Hard,20260216,Moise Kouame,Matej Dodig,6-4 6-2,Round of 32,0,2026-03-28,0,0,0,0,0,0,0,0,0,0,0,0,0,0,0,0,0,0,0,0,0
2026-chall-lille,Lille,C,Hard,20260216,Mikhail Kukushkin,Giulio Zeppieri,6-3 6-1,Round of 32,0,2026-03-28,0,0,0,0,0,0,0,0,0,0,0,0,0,0,0,0,0,0,0,0,0
2026-chall-lille,Lille,C,Hard,20260216,Timofey Skatov,Calvin Hemery,6-1 6-3,Round of 32,0,2026-03-28,0,0,0,0,0,0,0,0,0,0,0,0,0,0,0,0,0,0,0,0,0
2026-chall-lille,Lille,C,Hard,20260216,Hugo Gaston,Sebastian Ofner,6-2 3-6 6-4,Round of 32,0,2026-03-28,0,0,0,0,0,0,0,0,0,0,0,0,0,0,0,0,0,0,0,0,0
2026-chall-lille,Lille,C,Hard,20260216,Titouan Droguet,Vitaliy Sachko,6-0 4-6 6-3,Round of 32,0,2026-03-28,0,0,0,0,0,0,0,0,0,0,0,0,0,0,0,0,0,0,0,0,0
2026-chall-lille,Lille,C,Hard,20260216,Luca Van Assche,Leandro Riedi,3-6 7-6 6-2,Round of 32,0,2026-03-28,0,0,0,0,0,0,0,0,0,0,0,0,0,0,0,0,0,0,0,0,0
2026-chall-lille,Lille,C,Hard,20260216,Sascha Gueymard Wayenburg,August Holmgren,6-3 7-5,Round of 32,0,2026-03-28,0,0,0,0,0,0,0,0,0,0,0,0,0,0,0,0,0,0,0,0,0
2026-chall-lille,Lille,C,Hard,20260216,Nishesh Basavareddy,Marat Sharipov,6-7 3-3 6-4,2nd Round Qualifying,0,2026-03-28,0,0,0,0,0,0,0,0,0,0,0,0,0,0,0,0,0,0,0,0,0
2026-chall-lille,Lille,C,Hard,20260216,Matej Dodig,Michael Vrbensky,6-4 7-5,2nd Round Qualifying,0,2026-03-28,0,0,0,0,0,0,0,0,0,0,0,0,0,0,0,0,0,0,0,0,0
2026-chall-lille,Lille,C,Hard,20260216,Calvin Hemery,Max Houkes,6-2 7-5,2nd Round Qualifying,0,2026-03-28,0,0,0,0,0,0,0,0,0,0,0,0,0,0,0,0,0,0,0,0,0
2026-chall-lille,Lille,C,Hard,20260216,Kimmer Coppejans,Felix Balshaw,7-5 6-2,2nd Round Qualifying,0,2026-03-28,0,0,0,0,0,0,0,0,0,0,0,0,0,0,0,0,0,0,0,0,0
2026-chall-lille,Lille,C,Hard,20260216,Mikhail Kukushkin,Hynek Barton,6-7 5-2 6-6 7-3,2nd Round Qualifying,0,2026-03-28,0,0,0,0,0,0,0,0,0,0,0,0,0,0,0,0,0,0,0,0,0
2026-chall-lille,Lille,C,Hard,20260216,Loann Massard,Sean Cuenin,6-4 6-2,2nd Round Qualifying,0,2026-03-28,0,0,0,0,0,0,0,0,0,0,0,0,0,0,0,0,0,0,0,0,0
2026-chall-lille,Lille,C,Hard,20260216,Sean Cuenin,Chris Rodesch,,1st Round Qualifying,0,2026-03-28,0,0,0,0,0,0,0,0,0,0,0,0,0,0,0,0,0,0,0,0,0
2026-chall-lille,Lille,C,Hard,20260216,Nishesh Basavareddy,Luca Sanchez,6-2 6-2,1st Round Qualifying,0,2026-03-28,0,0,0,0,0,0,0,0,0,0,0,0,0,0,0,0,0,0,0,0,0
2026-chall-lille,Lille,C,Hard,20260216,Matej Dodig,Javier Barranco Cosano,6-3 7-6,1st Round Qualifying,0,2026-03-28,0,0,0,0,0,0,0,0,0,0,0,0,0,0,0,0,0,0,0,0,0
2026-chall-lille,Lille,C,Hard,20260216,Max Houkes,Pierre Antoine Faut,6-3 6-0,1st Round Qualifying,0,2026-03-28,0,0,0,0,0,0,0,0,0,0,0,0,0,0,0,0,0,0,0,0,0
2026-chall-lille,Lille,C,Hard,20260216,Kimmer Coppejans,Maxim Mrva,6-2 6-3,1st Round Qualifying,0,2026-03-28,0,0,0,0,0,0,0,0,0,0,0,0,0,0,0,0,0,0,0,0,0
2026-chall-lille,Lille,C,Hard,20260216,Mikhail Kukushkin,James Trotter,7-6 4-4 7-6,1st Round Qualifying,0,2026-03-28,0,0,0,0,0,0,0,0,0,0,0,0,0,0,0,0,0,0,0,0,0
2026-chall-lille,Lille,C,Hard,20260216,Loann Massard,Patrick Zahraj,7-6 7-5,1st Round Qualifying,0,2026-03-28,0,0,0,0,0,0,0,0,0,0,0,0,0,0,0,0,0,0,0,0,0
2026-chall-lille,Lille,C,Hard,20260216,Felix Balshaw,Henri Squire,7-6 7-5,1st Round Qualifying,0,2026-03-28,0,0,0,0,0,0,0,0,0,0,0,0,0,0,0,0,0,0,0,0,0
2026-chall-lille,Lille,C,Hard,20260216,Hynek Barton,Florian Broska,6-3 6-4,1st Round Qualifying,0,2026-03-28,0,0,0,0,0,0,0,0,0,0,0,0,0,0,0,0,0,0,0,0,0
2026-chall-lille,Lille,C,Hard,20260216,Michael Vrbensky,Robin Bertrand,6-4 6-3,1st Round Qualifying,0,2026-03-28,0,0,0,0,0,0,0,0,0,0,0,0,0,0,0,0,0,0,0,0,0
2026-chall-lille,Lille,C,Hard,20260216,Calvin Hemery,Cyril Vandermeersch,6-2 6-4,1st Round Qualifying,0,2026-03-28,0,0,0,0,0,0,0,0,0,0,0,0,0,0,0,0,0,0,0,0,0
2026-chall-lille,Lille,C,Hard,20260216,Marat Sharipov,Jakub Paul,6-3 6-4,1st Round Qualifying,0,2026-03-28,0,0,0,0,0,0,0,0,0,0,0,0,0,0,0,0,0,0,0,0,0
2026-chall-metepec,Metepec,C,Hard,20260216,Borna Gojo,Alexis Galarneau,6-1 6-4,Final,0,2026-03-28,0,0,0,0,0,0,0,0,0,0,0,0,0,0,0,0,0,0,0,0,0
2026-chall-metepec,Metepec,C,Hard,20260216,Borna Gojo,Rodrigo Pacheco Mendez,7-6 6-5,Semifinals,0,2026-03-28,0,0,0,0,0,0,0,0,0,0,0,0,0,0,0,0,0,0,0,0,0
2026-chall-metepec,Metepec,C,Hard,20260216,Alexis Galarneau,Andres Andrade,5-7 7-5 6-4,Semifinals,0,2026-03-28,0,0,0,0,0,0,0,0,0,0,0,0,0,0,0,0,0,0,0,0,0
2026-chall-metepec,Metepec,C,Hard,20260216,Andres Andrade,Juan Pablo Ficovich,1-6 7-5 7-6,Quarterfinals,0,2026-03-28,0,0,0,0,0,0,0,0,0,0,0,0,0,0,0,0,0,0,0,0,0
2026-chall-metepec,Metepec,C,Hard,20260216,Borna Gojo,Bernard Tomic,6-3 4-6 6-4,Quarterfinals,0,2026-03-28,0,0,0,0,0,0,0,0,0,0,0,0,0,0,0,0,0,0,0,0,0
2026-chall-metepec,Metepec,C,Hard,20260216,Rodrigo Pacheco Mendez,Stefan Kozlov,6-4 6-2,Quarterfinals,0,2026-03-28,0,0,0,0,0,0,0,0,0,0,0,0,0,0,0,0,0,0,0,0,0
2026-chall-metepec,Metepec,C,Hard,20260216,Alexis Galarneau,Edward Winter,5-7 7-5 7-5,Quarterfinals,0,2026-03-28,0,0,0,0,0,0,0,0,0,0,0,0,0,0,0,0,0,0,0,0,0
2026-chall-metepec,Metepec,C,Hard,20260216,Juan Pablo Ficovich,Axel Nefve,6-3 6-3,Round of 16,0,2026-03-28,0,0,0,0,0,0,0,0,0,0,0,0,0,0,0,0,0,0,0,0,0
2026-chall-metepec,Metepec,C,Hard,20260216,Alexis Galarneau,Cannon Kingsley,6-4 3-6 6-3,Round of 16,0,2026-03-28,0,0,0,0,0,0,0,0,0,0,0,0,0,0,0,0,0,0,0,0,0
2026-chall-metepec,Metepec,C,Hard,20260216,Andres Andrade,Natan Rodrigues,6-4 6-4,Round of 16,0,2026-03-28,0,0,0,0,0,0,0,0,0,0,0,0,0,0,0,0,0,0,0,0,0
2026-chall-metepec,Metepec,C,Hard,20260216,Edward Winter,Andres Martin,6-2 3-6 6-3,Round of 16,0,2026-03-28,0,0,0,0,0,0,0,0,0,0,0,0,0,0,0,0,0,0,0,0,0
2026-chall-metepec,Metepec,C,Hard,20260216,Bernard Tomic,Gijs Brouwer,4-6 6-3 6-2,Round of 16,0,2026-03-28,0,0,0,0,0,0,0,0,0,0,0,0,0,0,0,0,0,0,0,0,0
2026-chall-metepec,Metepec,C,Hard,20260216,Rodrigo Pacheco Mendez,Alafia Ayeni,3-6 6-1 6-4,Round of 16,0,2026-03-28,0,0,0,0,0,0,0,0,0,0,0,0,0,0,0,0,0,0,0,0,0
2026-chall-metepec,Metepec,C,Hard,20260216,Borna Gojo,Ben Jones,6-3 4-2,Round of 16,0,2026-03-28,0,0,0,0,0,0,0,0,0,0,0,0,0,0,0,0,0,0,0,0,0
2026-chall-metepec,Metepec,C,Hard,20260216,Stefan Kozlov,Karl Poling,6-4 7-6,Round of 16,0,2026-03-28,0,0,0,0,0,0,0,0,0,0,0,0,0,0,0,0,0,0,0,0,0
2026-chall-metepec,Metepec,C,Hard,20260216,Juan Pablo Ficovich,Ryan Fishback,6-4 6-4,Round of 32,0,2026-03-28,0,0,0,0,0,0,0,0,0,0,0,0,0,0,0,0,0,0,0,0,0
2026-chall-metepec,Metepec,C,Hard,20260216,Rodrigo Pacheco Mendez,Guillaume Dalmasso,6-2 6-1,Round of 32,0,2026-03-28,0,0,0,0,0,0,0,0,0,0,0,0,0,0,0,0,0,0,0,0,0
2026-chall-metepec,Metepec,C,Hard,20260216,Alexis Galarneau,Nick Hardt,6-3 6-0,Round of 32,0,2026-03-28,0,0,0,0,0,0,0,0,0,0,0,0,0,0,0,0,0,0,0,0,0
2026-chall-metepec,Metepec,C,Hard,20260216,Andres Andrade,Juan Sebastian Gomez,6-2 6-3,Round of 32,0,2026-03-28,0,0,0,0,0,0,0,0,0,0,0,0,0,0,0,0,0,0,0,0,0
2026-chall-metepec,Metepec,C,Hard,20260216,Andres Martin,Juan Carlos Aguilar,6-2 6-3,Round of 32,0,2026-03-28,0,0,0,0,0,0,0,0,0,0,0,0,0,0,0,0,0,0,0,0,0
2026-chall-metepec,Metepec,C,Hard,20260216,Alafia Ayeni,Dan Martin,7-5,Round of 32,0,2026-03-28,0,0,0,0,0,0,0,0,0,0,0,0,0,0,0,0,0,0,0,0,0
2026-chall-metepec,Metepec,C,Hard,20260216,Ben Jones,Rafael De Alba,6-1 7-6,Round of 32,0,2026-03-28,0,0,0,0,0,0,0,0,0,0,0,0,0,0,0,0,0,0,0,0,0
2026-chall-metepec,Metepec,C,Hard,20260216,Cannon Kingsley,Taha Baadi,6-3 6-0,Round of 32,0,2026-03-28,0,0,0,0,0,0,0,0,0,0,0,0,0,0,0,0,0,0,0,0,0
2026-chall-metepec,Metepec,C,Hard,20260216,Axel Nefve,Alan Raul Sau Franco,7-6 6-3,Round of 32,0,2026-03-28,0,0,0,0,0,0,0,0,0,0,0,0,0,0,0,0,0,0,0,0,0
2026-chall-metepec,Metepec,C,Hard,20260216,Natan Rodrigues,Miguel Tobon,6-2 4-3,Round of 32,0,2026-03-28,0,0,0,0,0,0,0,0,0,0,0,0,0,0,0,0,0,0,0,0,0
2026-chall-metepec,Metepec,C,Hard,20260216,Edward Winter,Ryan Dickerson,6-2 7-5,Round of 32,0,2026-03-28,0,0,0,0,0,0,0,0,0,0,0,0,0,0,0,0,0,0,0,0,0
2026-chall-metepec,Metepec,C,Hard,20260216,Bernard Tomic,Alan Fernando Rubio Fierros,7-6 6-6,Round of 32,0,2026-03-28,0,0,0,0,0,0,0,0,0,0,0,0,0,0,0,0,0,0,0,0,0
2026-chall-metepec,Metepec,C,Hard,20260216,Borna Gojo,Facundo Mena,6-7 7-4 6-6 7-5,Round of 32,0,2026-03-28,0,0,0,0,0,0,0,0,0,0,0,0,0,0,0,0,0,0,0,0,0
2026-chall-metepec,Metepec,C,Hard,20260216,Stefan Kozlov,Tristan McCormick,6-3 6-7 4-4,Round of 32,0,2026-03-28,0,0,0,0,0,0,0,0,0,0,0,0,0,0,0,0,0,0,0,0,0
2026-chall-metepec,Metepec,C,Hard,20260216,Gijs Brouwer,Sebastian Gima,6-2 6-3,Round of 32,0,2026-03-28,0,0,0,0,0,0,0,0,0,0,0,0,0,0,0,0,0,0,0,0,0
2026-chall-metepec,Metepec,C,Hard,20260216,Karl Poling,Blaise Bicknell,4-6 7-5 6-1,Round of 32,0,2026-03-28,0,0,0,0,0,0,0,0,0,0,0,0,0,0,0,0,0,0,0,0,0
2026-chall-metepec,Metepec,C,Hard,20260216,Cannon Kingsley,Noah Schachter,6-1 6-1,2nd Round Qualifying,0,2026-03-28,0,0,0,0,0,0,0,0,0,0,0,0,0,0,0,0,0,0,0,0,0
2026-chall-metepec,Metepec,C,Hard,20260216,Axel Nefve,Joshua Sheehy,3-6 6-2 6-4,2nd Round Qualifying,0,2026-03-28,0,0,0,0,0,0,0,0,0,0,0,0,0,0,0,0,0,0,0,0,0
2026-chall-metepec,Metepec,C,Hard,20260216,Alafia Ayeni,Amit Vales,6-4 6-2,2nd Round Qualifying,0,2026-03-28,0,0,0,0,0,0,0,0,0,0,0,0,0,0,0,0,0,0,0,0,0
2026-chall-metepec,Metepec,C,Hard,20260216,Ben Jones,Kosuke Ogura,6-1 6-3,2nd Round Qualifying,0,2026-03-28,0,0,0,0,0,0,0,0,0,0,0,0,0,0,0,0,0,0,0,0,0
2026-chall-metepec,Metepec,C,Hard,20260216,Guillaume Dalmasso,Benjamin Thomas George,6-4 2-6 7-5,2nd Round Qualifying,0,2026-03-28,0,0,0,0,0,0,0,0,0,0,0,0,0,0,0,0,0,0,0,0,0
2026-chall-metepec,Metepec,C,Hard,20260216,Natan Rodrigues,Juan Sebastian Osorio,6-4 6-2,2nd Round Qualifying,0,2026-03-28,0,0,0,0,0,0,0,0,0,0,0,0,0,0,0,0,0,0,0,0,0
2026-chall-metepec,Metepec,C,Hard,20260216,Cannon Kingsley,Drew Van Orderlain,6-0 6-3,1st Round Qualifying,0,2026-03-28,0,0,0,0,0,0,0,0,0,0,0,0,0,0,0,0,0,0,0,0,0
2026-chall-metepec,Metepec,C,Hard,20260216,Joshua Sheehy,Andres Guerra,6-2 6-4,1st Round Qualifying,0,2026-03-28,0,0,0,0,0,0,0,0,0,0,0,0,0,0,0,0,0,0,0,0,0
2026-chall-metepec,Metepec,C,Hard,20260216,Alafia Ayeni,Patricio Betancourt Gonzalez,6-3 7-5,1st Round Qualifying,0,2026-03-28,0,0,0,0,0,0,0,0,0,0,0,0,0,0,0,0,0,0,0,0,0
2026-chall-metepec,Metepec,C,Hard,20260216,Natan Rodrigues,Matteo Covato,7-6 6-2,1st Round Qualifying,0,2026-03-28,0,0,0,0,0,0,0,0,0,0,0,0,0,0,0,0,0,0,0,0,0
2026-chall-metepec,Metepec,C,Hard,20260216,Ben Jones,Juan Pablo Barriga Martinez,6-2 6-4,1st Round Qualifying,0,2026-03-28,0,0,0,0,0,0,0,0,0,0,0,0,0,0,0,0,0,0,0,0,0
2026-chall-metepec,Metepec,C,Hard,20260216,Guillaume Dalmasso,Dillon Beckles,6-3 6-1,1st Round Qualifying,0,2026-03-28,0,0,0,0,0,0,0,0,0,0,0,0,0,0,0,0,0,0,0,0,0
2026-chall-metepec,Metepec,C,Hard,20260216,Amit Vales,Bautista De La Pena,6-2 6-3,1st Round Qualifying,0,2026-03-28,0,0,0,0,0,0,0,0,0,0,0,0,0,0,0,0,0,0,0,0,0
2026-chall-metepec,Metepec,C,Hard,20260216,Noah Schachter,Brandon Perez,7-5 6-3,1st Round Qualifying,0,2026-03-28,0,0,0,0,0,0,0,0,0,0,0,0,0,0,0,0,0,0,0,0,0
2026-chall-metepec,Metepec,C,Hard,20260216,Kosuke Ogura,Alex Kobelt,7-5 6-2,1st Round Qualifying,0,2026-03-28,0,0,0,0,0,0,0,0,0,0,0,0,0,0,0,0,0,0,0,0,0
2026-chall-metepec,Metepec,C,Hard,20260216,Juan Sebastian Osorio,Nicolas Esteban Rico Arias,6-2 4-6 6-1,1st Round Qualifying,0,2026-03-28,0,0,0,0,0,0,0,0,0,0,0,0,0,0,0,0,0,0,0,0,0
2026-chall-metepec,Metepec,C,Hard,20260216,Axel Nefve,Juan Jose Bianchi,7-5 3-6 6-2,1st Round Qualifying,0,2026-03-28,0,0,0,0,0,0,0,0,0,0,0,0,0,0,0,0,0,0,0,0,0
2026-chall-metepec,Metepec,C,Hard,20260216,Benjamin Thomas George,Pranav Kumar,4-6 6-2 6-4,1st Round Qualifying,0,2026-03-28,0,0,0,0,0,0,0,0,0,0,0,0,0,0,0,0,0,0,0,0,0
2026-chall-new-delhi,New Delhi,C,Hard,20260216,Stefanos Sakellaridis,Oliver Crawford,7-5 4-6 7-6,Final,0,2026-03-28,0,0,0,0,0,0,0,0,0,0,0,0,0,0,0,0,0,0,0,0,0
2026-chall-new-delhi,New Delhi,C,Hard,20260216,Oliver Crawford,Rei Sakamoto,6-4 6-3,Semifinals,0,2026-03-28,0,0,0,0,0,0,0,0,0,0,0,0,0,0,0,0,0,0,0,0,0
2026-chall-new-delhi,New Delhi,C,Hard,20260216,Stefanos Sakellaridis,Felix Gill,6-1 7-6,Semifinals,0,2026-03-28,0,0,0,0,0,0,0,0,0,0,0,0,0,0,0,0,0,0,0,0,0
2026-chall-new-delhi,New Delhi,C,Hard,20260216,Rei Sakamoto,Federico Cina,6-7 7-3 6-2,Quarterfinals,0,2026-03-28,0,0,0,0,0,0,0,0,0,0,0,0,0,0,0,0,0,0,0,0,0
2026-chall-new-delhi,New Delhi,C,Hard,20260216,Oliver Crawford,Jay Clarke,3-6 7-5 6-3,Quarterfinals,0,2026-03-28,0,0,0,0,0,0,0,0,0,0,0,0,0,0,0,0,0,0,0,0,0
2026-chall-new-delhi,New Delhi,C,Hard,20260216,Stefanos Sakellaridis,Rio Noguchi,6-0 6-3,Quarterfinals,0,2026-03-28,0,0,0,0,0,0,0,0,0,0,0,0,0,0,0,0,0,0,0,0,0
2026-chall-new-delhi,New Delhi,C,Hard,20260216,Felix Gill,Michael Geerts,4-6 6-3 6-4,Quarterfinals,0,2026-03-28,0,0,0,0,0,0,0,0,0,0,0,0,0,0,0,0,0,0,0,0,0
2026-chall-new-delhi,New Delhi,C,Hard,20260216,Rei Sakamoto,Alastair Gray,1-6 6-1 6-4,Round of 16,0,2026-03-28,0,0,0,0,0,0,0,0,0,0,0,0,0,0,0,0,0,0,0,0,0
2026-chall-new-delhi,New Delhi,C,Hard,20260216,Jay Clarke,Alexander Binda,6-4 6-4,Round of 16,0,2026-03-28,0,0,0,0,0,0,0,0,0,0,0,0,0,0,0,0,0,0,0,0,0
2026-chall-new-delhi,New Delhi,C,Hard,20260216,Oliver Crawford,Ilya Ivashka,6-1 6-4,Round of 16,0,2026-03-28,0,0,0,0,0,0,0,0,0,0,0,0,0,0,0,0,0,0,0,0,0
2026-chall-new-delhi,New Delhi,C,Hard,20260216,Federico Cina,Sumit Nagal,6-4 6-4,Round of 16,0,2026-03-28,0,0,0,0,0,0,0,0,0,0,0,0,0,0,0,0,0,0,0,0,0
2026-chall-new-delhi,New Delhi,C,Hard,20260216,Michael Geerts,Daniel Michalski,7-6 6-8,Round of 16,0,2026-03-28,0,0,0,0,0,0,0,0,0,0,0,0,0,0,0,0,0,0,0,0,0
2026-chall-new-delhi,New Delhi,C,Hard,20260216,Rio Noguchi,Dimitar Kuzmanov,6-4 6-3,Round of 16,0,2026-03-28,0,0,0,0,0,0,0,0,0,0,0,0,0,0,0,0,0,0,0,0,0
2026-chall-new-delhi,New Delhi,C,Hard,20260216,Felix Gill,Petr Bar Biryukov,6-3 7-6,Round of 16,0,2026-03-28,0,0,0,0,0,0,0,0,0,0,0,0,0,0,0,0,0,0,0,0,0
2026-chall-new-delhi,New Delhi,C,Hard,20260216,Stefanos Sakellaridis,Beibit Zhukayev,4-6 6-1 6-4,Round of 16,0,2026-03-28,0,0,0,0,0,0,0,0,0,0,0,0,0,0,0,0,0,0,0,0,0
2026-chall-new-delhi,New Delhi,C,Hard,20260216,Beibit Zhukayev,Dane Sweeny,6-7 6-2 6-2,Round of 32,0,2026-03-28,0,0,0,0,0,0,0,0,0,0,0,0,0,0,0,0,0,0,0,0,0
2026-chall-new-delhi,New Delhi,C,Hard,20260216,Rei Sakamoto,Frederico Ferreira Silva,6-2 6-2,Round of 32,0,2026-03-28,0,0,0,0,0,0,0,0,0,0,0,0,0,0,0,0,0,0,0,0,0
2026-chall-new-delhi,New Delhi,C,Hard,20260216,Jay Clarke,Maks Kasnikowski,7-6 6-4,Round of 32,0,2026-03-28,0,0,0,0,0,0,0,0,0,0,0,0,0,0,0,0,0,0,0,0,0
2026-chall-new-delhi,New Delhi,C,Hard,20260216,Felix Gill,Federico Agustin Gomez,6-4 3-6 7-6,Round of 32,0,2026-03-28,0,0,0,0,0,0,0,0,0,0,0,0,0,0,0,0,0,0,0,0,0
2026-chall-new-delhi,New Delhi,C,Hard,20260216,Federico Cina,Ioannis Xilas,6-2 6-4,Round of 32,0,2026-03-28,0,0,0,0,0,0,0,0,0,0,0,0,0,0,0,0,0,0,0,0,0
2026-chall-new-delhi,New Delhi,C,Hard,20260216,Rio Noguchi,Manas Dhamne,7-5 6-4,Round of 32,0,2026-03-28,0,0,0,0,0,0,0,0,0,0,0,0,0,0,0,0,0,0,0,0,0
2026-chall-new-delhi,New Delhi,C,Hard,20260216,Petr Bar Biryukov,Digvijaypratap Singh,6-3 6-4,Round of 32,0,2026-03-28,0,0,0,0,0,0,0,0,0,0,0,0,0,0,0,0,0,0,0,0,0
2026-chall-new-delhi,New Delhi,C,Hard,20260216,Alexander Binda,Denis Yevseyev,6-7 7-1 6-2,Round of 32,0,2026-03-28,0,0,0,0,0,0,0,0,0,0,0,0,0,0,0,0,0,0,0,0,0
2026-chall-new-delhi,New Delhi,C,Hard,20260216,Alastair Gray,Hyeon Chung,6-0 7-6,Round of 32,0,2026-03-28,0,0,0,0,0,0,0,0,0,0,0,0,0,0,0,0,0,0,0,0,0
2026-chall-new-delhi,New Delhi,C,Hard,20260216,Ilya Ivashka,Sanhui Shin,6-3 6-3,Round of 32,0,2026-03-28,0,0,0,0,0,0,0,0,0,0,0,0,0,0,0,0,0,0,0,0,0
2026-chall-new-delhi,New Delhi,C,Hard,20260216,Dimitar Kuzmanov,Philip Sekulic,6-4 7-5,Round of 32,0,2026-03-28,0,0,0,0,0,0,0,0,0,0,0,0,0,0,0,0,0,0,0,0,0
2026-chall-new-delhi,New Delhi,C,Hard,20260216,Sumit Nagal,David Jorda Sanchis,6-3 7-5,Round of 32,0,2026-03-28,0,0,0,0,0,0,0,0,0,0,0,0,0,0,0,0,0,0,0,0,0
2026-chall-new-delhi,New Delhi,C,Hard,20260216,Stefanos Sakellaridis,Manish Sureshkumar,6-4 7-5,Round of 32,0,2026-03-28,0,0,0,0,0,0,0,0,0,0,0,0,0,0,0,0,0,0,0,0,0
2026-chall-new-delhi,New Delhi,C,Hard,20260216,Oliver Crawford,Duje Ajdukovic,7-6 7-3,Round of 32,0,2026-03-28,0,0,0,0,0,0,0,0,0,0,0,0,0,0,0,0,0,0,0,0,0
2026-chall-new-delhi,New Delhi,C,Hard,20260216,Daniel Michalski,Karan Singh,4-6 7-6 6-5,Round of 32,0,2026-03-28,0,0,0,0,0,0,0,0,0,0,0,0,0,0,0,0,0,0,0,0,0
2026-chall-new-delhi,New Delhi,C,Hard,20260216,Michael Geerts,Edas Butvilas,6-3 7-5,Round of 32,0,2026-03-28,0,0,0,0,0,0,0,0,0,0,0,0,0,0,0,0,0,0,0,0,0
2026-chall-new-delhi,New Delhi,C,Hard,20260216,Denis Yevseyev,Alexander Donski,4-6 6-4 6-1,2nd Round Qualifying,0,2026-03-28,0,0,0,0,0,0,0,0,0,0,0,0,0,0,0,0,0,0,0,0,0
2026-chall-new-delhi,New Delhi,C,Hard,20260216,Ioannis Xilas,Eric Vanshelboim,6-3 6-2,2nd Round Qualifying,0,2026-03-28,0,0,0,0,0,0,0,0,0,0,0,0,0,0,0,0,0,0,0,0,0
2026-chall-new-delhi,New Delhi,C,Hard,20260216,Hyeon Chung,Ramkumar Ramanathan,6-2 6-2,2nd Round Qualifying,0,2026-03-28,0,0,0,0,0,0,0,0,0,0,0,0,0,0,0,0,0,0,0,0,0
2026-chall-new-delhi,New Delhi,C,Hard,20260216,Maks Kasnikowski,Grigoriy Lomakin,6-1 6-2,2nd Round Qualifying,0,2026-03-28,0,0,0,0,0,0,0,0,0,0,0,0,0,0,0,0,0,0,0,0,0
2026-chall-new-delhi,New Delhi,C,Hard,20260216,Alexander Binda,Luca Castelnuovo,,2nd Round Qualifying,0,2026-03-28,0,0,0,0,0,0,0,0,0,0,0,0,0,0,0,0,0,0,0,0,0
2026-chall-new-delhi,New Delhi,C,Hard,20260216,Manish Sureshkumar,Uisung Park,6-3 7-5,2nd Round Qualifying,0,2026-03-28,0,0,0,0,0,0,0,0,0,0,0,0,0,0,0,0,0,0,0,0,0
2026-chall-new-delhi,New Delhi,C,Hard,20260216,Denis Yevseyev,Mitsuki Wei Kang Leong,6-4 6-7 3-4,1st Round Qualifying,0,2026-03-28,0,0,0,0,0,0,0,0,0,0,0,0,0,0,0,0,0,0,0,0,0
2026-chall-new-delhi,New Delhi,C,Hard,20260216,Ioannis Xilas,Ishaque Eqbal,6-7 6-2 6-3,1st Round Qualifying,0,2026-03-28,0,0,0,0,0,0,0,0,0,0,0,0,0,0,0,0,0,0,0,0,0
2026-chall-new-delhi,New Delhi,C,Hard,20260216,Hyeon Chung,Nitin Kumar Sinha,6-2 6-1,1st Round Qualifying,0,2026-03-28,0,0,0,0,0,0,0,0,0,0,0,0,0,0,0,0,0,0,0,0,0
2026-chall-new-delhi,New Delhi,C,Hard,20260216,Maks Kasnikowski,Timofei Derepasko,6-2 6-3,1st Round Qualifying,0,2026-03-28,0,0,0,0,0,0,0,0,0,0,0,0,0,0,0,0,0,0,0,0,0
2026-chall-new-delhi,New Delhi,C,Hard,20260216,Manish Sureshkumar,Lorenzo Carboni,4-6 6-2 6-3,1st Round Qualifying,0,2026-03-28,0,0,0,0,0,0,0,0,0,0,0,0,0,0,0,0,0,0,0,0,0
2026-chall-new-delhi,New Delhi,C,Hard,20260216,Luca Castelnuovo,Parth Aggarwal,6-2 7-5,1st Round Qualifying,0,2026-03-28,0,0,0,0,0,0,0,0,0,0,0,0,0,0,0,0,0,0,0,0,0
2026-chall-new-delhi,New Delhi,C,Hard,20260216,Alexander Binda,Udit Kamboj,6-4 7-5,1st Round Qualifying,0,2026-03-28,0,0,0,0,0,0,0,0,0,0,0,0,0,0,0,0,0,0,0,0,0
2026-chall-new-delhi,New Delhi,C,Hard,20260216,Ramkumar Ramanathan,Tsung-Hao Huang,6-1 6-3,1st Round Qualifying,0,2026-03-28,0,0,0,0,0,0,0,0,0,0,0,0,0,0,0,0,0,0,0,0,0
2026-chall-new-delhi,New Delhi,C,Hard,20260216,Uisung Park,Mukund Sasikumar,6-4 6-2,1st Round Qualifying,0,2026-03-28,0,0,0,0,0,0,0,0,0,0,0,0,0,0,0,0,0,0,0,0,0
2026-chall-new-delhi,New Delhi,C,Hard,20260216,Eric Vanshelboim,Sidharth Rawat,5-7 6-2 6-2,1st Round Qualifying,0,2026-03-28,0,0,0,0,0,0,0,0,0,0,0,0,0,0,0,0,0,0,0,0,0
2026-chall-new-delhi,New Delhi,C,Hard,20260216,Grigoriy Lomakin,Egor Agafonov,6-3 2-6 7-6,1st Round Qualifying,0,2026-03-28,0,0,0,0,0,0,0,0,0,0,0,0,0,0,0,0,0,0,0,0,0
2026-chall-new-delhi,New Delhi,C,Hard,20260216,Alexander Donski,S D Prajwal Dev,6-3 7-5,1st Round Qualifying,0,2026-03-28,0,0,0,0,0,0,0,0,0,0,0,0,0,0,0,0,0,0,0,0,0
2026-chall-tigre,Tigre,C,Hard,20260101,Facundo Diaz Acosta,Miguel Damas,1-6 6-3 6-0,Final,0,2026-03-28,0,0,0,0,0,0,0,0,0,0,0,0,0,0,0,0,0,0,0,0,0
2026-chall-tigre,Tigre,C,Hard,20260101,Facundo Diaz Acosta,Alvaro Guillen Meza,3-6 7-6 6-4,Semifinals,0,2026-03-28,0,0,0,0,0,0,0,0,0,0,0,0,0,0,0,0,0,0,0,0,0
2026-chall-tigre,Tigre,C,Hard,20260101,Miguel Damas,Diego Dedura,6-4 4-6 7-5,Semifinals,0,2026-03-28,0,0,0,0,0,0,0,0,0,0,0,0,0,0,0,0,0,0,0,0,0
2026-chall-tigre,Tigre,C,Hard,20260101,Alvaro Guillen Meza,Stefan Palosi,6-3 6-0,Quarterfinals,0,2026-03-28,0,0,0,0,0,0,0,0,0,0,0,0,0,0,0,0,0,0,0,0,0
2026-chall-tigre,Tigre,C,Hard,20260101,Miguel Damas,Gianluca Cadenasso,6-2 6-3,Quarterfinals,0,2026-03-28,0,0,0,0,0,0,0,0,0,0,0,0,0,0,0,0,0,0,0,0,0
2026-chall-tigre,Tigre,C,Hard,20260101,Diego Dedura,Juan Pablo Varillas,6-4 7-6,Quarterfinals,0,2026-03-28,0,0,0,0,0,0,0,0,0,0,0,0,0,0,0,0,0,0,0,0,0
2026-chall-tigre,Tigre,C,Hard,20260101,Facundo Diaz Acosta,Juan Bautista Torres,6-2 6-3,Quarterfinals,0,2026-03-28,0,0,0,0,0,0,0,0,0,0,0,0,0,0,0,0,0,0,0,0,0
2026-chall-tigre,Tigre,C,Hard,20260101,Alvaro Guillen Meza,Guido Ivan Justo,7-6 3-4 6-6,Round of 16,0,2026-03-28,0,0,0,0,0,0,0,0,0,0,0,0,0,0,0,0,0,0,0,0,0
2026-chall-tigre,Tigre,C,Hard,20260101,Stefan Palosi,Genaro Alberto Olivieri,4-6 6-4 7-6,Round of 16,0,2026-03-28,0,0,0,0,0,0,0,0,0,0,0,0,0,0,0,0,0,0,0,0,0
2026-chall-tigre,Tigre,C,Hard,20260101,Diego Dedura,Juan Manuel La Serna,6-1 6-3,Round of 16,0,2026-03-28,0,0,0,0,0,0,0,0,0,0,0,0,0,0,0,0,0,0,0,0,0
2026-chall-tigre,Tigre,C,Hard,20260101,Juan Pablo Varillas,Joaquin Aguilar Cardozo,6-7 4-2 6-0,Round of 16,0,2026-03-28,0,0,0,0,0,0,0,0,0,0,0,0,0,0,0,0,0,0,0,0,0
2026-chall-tigre,Tigre,C,Hard,20260101,Gianluca Cadenasso,Daniel Dutra da Silva,4-6 6-1 7-5,Round of 16,0,2026-03-28,0,0,0,0,0,0,0,0,0,0,0,0,0,0,0,0,0,0,0,0,0
2026-chall-tigre,Tigre,C,Hard,20260101,Miguel Damas,Carlos Sanchez Jover,6-4 6-1,Round of 16,0,2026-03-28,0,0,0,0,0,0,0,0,0,0,0,0,0,0,0,0,0,0,0,0,0
2026-chall-tigre,Tigre,C,Hard,20260101,Facundo Diaz Acosta,Nikolas Sanchez Izquierdo,6-4 6-2,Round of 16,0,2026-03-28,0,0,0,0,0,0,0,0,0,0,0,0,0,0,0,0,0,0,0,0,0
2026-chall-tigre,Tigre,C,Hard,20260101,Juan Bautista Torres,Igor Marcondes,6-2 6-0,Round of 16,0,2026-03-28,0,0,0,0,0,0,0,0,0,0,0,0,0,0,0,0,0,0,0,0,0
2026-chall-tigre,Tigre,C,Hard,20260101,Diego Dedura,Guy Den Ouden,6-4 2-0,Round of 32,0,2026-03-28,0,0,0,0,0,0,0,0,0,0,0,0,0,0,0,0,0,0,0,0,0
2026-chall-tigre,Tigre,C,Hard,20260101,Alvaro Guillen Meza,Franco Roncadelli,6-4 6-4,Round of 32,0,2026-03-28,0,0,0,0,0,0,0,0,0,0,0,0,0,0,0,0,0,0,0,0,0
2026-chall-tigre,Tigre,C,Hard,20260101,Juan Bautista Torres,Gonzalo Bueno,7-5 6-1,Round of 32,0,2026-03-28,0,0,0,0,0,0,0,0,0,0,0,0,0,0,0,0,0,0,0,0,0
2026-chall-tigre,Tigre,C,Hard,20260101,Juan Pablo Varillas,Lautaro Midon,6-4 6-1,Round of 32,0,2026-03-28,0,0,0,0,0,0,0,0,0,0,0,0,0,0,0,0,0,0,0,0,0
2026-chall-tigre,Tigre,C,Hard,20260101,Genaro Alberto Olivieri,Luciano Emanuel Ambrogi,7-5 6-1,Round of 32,0,2026-03-28,0,0,0,0,0,0,0,0,0,0,0,0,0,0,0,0,0,0,0,0,0
2026-chall-tigre,Tigre,C,Hard,20260101,Nikolas Sanchez Izquierdo,Santiago Rodriguez Taverna,6-4 6-2,Round of 32,0,2026-03-28,0,0,0,0,0,0,0,0,0,0,0,0,0,0,0,0,0,0,0,0,0
2026-chall-tigre,Tigre,C,Hard,20260101,Daniel Dutra da Silva,Andrea Collarini,6-4 6-3,Round of 32,0,2026-03-28,0,0,0,0,0,0,0,0,0,0,0,0,0,0,0,0,0,0,0,0,0
2026-chall-tigre,Tigre,C,Hard,20260101,Joaquin Aguilar Cardozo,Eduardo Ribeiro,6-1 2-6 6-1,Round of 32,0,2026-03-28,0,0,0,0,0,0,0,0,0,0,0,0,0,0,0,0,0,0,0,0,0
2026-chall-tigre,Tigre,C,Hard,20260101,Facundo Diaz Acosta,Joao Eduardo Schiessl,6-1 6-0,Round of 32,0,2026-03-28,0,0,0,0,0,0,0,0,0,0,0,0,0,0,0,0,0,0,0,0,0
2026-chall-tigre,Tigre,C,Hard,20260101,Guido Ivan Justo,Gonzalo Villanueva,7-5 7-5,Round of 32,0,2026-03-28,0,0,0,0,0,0,0,0,0,0,0,0,0,0,0,0,0,0,0,0,0
2026-chall-tigre,Tigre,C,Hard,20260101,Juan Manuel La Serna,Valerio Aboian,7-6 6-7,Round of 32,0,2026-03-28,0,0,0,0,0,0,0,0,0,0,0,0,0,0,0,0,0,0,0,0,0
2026-chall-tigre,Tigre,C,Hard,20260101,Stefan Palosi,Pedro Sakamoto,6-3 7-5,Round of 32,0,2026-03-28,0,0,0,0,0,0,0,0,0,0,0,0,0,0,0,0,0,0,0,0,0
2026-chall-tigre,Tigre,C,Hard,20260101,Carlos Sanchez Jover,Juan Estevez,6-4 7-6,Round of 32,0,2026-03-28,0,0,0,0,0,0,0,0,0,0,0,0,0,0,0,0,0,0,0,0,0
2026-chall-tigre,Tigre,C,Hard,20260101,Miguel Damas,Juan Carlos Prado Angelo,7-6 6-5,Round of 32,0,2026-03-28,0,0,0,0,0,0,0,0,0,0,0,0,0,0,0,0,0,0,0,0,0
2026-chall-tigre,Tigre,C,Hard,20260101,Gianluca Cadenasso,Carlos Maria Zarate,6-2 3-6 7-5,Round of 32,0,2026-03-28,0,0,0,0,0,0,0,0,0,0,0,0,0,0,0,0,0,0,0,0,0
2026-chall-tigre,Tigre,C,Hard,20260101,Igor Marcondes,Franco Agamenone,7-6 6-2,Round of 32,0,2026-03-28,0,0,0,0,0,0,0,0,0,0,0,0,0,0,0,0,0,0,0,0,0
2026-chall-tigre,Tigre,C,Hard,20260101,Diego Dedura,Lucio Ratti,6-3 7-6,2nd Round Qualifying,0,2026-03-28,0,0,0,0,0,0,0,0,0,0,0,0,0,0,0,0,0,0,0,0,0
2026-chall-tigre,Tigre,C,Hard,20260101,Luciano Emanuel Ambrogi,Santiago De La Fuente,6-2 6-2,2nd Round Qualifying,0,2026-03-28,0,0,0,0,0,0,0,0,0,0,0,0,0,0,0,0,0,0,0,0,0
2026-chall-tigre,Tigre,C,Hard,20260101,Stefan Palosi,Lorenzo Joaquin Rodriguez,6-3 6-1,2nd Round Qualifying,0,2026-03-28,0,0,0,0,0,0,0,0,0,0,0,0,0,0,0,0,0,0,0,0,0
2026-chall-tigre,Tigre,C,Hard,20260101,Eduardo Ribeiro,Tomas Martinez,6-3 6-2,2nd Round Qualifying,0,2026-03-28,0,0,0,0,0,0,0,0,0,0,0,0,0,0,0,0,0,0,0,0,0
2026-chall-tigre,Tigre,C,Hard,20260101,Valerio Aboian,Joao Eduardo Schiessl,6-1 2-6 6-0,2nd Round Qualifying,0,2026-03-28,0,0,0,0,0,0,0,0,0,0,0,0,0,0,0,0,0,0,0,0,0
2026-chall-tigre,Tigre,C,Hard,20260101,Joaquin Aguilar Cardozo,Franco Ribero,6-2 5-7 6-1,2nd Round Qualifying,0,2026-03-28,0,0,0,0,0,0,0,0,0,0,0,0,0,0,0,0,0,0,0,0,0
2026-chall-tigre,Tigre,C,Hard,20260101,Diego Dedura,Nicolas Zanellato,7-6 6-4,1st Round Qualifying,0,2026-03-28,0,0,0,0,0,0,0,0,0,0,0,0,0,0,0,0,0,0,0,0,0
2026-chall-tigre,Tigre,C,Hard,20260101,Luciano Emanuel Ambrogi,Bruno Fernandez,4-0,1st Round Qualifying,0,2026-03-28,0,0,0,0,0,0,0,0,0,0,0,0,0,0,0,0,0,0,0,0,0
2026-chall-tigre,Tigre,C,Hard,20260101,Stefan Palosi,Joel Navarro,6-0 6-0,1st Round Qualifying,0,2026-03-28,0,0,0,0,0,0,0,0,0,0,0,0,0,0,0,0,0,0,0,0,0
2026-chall-tigre,Tigre,C,Hard,20260101,Eduardo Ribeiro,Thiago Cigarran,6-2 6-0,1st Round Qualifying,0,2026-03-28,0,0,0,0,0,0,0,0,0,0,0,0,0,0,0,0,0,0,0,0,0
2026-chall-tigre,Tigre,C,Hard,20260101,Valerio Aboian,Maximo Zeitune,4-6 6-4 6-0,1st Round Qualifying,0,2026-03-28,0,0,0,0,0,0,0,0,0,0,0,0,0,0,0,0,0,0,0,0,0
2026-chall-tigre,Tigre,C,Hard,20260101,Lorenzo Joaquin Rodriguez,Valentin Basel,6-3 6-2,1st Round Qualifying,0,2026-03-28,0,0,0,0,0,0,0,0,0,0,0,0,0,0,0,0,0,0,0,0,0
2026-chall-tigre,Tigre,C,Hard,20260101,Joao Eduardo Schiessl,Mateo Del Pino,6-2 6-4,1st Round Qualifying,0,2026-03-28,0,0,0,0,0,0,0,0,0,0,0,0,0,0,0,0,0,0,0,0,0
2026-chall-tigre,Tigre,C,Hard,20260101,Lucio Ratti,Agustin Libre,6-2 6-4,1st Round Qualifying,0,2026-03-28,0,0,0,0,0,0,0,0,0,0,0,0,0,0,0,0,0,0,0,0,0
2026-chall-tigre,Tigre,C,Hard,20260101,Joaquin Aguilar Cardozo,Nicolas Bruna,6-4 6-4,1st Round Qualifying,0,2026-03-28,0,0,0,0,0,0,0,0,0,0,0,0,0,0,0,0,0,0,0,0,0
2026-chall-tigre,Tigre,C,Hard,20260101,Santiago De La Fuente,Conner Huertas del Pino,6-7 5-2 6-3,1st Round Qualifying,0,2026-03-28,0,0,0,0,0,0,0,0,0,0,0,0,0,0,0,0,0,0,0,0,0
2026-chall-tigre,Tigre,C,Hard,20260101,Tomas Martinez,Jose Pereira,3-0,1st Round Qualifying,0,2026-03-28,0,0,0,0,0,0,0,0,0,0,0,0,0,0,0,0,0,0,0,0,0
2026-chall-tigre,Tigre,C,Hard,20260101,Franco Ribero,Ezequiel Monferrer,7-6 6-8,1st Round Qualifying,0,2026-03-28,0,0,0,0,0,0,0,0,0,0,0,0,0,0,0,0,0,0,0,0,0
2026-chall-st-brieuc,St Brieuc,C,Hard,20260101,Sebastian Ofner,Pierre-Hugues Herbert,6-4 7-6,Final,0,2026-03-28,0,0,0,0,0,0,0,0,0,0,0,0,0,0,0,0,0,0,0,0,0
2026-chall-st-brieuc,St Brieuc,C,Hard,20260101,Pierre-Hugues Herbert,Hugo Gaston,7-5 6-2,Semifinals,0,2026-03-28,0,0,0,0,0,0,0,0,0,0,0,0,0,0,0,0,0,0,0,0,0
2026-chall-st-brieuc,St Brieuc,C,Hard,20260101,Sebastian Ofner,Clement Chidekh,3-6 6-3 6-4,Semifinals,0,2026-03-28,0,0,0,0,0,0,0,0,0,0,0,0,0,0,0,0,0,0,0,0,0
2026-chall-st-brieuc,St Brieuc,C,Hard,20260101,Hugo Gaston,Ugo Blanchet,6-4 6-1,Quarterfinals,0,2026-03-28,0,0,0,0,0,0,0,0,0,0,0,0,0,0,0,0,0,0,0,0,0
2026-chall-st-brieuc,St Brieuc,C,Hard,20260101,Pierre-Hugues Herbert,Titouan Droguet,4-6 6-2 6-2,Quarterfinals,0,2026-03-28,0,0,0,0,0,0,0,0,0,0,0,0,0,0,0,0,0,0,0,0,0
2026-chall-st-brieuc,St Brieuc,C,Hard,20260101,Sebastian Ofner,Matteo Martineau,6-4 6-1,Quarterfinals,0,2026-03-28,0,0,0,0,0,0,0,0,0,0,0,0,0,0,0,0,0,0,0,0,0
2026-chall-st-brieuc,St Brieuc,C,Hard,20260101,Clement Chidekh,Laurent Lokoli,6-3 3-6 6-4,Quarterfinals,0,2026-03-28,0,0,0,0,0,0,0,0,0,0,0,0,0,0,0,0,0,0,0,0,0
2026-chall-st-brieuc,St Brieuc,C,Hard,20260101,Titouan Droguet,Lucas Poullain,2-6 6-2 6-4,Round of 16,0,2026-03-28,0,0,0,0,0,0,0,0,0,0,0,0,0,0,0,0,0,0,0,0,0
2026-chall-st-brieuc,St Brieuc,C,Hard,20260101,Pierre-Hugues Herbert,Mark Lajal,6-4 7-6,Round of 16,0,2026-03-28,0,0,0,0,0,0,0,0,0,0,0,0,0,0,0,0,0,0,0,0,0
2026-chall-st-brieuc,St Brieuc,C,Hard,20260101,Ugo Blanchet,Buvaysar Gadamauri,7-6 6-0,Round of 16,0,2026-03-28,0,0,0,0,0,0,0,0,0,0,0,0,0,0,0,0,0,0,0,0,0
2026-chall-st-brieuc,St Brieuc,C,Hard,20260101,Matteo Martineau,Jurij Rodionov,6-4 6-1,Round of 16,0,2026-03-28,0,0,0,0,0,0,0,0,0,0,0,0,0,0,0,0,0,0,0,0,0
2026-chall-st-brieuc,St Brieuc,C,Hard,20260101,Sebastian Ofner,Geoffrey Blancaneaux,6-4 6-4,Round of 16,0,2026-03-28,0,0,0,0,0,0,0,0,0,0,0,0,0,0,0,0,0,0,0,0,0
2026-chall-st-brieuc,St Brieuc,C,Hard,20260101,Clement Chidekh,Clement Tabur,6-4 6-3,Round of 16,0,2026-03-28,0,0,0,0,0,0,0,0,0,0,0,0,0,0,0,0,0,0,0,0,0
2026-chall-st-brieuc,St Brieuc,C,Hard,20260101,Hugo Gaston,Mikhail Kukushkin,,Round of 16,0,2026-03-28,0,0,0,0,0,0,0,0,0,0,0,0,0,0,0,0,0,0,0,0,0
2026-chall-st-brieuc,St Brieuc,C,Hard,20260101,Laurent Lokoli,Arthur Bouquier,6-4 6-7 4-2,Round of 16,0,2026-03-28,0,0,0,0,0,0,0,0,0,0,0,0,0,0,0,0,0,0,0,0,0
2026-chall-st-brieuc,St Brieuc,C,Hard,20260101,Titouan Droguet,Moise Kouame,7-6 6-3,Round of 32,0,2026-03-28,0,0,0,0,0,0,0,0,0,0,0,0,0,0,0,0,0,0,0,0,0
2026-chall-st-brieuc,St Brieuc,C,Hard,20260101,Ugo Blanchet,Florian Broska,7-6 6-3 5-7 7-6,Round of 32,0,2026-03-28,0,0,0,0,0,0,0,0,0,0,0,0,0,0,0,0,0,0,0,0,0
2026-chall-st-brieuc,St Brieuc,C,Hard,20260101,Buvaysar Gadamauri,Robin Bertrand,6-3 6-0,Round of 32,0,2026-03-28,0,0,0,0,0,0,0,0,0,0,0,0,0,0,0,0,0,0,0,0,0
2026-chall-st-brieuc,St Brieuc,C,Hard,20260101,Hugo Gaston,Sascha Gueymard Wayenburg,6-2 6-4,Round of 32,0,2026-03-28,0,0,0,0,0,0,0,0,0,0,0,0,0,0,0,0,0,0,0,0,0
2026-chall-st-brieuc,St Brieuc,C,Hard,20260101,Mark Lajal,Jacopo Berrettini,6-3 6-1,Round of 32,0,2026-03-28,0,0,0,0,0,0,0,0,0,0,0,0,0,0,0,0,0,0,0,0,0
2026-chall-st-brieuc,St Brieuc,C,Hard,20260101,Jurij Rodionov,Patrick Zahraj,6-3 7-5,Round of 32,0,2026-03-28,0,0,0,0,0,0,0,0,0,0,0,0,0,0,0,0,0,0,0,0,0
2026-chall-st-brieuc,St Brieuc,C,Hard,20260101,Geoffrey Blancaneaux,Keegan Smith,6-3 7-6,Round of 32,0,2026-03-28,0,0,0,0,0,0,0,0,0,0,0,0,0,0,0,0,0,0,0,0,0
2026-chall-st-brieuc,St Brieuc,C,Hard,20260101,Pierre-Hugues Herbert,Raphael Perot,6-4 6-4,Round of 32,0,2026-03-28,0,0,0,0,0,0,0,0,0,0,0,0,0,0,0,0,0,0,0,0,0
2026-chall-st-brieuc,St Brieuc,C,Hard,20260101,Mikhail Kukushkin,George Loffhagen,1-0,Round of 32,0,2026-03-28,0,0,0,0,0,0,0,0,0,0,0,0,0,0,0,0,0,0,0,0,0
2026-chall-st-brieuc,St Brieuc,C,Hard,20260101,Laurent Lokoli,Jakub Paul,1-6 6-4 6-4,Round of 32,0,2026-03-28,0,0,0,0,0,0,0,0,0,0,0,0,0,0,0,0,0,0,0,0,0
2026-chall-st-brieuc,St Brieuc,C,Hard,20260101,Matteo Martineau,Antoine Ghibaudo,6-7 5-6 7-3 7-6,Round of 32,0,2026-03-28,0,0,0,0,0,0,0,0,0,0,0,0,0,0,0,0,0,0,0,0,0
2026-chall-st-brieuc,St Brieuc,C,Hard,20260101,Lucas Poullain,Norbert Gombos,6-4 6-3,Round of 32,0,2026-03-28,0,0,0,0,0,0,0,0,0,0,0,0,0,0,0,0,0,0,0,0,0
2026-chall-st-brieuc,St Brieuc,C,Hard,20260101,Arthur Bouquier,Jacob Fearnley,6-3 6-2,Round of 32,0,2026-03-28,0,0,0,0,0,0,0,0,0,0,0,0,0,0,0,0,0,0,0,0,0
2026-chall-st-brieuc,St Brieuc,C,Hard,20260101,Sebastian Ofner,Charles Broom,6-7 4-6 7-5 6-3,Round of 32,0,2026-03-28,0,0,0,0,0,0,0,0,0,0,0,0,0,0,0,0,0,0,0,0,0
2026-chall-st-brieuc,St Brieuc,C,Hard,20260101,Clement Chidekh,Roman Safiullin,6-3 6-1,Round of 32,0,2026-03-28,0,0,0,0,0,0,0,0,0,0,0,0,0,0,0,0,0,0,0,0,0
2026-chall-st-brieuc,St Brieuc,C,Hard,20260101,Clement Tabur,Daniel Rincon,7-6 7-1,Round of 32,0,2026-03-28,0,0,0,0,0,0,0,0,0,0,0,0,0,0,0,0,0,0,0,0,0
2026-chall-st-brieuc,St Brieuc,C,Hard,20260101,Keegan Smith,Jakub Paul,6-3 7-5,2nd Round Qualifying,0,2026-03-28,0,0,0,0,0,0,0,0,0,0,0,0,0,0,0,0,0,0,0,0,0
2026-chall-st-brieuc,St Brieuc,C,Hard,20260101,Laurent Lokoli,Philip Henning,6-2 6-4,2nd Round Qualifying,0,2026-03-28,0,0,0,0,0,0,0,0,0,0,0,0,0,0,0,0,0,0,0,0,0
2026-chall-st-brieuc,St Brieuc,C,Hard,20260101,Antoine Ghibaudo,Timeo Trufelli,6-4 6-4,2nd Round Qualifying,0,2026-03-28,0,0,0,0,0,0,0,0,0,0,0,0,0,0,0,0,0,0,0,0,0
2026-chall-st-brieuc,St Brieuc,C,Hard,20260101,Florian Broska,Constantin Bittoun Kouzmine,6-4 6-4,2nd Round Qualifying,0,2026-03-28,0,0,0,0,0,0,0,0,0,0,0,0,0,0,0,0,0,0,0,0,0
2026-chall-st-brieuc,St Brieuc,C,Hard,20260101,Lucas Poullain,Robin Catry,6-3 6-3,2nd Round Qualifying,0,2026-03-28,0,0,0,0,0,0,0,0,0,0,0,0,0,0,0,0,0,0,0,0,0
2026-chall-st-brieuc,St Brieuc,C,Hard,20260101,Buvaysar Gadamauri,Maxime Janvier,6-3 3-6 7-6,2nd Round Qualifying,0,2026-03-28,0,0,0,0,0,0,0,0,0,0,0,0,0,0,0,0,0,0,0,0,0
2026-chall-st-brieuc,St Brieuc,C,Hard,20260101,Keegan Smith,Max Hans Rehberg,4-6 7-6 7-4,1st Round Qualifying,0,2026-03-28,0,0,0,0,0,0,0,0,0,0,0,0,0,0,0,0,0,0,0,0,0
2026-chall-st-brieuc,St Brieuc,C,Hard,20260101,Philip Henning,Victor Barrere,6-2 6-2,1st Round Qualifying,0,2026-03-28,0,0,0,0,0,0,0,0,0,0,0,0,0,0,0,0,0,0,0,0,0
2026-chall-st-brieuc,St Brieuc,C,Hard,20260101,Robin Catry,Tom Paris,6-3 6-4,1st Round Qualifying,0,2026-03-28,0,0,0,0,0,0,0,0,0,0,0,0,0,0,0,0,0,0,0,0,0
2026-chall-st-brieuc,St Brieuc,C,Hard,20260101,Maxime Janvier,James Trotter,6-4 7-6,1st Round Qualifying,0,2026-03-28,0,0,0,0,0,0,0,0,0,0,0,0,0,0,0,0,0,0,0,0,0
2026-chall-st-brieuc,St Brieuc,C,Hard,20260101,Antoine Ghibaudo,Loann Massard,1-6 7-5 6-3,1st Round Qualifying,0,2026-03-28,0,0,0,0,0,0,0,0,0,0,0,0,0,0,0,0,0,0,0,0,0
2026-chall-st-brieuc,St Brieuc,C,Hard,20260101,Florian Broska,Adrien Gobat,6-3 7-6,1st Round Qualifying,0,2026-03-28,0,0,0,0,0,0,0,0,0,0,0,0,0,0,0,0,0,0,0,0,0
2026-chall-st-brieuc,St Brieuc,C,Hard,20260101,Lucas Poullain,Arthur Nagel,7-5 6-2,1st Round Qualifying,0,2026-03-28,0,0,0,0,0,0,0,0,0,0,0,0,0,0,0,0,0,0,0,0,0
2026-chall-st-brieuc,St Brieuc,C,Hard,20260101,Buvaysar Gadamauri,Arthur Reymond,6-4 3-6 6-3,1st Round Qualifying,0,2026-03-28,0,0,0,0,0,0,0,0,0,0,0,0,0,0,0,0,0,0,0,0,0
2026-chall-st-brieuc,St Brieuc,C,Hard,20260101,Constantin Bittoun Kouzmine,Cyril Vandermeersch,6-0 6-2,1st Round Qualifying,0,2026-03-28,0,0,0,0,0,0,0,0,0,0,0,0,0,0,0,0,0,0,0,0,0
2026-chall-st-brieuc,St Brieuc,C,Hard,20260101,Timeo Trufelli,Eero Vasa,6-3 3-6 6-3,1st Round Qualifying,0,2026-03-28,0,0,0,0,0,0,0,0,0,0,0,0,0,0,0,0,0,0,0,0,0
2026-chall-st-brieuc,St Brieuc,C,Hard,20260101,Jakub Paul,Daniel Jade,7-6 7-4,1st Round Qualifying,0,2026-03-28,0,0,0,0,0,0,0,0,0,0,0,0,0,0,0,0,0,0,0,0,0
2026-chall-st-brieuc,St Brieuc,C,Hard,20260101,Laurent Lokoli,Michael Vrbensky,6-7 2-3 6-0,1st Round Qualifying,0,2026-03-28,0,0,0,0,0,0,0,0,0,0,0,0,0,0,0,0,0,0,0,0,0
2026-chall-pune,Pune,C,Hard,20260101,Federico Cina,Felix Gill,6-3 5-7 7-6,Final,0,2026-03-28,0,0,0,0,0,0,0,0,0,0,0,0,0,0,0,0,0,0,0,0,0
2026-chall-pune,Pune,C,Hard,20260101,Federico Cina,Duje Ajdukovic,7-5 6-2,Semifinals,0,2026-03-28,0,0,0,0,0,0,0,0,0,0,0,0,0,0,0,0,0,0,0,0,0
2026-chall-pune,Pune,C,Hard,20260101,Felix Gill,Edas Butvilas,6-4 7-5,Semifinals,0,2026-03-28,0,0,0,0,0,0,0,0,0,0,0,0,0,0,0,0,0,0,0,0,0
2026-chall-pune,Pune,C,Hard,20260101,Federico Cina,Alastair Gray,6-4 6-2,Quarterfinals,0,2026-03-28,0,0,0,0,0,0,0,0,0,0,0,0,0,0,0,0,0,0,0,0,0
2026-chall-pune,Pune,C,Hard,20260101,Edas Butvilas,Masamichi Imamura,6-3 6-3,Quarterfinals,0,2026-03-28,0,0,0,0,0,0,0,0,0,0,0,0,0,0,0,0,0,0,0,0,0
2026-chall-pune,Pune,C,Hard,20260101,Duje Ajdukovic,Manas Dhamne,3-6 7-6 6-8,Quarterfinals,0,2026-03-28,0,0,0,0,0,0,0,0,0,0,0,0,0,0,0,0,0,0,0,0,0
2026-chall-pune,Pune,C,Hard,20260101,Felix Gill,Maks Kasnikowski,0-6 7-6 6-2,Quarterfinals,0,2026-03-28,0,0,0,0,0,0,0,0,0,0,0,0,0,0,0,0,0,0,0,0,0
2026-chall-pune,Pune,C,Hard,20260101,Masamichi Imamura,Jay Clarke,6-2 6-4,Round of 16,0,2026-03-28,0,0,0,0,0,0,0,0,0,0,0,0,0,0,0,0,0,0,0,0,0
2026-chall-pune,Pune,C,Hard,20260101,Edas Butvilas,Tung-Lin Wu,6-3 3-0,Round of 16,0,2026-03-28,0,0,0,0,0,0,0,0,0,0,0,0,0,0,0,0,0,0,0,0,0
2026-chall-pune,Pune,C,Hard,20260101,Felix Gill,Sumit Nagal,7-6 0-4 6-6,Round of 16,0,2026-03-28,0,0,0,0,0,0,0,0,0,0,0,0,0,0,0,0,0,0,0,0,0
2026-chall-pune,Pune,C,Hard,20260101,Alastair Gray,Ilia Simakin,4-6 7-6 7-7,Round of 16,0,2026-03-28,0,0,0,0,0,0,0,0,0,0,0,0,0,0,0,0,0,0,0,0,0
2026-chall-pune,Pune,C,Hard,20260101,Duje Ajdukovic,Frederico Ferreira Silva,6-2 6-2,Round of 16,0,2026-03-28,0,0,0,0,0,0,0,0,0,0,0,0,0,0,0,0,0,0,0,0,0
2026-chall-pune,Pune,C,Hard,20260101,Federico Cina,Yuta Shimizu,6-1 6-4,Round of 16,0,2026-03-28,0,0,0,0,0,0,0,0,0,0,0,0,0,0,0,0,0,0,0,0,0
2026-chall-pune,Pune,C,Hard,20260101,Manas Dhamne,Ilya Ivashka,6-3,Round of 16,0,2026-03-28,0,0,0,0,0,0,0,0,0,0,0,0,0,0,0,0,0,0,0,0,0
2026-chall-pune,Pune,C,Hard,20260101,Maks Kasnikowski,Oliver Crawford,,Round of 16,0,2026-03-28,0,0,0,0,0,0,0,0,0,0,0,0,0,0,0,0,0,0,0,0,0
2026-chall-pune,Pune,C,Hard,20260101,Jay Clarke,Yusuke Takahashi,6-4 6-1,Round of 32,0,2026-03-28,0,0,0,0,0,0,0,0,0,0,0,0,0,0,0,0,0,0,0,0,0
2026-chall-pune,Pune,C,Hard,20260101,Ilia Simakin,Mitsuki Wei Kang Leong,4-6 6-2 7-6,Round of 32,0,2026-03-28,0,0,0,0,0,0,0,0,0,0,0,0,0,0,0,0,0,0,0,0,0
2026-chall-pune,Pune,C,Hard,20260101,Oliver Crawford,Tsung-Hao Huang,6-2 4-6 6-0,Round of 32,0,2026-03-28,0,0,0,0,0,0,0,0,0,0,0,0,0,0,0,0,0,0,0,0,0
2026-chall-pune,Pune,C,Hard,20260101,Frederico Ferreira Silva,Petr Bar Biryukov,6-3 6-4,Round of 32,0,2026-03-28,0,0,0,0,0,0,0,0,0,0,0,0,0,0,0,0,0,0,0,0,0
2026-chall-pune,Pune,C,Hard,20260101,Federico Cina,Takuya Kumasaka,6-1 6-0,Round of 32,0,2026-03-28,0,0,0,0,0,0,0,0,0,0,0,0,0,0,0,0,0,0,0,0,0
2026-chall-pune,Pune,C,Hard,20260101,Sumit Nagal,Rio Noguchi,6-1 6-2,Round of 32,0,2026-03-28,0,0,0,0,0,0,0,0,0,0,0,0,0,0,0,0,0,0,0,0,0
2026-chall-pune,Pune,C,Hard,20260101,Edas Butvilas,Aditya Vishal Balsekar,6-0 6-1,Round of 32,0,2026-03-28,0,0,0,0,0,0,0,0,0,0,0,0,0,0,0,0,0,0,0,0,0
2026-chall-pune,Pune,C,Hard,20260101,Manas Dhamne,Stefanos Sakellaridis,6-4 7-6,Round of 32,0,2026-03-28,0,0,0,0,0,0,0,0,0,0,0,0,0,0,0,0,0,0,0,0,0
2026-chall-pune,Pune,C,Hard,20260101,Felix Gill,Michael Geerts,1-6 7-6 6-9,Round of 32,0,2026-03-28,0,0,0,0,0,0,0,0,0,0,0,0,0,0,0,0,0,0,0,0,0
2026-chall-pune,Pune,C,Hard,20260101,Masamichi Imamura,David Jorda Sanchis,7-6 6-8,Round of 32,0,2026-03-28,0,0,0,0,0,0,0,0,0,0,0,0,0,0,0,0,0,0,0,0,0
2026-chall-pune,Pune,C,Hard,20260101,Maks Kasnikowski,Karan Singh,6-3 6-1,Round of 32,0,2026-03-28,0,0,0,0,0,0,0,0,0,0,0,0,0,0,0,0,0,0,0,0,0
2026-chall-pune,Pune,C,Hard,20260101,Tung-Lin Wu,Alexander Binda,6-1 6-2,Round of 32,0,2026-03-28,0,0,0,0,0,0,0,0,0,0,0,0,0,0,0,0,0,0,0,0,0
2026-chall-pune,Pune,C,Hard,20260101,Ilya Ivashka,Federico Agustin Gomez,6-4 1-6 7-6,Round of 32,0,2026-03-28,0,0,0,0,0,0,0,0,0,0,0,0,0,0,0,0,0,0,0,0,0
2026-chall-pune,Pune,C,Hard,20260101,Duje Ajdukovic,Sanhui Shin,6-2 6-4,Round of 32,0,2026-03-28,0,0,0,0,0,0,0,0,0,0,0,0,0,0,0,0,0,0,0,0,0
2026-chall-pune,Pune,C,Hard,20260101,Alastair Gray,Daniel Michalski,6-3 3-6 6-3,Round of 32,0,2026-03-28,0,0,0,0,0,0,0,0,0,0,0,0,0,0,0,0,0,0,0,0,0
2026-chall-pune,Pune,C,Hard,20260101,Yuta Shimizu,Lorenzo Carboni,6-4 6-4,Round of 32,0,2026-03-28,0,0,0,0,0,0,0,0,0,0,0,0,0,0,0,0,0,0,0,0,0
2026-chall-pune,Pune,C,Hard,20260101,Maks Kasnikowski,Egor Agafonov,6-4 6-4,2nd Round Qualifying,0,2026-03-28,0,0,0,0,0,0,0,0,0,0,0,0,0,0,0,0,0,0,0,0,0
2026-chall-pune,Pune,C,Hard,20260101,Tung-Lin Wu,Digvijaypratap Singh,7-5 6-4,2nd Round Qualifying,0,2026-03-28,0,0,0,0,0,0,0,0,0,0,0,0,0,0,0,0,0,0,0,0,0
2026-chall-pune,Pune,C,Hard,20260101,Masamichi Imamura,David Jorda Sanchis,6-4 6-3,2nd Round Qualifying,0,2026-03-28,0,0,0,0,0,0,0,0,0,0,0,0,0,0,0,0,0,0,0,0,0
2026-chall-pune,Pune,C,Hard,20260101,Yusuke Takahashi,Alexander Binda,6-4 6-3,2nd Round Qualifying,0,2026-03-28,0,0,0,0,0,0,0,0,0,0,0,0,0,0,0,0,0,0,0,0,0
2026-chall-pune,Pune,C,Hard,20260101,Takuya Kumasaka,S D Prajwal Dev,6-4 6-2,2nd Round Qualifying,0,2026-03-28,0,0,0,0,0,0,0,0,0,0,0,0,0,0,0,0,0,0,0,0,0
2026-chall-pune,Pune,C,Hard,20260101,Maks Kasnikowski,Timofei Derepasko,7-6 6-4,1st Round Qualifying,0,2026-03-28,0,0,0,0,0,0,0,0,0,0,0,0,0,0,0,0,0,0,0,0,0
2026-chall-pune,Pune,C,Hard,20260101,Tung-Lin Wu,Kokoro Isomura,6-1 6-4,1st Round Qualifying,0,2026-03-28,0,0,0,0,0,0,0,0,0,0,0,0,0,0,0,0,0,0,0,0,0
2026-chall-pune,Pune,C,Hard,20260101,David Jorda Sanchis,Alexander Donski,0-6 6-4 6-4,1st Round Qualifying,0,2026-03-28,0,0,0,0,0,0,0,0,0,0,0,0,0,0,0,0,0,0,0,0,0
2026-chall-pune,Pune,C,Hard,20260101,Mitsuki Wei Kang Leong,Hyeon Chung,6-3 1-6 6-0,1st Round Qualifying,0,2026-03-28,0,0,0,0,0,0,0,0,0,0,0,0,0,0,0,0,0,0,0,0,0
2026-chall-pune,Pune,C,Hard,20260101,S D Prajwal Dev,Luca Castelnuovo,6-3 6-4,1st Round Qualifying,0,2026-03-28,0,0,0,0,0,0,0,0,0,0,0,0,0,0,0,0,0,0,0,0,0
2026-chall-pune,Pune,C,Hard,20260101,Alexander Binda,Manish Sureshkumar,6-2 7-6,1st Round Qualifying,0,2026-03-28,0,0,0,0,0,0,0,0,0,0,0,0,0,0,0,0,0,0,0,0,0
2026-chall-pune,Pune,C,Hard,20260101,Takuya Kumasaka,Sidharth Rawat,6-4 6-4,1st Round Qualifying,0,2026-03-28,0,0,0,0,0,0,0,0,0,0,0,0,0,0,0,0,0,0,0,0,0
2026-chall-pune,Pune,C,Hard,20260101,Tsung-Hao Huang,Ryuki Matsuda,7-6 6-4,1st Round Qualifying,0,2026-03-28,0,0,0,0,0,0,0,0,0,0,0,0,0,0,0,0,0,0,0,0,0
2026-chall-pune,Pune,C,Hard,20260101,Egor Agafonov,Philip Sekulic,7-6 6-2,1st Round Qualifying,0,2026-03-28,0,0,0,0,0,0,0,0,0,0,0,0,0,0,0,0,0,0,0,0,0
2026-chall-pune,Pune,C,Hard,20260101,Yusuke Takahashi,Siddhant Banthia,7-6 6-2,1st Round Qualifying,0,2026-03-28,0,0,0,0,0,0,0,0,0,0,0,0,0,0,0,0,0,0,0,0,0
2026-chall-pune,Pune,C,Hard,20260101,Masamichi Imamura,Caheer Warik,6-3 6-0,1st Round Qualifying,0,2026-03-28,0,0,0,0,0,0,0,0,0,0,0,0,0,0,0,0,0,0,0,0,0
2026-chall-pune,Pune,C,Hard,20260101,Digvijaypratap Singh,Mukund Sasikumar,7-5 7-6,1st Round Qualifying,0,2026-03-28,0,0,0,0,0,0,0,0,0,0,0,0,0,0,0,0,0,0,0,0,0
2026-chall-lugano,Lugano,C,Hard,20260101,Zsombor Piros,Joel Schwaerzler,7-5 4-6 6-3,Final,0,2026-03-28,0,0,0,0,0,0,0,0,0,0,0,0,0,0,0,0,0,0,0,0,0
2026-chall-lugano,Lugano,C,Hard,20260101,Zsombor Piros,Mika Brunold,7-5 6-3,Semifinals,0,2026-03-28,0,0,0,0,0,0,0,0,0,0,0,0,0,0,0,0,0,0,0,0,0
2026-chall-lugano,Lugano,C,Hard,20260101,Joel Schwaerzler,Matej Dodig,7-6 6-4,Semifinals,0,2026-03-28,0,0,0,0,0,0,0,0,0,0,0,0,0,0,0,0,0,0,0,0,0
2026-chall-lugano,Lugano,C,Hard,20260101,Matej Dodig,Nicolai Budkov Kjaer,7-6 7-4,Quarterfinals,0,2026-03-28,0,0,0,0,0,0,0,0,0,0,0,0,0,0,0,0,0,0,0,0,0
2026-chall-lugano,Lugano,C,Hard,20260101,Zsombor Piros,Maxim Mrva,6-4 6-2,Quarterfinals,0,2026-03-28,0,0,0,0,0,0,0,0,0,0,0,0,0,0,0,0,0,0,0,0,0
2026-chall-lugano,Lugano,C,Hard,20260101,Mika Brunold,Marc-Andrea Huesler,6-4 6-4,Quarterfinals,0,2026-03-28,0,0,0,0,0,0,0,0,0,0,0,0,0,0,0,0,0,0,0,0,0
2026-chall-lugano,Lugano,C,Hard,20260101,Joel Schwaerzler,Dominic Stricker,6-4 6-3,Quarterfinals,0,2026-03-28,0,0,0,0,0,0,0,0,0,0,0,0,0,0,0,0,0,0,0,0,0
2026-chall-lugano,Lugano,C,Hard,20260101,Marc-Andrea Huesler,Daniil Glinka,7-6 6-5,Round of 16,0,2026-03-28,0,0,0,0,0,0,0,0,0,0,0,0,0,0,0,0,0,0,0,0,0
2026-chall-lugano,Lugano,C,Hard,20260101,Mika Brunold,August Holmgren,7-5 7-6,Round of 16,0,2026-03-28,0,0,0,0,0,0,0,0,0,0,0,0,0,0,0,0,0,0,0,0,0
2026-chall-lugano,Lugano,C,Hard,20260101,Joel Schwaerzler,Petr Brunclik,7-6 3-2 7-6,Round of 16,0,2026-03-28,0,0,0,0,0,0,0,0,0,0,0,0,0,0,0,0,0,0,0,0,0
2026-chall-lugano,Lugano,C,Hard,20260101,Dominic Stricker,Alejandro Moro Canas,6-4 6-2,Round of 16,0,2026-03-28,0,0,0,0,0,0,0,0,0,0,0,0,0,0,0,0,0,0,0,0,0
2026-chall-lugano,Lugano,C,Hard,20260101,Nicolai Budkov Kjaer,Petr Nesterov,7-5 6-1,Round of 16,0,2026-03-28,0,0,0,0,0,0,0,0,0,0,0,0,0,0,0,0,0,0,0,0,0
2026-chall-lugano,Lugano,C,Hard,20260101,Zsombor Piros,Ivan Gakhov,7-6 6-1,Round of 16,0,2026-03-28,0,0,0,0,0,0,0,0,0,0,0,0,0,0,0,0,0,0,0,0,0
2026-chall-lugano,Lugano,C,Hard,20260101,Matej Dodig,Timofey Skatov,6-3 4-6 6-4,Round of 16,0,2026-03-28,0,0,0,0,0,0,0,0,0,0,0,0,0,0,0,0,0,0,0,0,0
2026-chall-lugano,Lugano,C,Hard,20260101,Maxim Mrva,Michael Mmoh,1-6 6-4 6-4,Round of 16,0,2026-03-28,0,0,0,0,0,0,0,0,0,0,0,0,0,0,0,0,0,0,0,0,0
2026-chall-lugano,Lugano,C,Hard,20260101,Daniil Glinka,Dylan Dietrich,6-3 6-4,Round of 32,0,2026-03-28,0,0,0,0,0,0,0,0,0,0,0,0,0,0,0,0,0,0,0,0,0
2026-chall-lugano,Lugano,C,Hard,20260101,Mika Brunold,Alex Knaff,7-5 6-7 2-3,Round of 32,0,2026-03-28,0,0,0,0,0,0,0,0,0,0,0,0,0,0,0,0,0,0,0,0,0
2026-chall-lugano,Lugano,C,Hard,20260101,Petr Brunclik,Vitaliy Sachko,7-6 6-5,Round of 32,0,2026-03-28,0,0,0,0,0,0,0,0,0,0,0,0,0,0,0,0,0,0,0,0,0
2026-chall-lugano,Lugano,C,Hard,20260101,Dominic Stricker,Hugo Grenier,6-4 6-3,Round of 32,0,2026-03-28,0,0,0,0,0,0,0,0,0,0,0,0,0,0,0,0,0,0,0,0,0
2026-chall-lugano,Lugano,C,Hard,20260101,August Holmgren,Kaichi Uchida,7-6 5-10 6-7,Round of 32,0,2026-03-28,0,0,0,0,0,0,0,0,0,0,0,0,0,0,0,0,0,0,0,0,0
2026-chall-lugano,Lugano,C,Hard,20260101,Matej Dodig,Jonas Forejtek,6-2 6-4,Round of 32,0,2026-03-28,0,0,0,0,0,0,0,0,0,0,0,0,0,0,0,0,0,0,0,0,0
2026-chall-lugano,Lugano,C,Hard,20260101,Ivan Gakhov,Gabriele Piraino,2-6 6-2 7-6,Round of 32,0,2026-03-28,0,0,0,0,0,0,0,0,0,0,0,0,0,0,0,0,0,0,0,0,0
2026-chall-lugano,Lugano,C,Hard,20260101,Marc-Andrea Huesler,Marko Topo,2-6 6-4,Round of 32,0,2026-03-28,0,0,0,0,0,0,0,0,0,0,0,0,0,0,0,0,0,0,0,0,0
2026-chall-lugano,Lugano,C,Hard,20260101,Alejandro Moro Canas,Nerman Fatic,2-6 6-3 7-6,Round of 32,0,2026-03-28,0,0,0,0,0,0,0,0,0,0,0,0,0,0,0,0,0,0,0,0,0
2026-chall-lugano,Lugano,C,Hard,20260101,Maxim Mrva,Alex Rybakov,6-4 2-6 7-5,Round of 32,0,2026-03-28,0,0,0,0,0,0,0,0,0,0,0,0,0,0,0,0,0,0,0,0,0
2026-chall-lugano,Lugano,C,Hard,20260101,Petr Nesterov,Murphy Cassone,7-6 4-3 6-6,Round of 32,0,2026-03-28,0,0,0,0,0,0,0,0,0,0,0,0,0,0,0,0,0,0,0,0,0
2026-chall-lugano,Lugano,C,Hard,20260101,Joel Schwaerzler,Mirza Basic,6-3 6-3,Round of 32,0,2026-03-28,0,0,0,0,0,0,0,0,0,0,0,0,0,0,0,0,0,0,0,0,0
2026-chall-lugano,Lugano,C,Hard,20260101,Nicolai Budkov Kjaer,Henry Bernet,6-1 6-4,Round of 32,0,2026-03-28,0,0,0,0,0,0,0,0,0,0,0,0,0,0,0,0,0,0,0,0,0
2026-chall-lugano,Lugano,C,Hard,20260101,Zsombor Piros,Henri Squire,7-5 7-6,Round of 32,0,2026-03-28,0,0,0,0,0,0,0,0,0,0,0,0,0,0,0,0,0,0,0,0,0
2026-chall-lugano,Lugano,C,Hard,20260101,Timofey Skatov,Tom Gentzsch,6-3 7-5,Round of 32,0,2026-03-28,0,0,0,0,0,0,0,0,0,0,0,0,0,0,0,0,0,0,0,0,0
2026-chall-lugano,Lugano,C,Hard,20260101,Michael Mmoh,Remy Bertola,6-4 6-7 2-4,Round of 32,0,2026-03-28,0,0,0,0,0,0,0,0,0,0,0,0,0,0,0,0,0,0,0,0,0
2026-chall-lugano,Lugano,C,Hard,20260101,Petr Brunclik,Giovanni Oradini,6-4 7-6,2nd Round Qualifying,0,2026-03-28,0,0,0,0,0,0,0,0,0,0,0,0,0,0,0,0,0,0,0,0,0
2026-chall-lugano,Lugano,C,Hard,20260101,Dylan Dietrich,Alex Rybakov,7-5 6-4,2nd Round Qualifying,0,2026-03-28,0,0,0,0,0,0,0,0,0,0,0,0,0,0,0,0,0,0,0,0,0
2026-chall-lugano,Lugano,C,Hard,20260101,Gabriele Piraino,Petr Nesterov,3-6 6-3 7-6,2nd Round Qualifying,0,2026-03-28,0,0,0,0,0,0,0,0,0,0,0,0,0,0,0,0,0,0,0,0,0
2026-chall-lugano,Lugano,C,Hard,20260101,Jonas Forejtek,Flynn Thomas,7-6 6-7,2nd Round Qualifying,0,2026-03-28,0,0,0,0,0,0,0,0,0,0,0,0,0,0,0,0,0,0,0,0,0
2026-chall-lugano,Lugano,C,Hard,20260101,Mirza Basic,Niels Visker,6-4 7-6,2nd Round Qualifying,0,2026-03-28,0,0,0,0,0,0,0,0,0,0,0,0,0,0,0,0,0,0,0,0,0
2026-chall-lugano,Lugano,C,Hard,20260101,Alex Knaff,Francesco Forti,6-2 6-4,2nd Round Qualifying,0,2026-03-28,0,0,0,0,0,0,0,0,0,0,0,0,0,0,0,0,0,0,0,0,0
2026-chall-lugano,Lugano,C,Hard,20260101,Petr Brunclik,Nicolas Parizzia,7-6 6-3,1st Round Qualifying,0,2026-03-28,0,0,0,0,0,0,0,0,0,0,0,0,0,0,0,0,0,0,0,0,0
2026-chall-lugano,Lugano,C,Hard,20260101,Alex Rybakov,Johan Nikles,3-6 6-4 6-2,1st Round Qualifying,0,2026-03-28,0,0,0,0,0,0,0,0,0,0,0,0,0,0,0,0,0,0,0,0,0
2026-chall-lugano,Lugano,C,Hard,20260101,Gabriele Piraino,Oleksandr Ovcharenko,3-6 6-2 6-3,1st Round Qualifying,0,2026-03-28,0,0,0,0,0,0,0,0,0,0,0,0,0,0,0,0,0,0,0,0,0
2026-chall-lugano,Lugano,C,Hard,20260101,Jonas Forejtek,Filippo Romano,6-4 6-1,1st Round Qualifying,0,2026-03-28,0,0,0,0,0,0,0,0,0,0,0,0,0,0,0,0,0,0,0,0,0
2026-chall-lugano,Lugano,C,Hard,20260101,Niels Visker,Mert Alkaya,6-4 3-6 7-6,1st Round Qualifying,0,2026-03-28,0,0,0,0,0,0,0,0,0,0,0,0,0,0,0,0,0,0,0,0,0
2026-chall-lugano,Lugano,C,Hard,20260101,Alex Knaff,Federico Arnaboldi,7-5 6-4,1st Round Qualifying,0,2026-03-28,0,0,0,0,0,0,0,0,0,0,0,0,0,0,0,0,0,0,0,0,0
2026-chall-lugano,Lugano,C,Hard,20260101,Dylan Dietrich,Luca Potenza,7-6 6-5,1st Round Qualifying,0,2026-03-28,0,0,0,0,0,0,0,0,0,0,0,0,0,0,0,0,0,0,0,0,0
2026-chall-lugano,Lugano,C,Hard,20260101,Flynn Thomas,Rudolf Molleker,6-1 1-6 6-4,1st Round Qualifying,0,2026-03-28,0,0,0,0,0,0,0,0,0,0,0,0,0,0,0,0,0,0,0,0,0
2026-chall-lugano,Lugano,C,Hard,20260101,Francesco Forti,Federico Bondioli,3-6 7-6 7-10,1st Round Qualifying,0,2026-03-28,0,0,0,0,0,0,0,0,0,0,0,0,0,0,0,0,0,0,0,0,0
2026-chall-lugano,Lugano,C,Hard,20260101,Petr Nesterov,Federico Iannaccone,3-6 6-2 7-5,1st Round Qualifying,0,2026-03-28,0,0,0,0,0,0,0,0,0,0,0,0,0,0,0,0,0,0,0,0,0
2026-chall-lugano,Lugano,C,Hard,20260101,Mirza Basic,Jeffrey Von Der Schulenburg,7-6 4-3 6-6,1st Round Qualifying,0,2026-03-28,0,0,0,0,0,0,0,0,0,0,0,0,0,0,0,0,0,0,0,0,0
2026-chall-lugano,Lugano,C,Hard,20260101,Giovanni Oradini,Matt Kuhar,6-2 2-6 6-4,1st Round Qualifying,0,2026-03-28,0,0,0,0,0,0,0,0,0,0,0,0,0,0,0,0,0,0,0,0,0
2026-chall-thionville,Thionville,C,Hard,20260302,Sebastian Ofner,Nicolai Budkov Kjaer,6-7 5-3 6-6 7-7,Final,0,2026-03-28,0,0,0,0,0,0,0,0,0,0,0,0,0,0,0,0,0,0,0,0,0
2026-chall-thionville,Thionville,C,Hard,20260302,Sebastian Ofner,Hugo Gaston,6-4 6-2,Semifinals,0,2026-03-28,0,0,0,0,0,0,0,0,0,0,0,0,0,0,0,0,0,0,0,0,0
2026-chall-thionville,Thionville,C,Hard,20260302,Nicolai Budkov Kjaer,Otto Virtanen,4-6 6-2 7-6,Semifinals,0,2026-03-28,0,0,0,0,0,0,0,0,0,0,0,0,0,0,0,0,0,0,0,0,0
2026-chall-thionville,Thionville,C,Hard,20260302,Hugo Gaston,Moise Kouame,3-6 6-3 6-4,Quarterfinals,0,2026-03-28,0,0,0,0,0,0,0,0,0,0,0,0,0,0,0,0,0,0,0,0,0
2026-chall-thionville,Thionville,C,Hard,20260302,Nicolai Budkov Kjaer,Jan Choinski,6-4 7-6,Quarterfinals,0,2026-03-28,0,0,0,0,0,0,0,0,0,0,0,0,0,0,0,0,0,0,0,0,0
2026-chall-thionville,Thionville,C,Hard,20260302,Otto Virtanen,Ugo Blanchet,7-5 7-6,Quarterfinals,0,2026-03-28,0,0,0,0,0,0,0,0,0,0,0,0,0,0,0,0,0,0,0,0,0
2026-chall-thionville,Thionville,C,Hard,20260302,Sebastian Ofner,Jurij Rodionov,6-2 3-6 6-3,Quarterfinals,0,2026-03-28,0,0,0,0,0,0,0,0,0,0,0,0,0,0,0,0,0,0,0,0,0
2026-chall-thionville,Thionville,C,Hard,20260302,Hugo Gaston,Keegan Smith,3-6 6-3 6-2,Round of 16,0,2026-03-28,0,0,0,0,0,0,0,0,0,0,0,0,0,0,0,0,0,0,0,0,0
2026-chall-thionville,Thionville,C,Hard,20260302,Otto Virtanen,Pierre-Hugues Herbert,7-5 6-4,Round of 16,0,2026-03-28,0,0,0,0,0,0,0,0,0,0,0,0,0,0,0,0,0,0,0,0,0
2026-chall-thionville,Thionville,C,Hard,20260302,Sebastian Ofner,Murphy Cassone,7-5 6-2,Round of 16,0,2026-03-28,0,0,0,0,0,0,0,0,0,0,0,0,0,0,0,0,0,0,0,0,0
2026-chall-thionville,Thionville,C,Hard,20260302,Ugo Blanchet,Clement Chidekh,6-2 6-2,Round of 16,0,2026-03-28,0,0,0,0,0,0,0,0,0,0,0,0,0,0,0,0,0,0,0,0,0
2026-chall-thionville,Thionville,C,Hard,20260302,Jurij Rodionov,Martin Krumich,6-3 6-2,Round of 16,0,2026-03-28,0,0,0,0,0,0,0,0,0,0,0,0,0,0,0,0,0,0,0,0,0
2026-chall-thionville,Thionville,C,Hard,20260302,Jan Choinski,Roman Safiullin,4-6 7-5 7-5,Round of 16,0,2026-03-28,0,0,0,0,0,0,0,0,0,0,0,0,0,0,0,0,0,0,0,0,0
2026-chall-thionville,Thionville,C,Hard,20260302,Moise Kouame,Giulio Zeppieri,6-1 1-0,Round of 16,0,2026-03-28,0,0,0,0,0,0,0,0,0,0,0,0,0,0,0,0,0,0,0,0,0
2026-chall-thionville,Thionville,C,Hard,20260302,Nicolai Budkov Kjaer,Kei Nishikori,3-6 6-4 6-2,Round of 16,0,2026-03-28,0,0,0,0,0,0,0,0,0,0,0,0,0,0,0,0,0,0,0,0,0
2026-chall-thionville,Thionville,C,Hard,20260302,Sebastian Ofner,George Loffhagen,4-6 7-5 7-6,Round of 32,0,2026-03-28,0,0,0,0,0,0,0,0,0,0,0,0,0,0,0,0,0,0,0,0,0
2026-chall-thionville,Thionville,C,Hard,20260302,Murphy Cassone,Charles Broom,6-4 6-3,Round of 32,0,2026-03-28,0,0,0,0,0,0,0,0,0,0,0,0,0,0,0,0,0,0,0,0,0
2026-chall-thionville,Thionville,C,Hard,20260302,Pierre-Hugues Herbert,Gilles Arnaud Bailly,6-3 6-7 3-3,Round of 32,0,2026-03-28,0,0,0,0,0,0,0,0,0,0,0,0,0,0,0,0,0,0,0,0,0
2026-chall-thionville,Thionville,C,Hard,20260302,Keegan Smith,August Holmgren,6-3 3-6 6-3,Round of 32,0,2026-03-28,0,0,0,0,0,0,0,0,0,0,0,0,0,0,0,0,0,0,0,0,0
2026-chall-thionville,Thionville,C,Hard,20260302,Hugo Gaston,Daniil Glinka,6-3 4-2,Round of 32,0,2026-03-28,0,0,0,0,0,0,0,0,0,0,0,0,0,0,0,0,0,0,0,0,0
2026-chall-thionville,Thionville,C,Hard,20260302,Jan Choinski,Mae Malige,7-6 6-3,Round of 32,0,2026-03-28,0,0,0,0,0,0,0,0,0,0,0,0,0,0,0,0,0,0,0,0,0
2026-chall-thionville,Thionville,C,Hard,20260302,Otto Virtanen,Tom Paris,6-4 1-6 7-6,Round of 32,0,2026-03-28,0,0,0,0,0,0,0,0,0,0,0,0,0,0,0,0,0,0,0,0,0
2026-chall-thionville,Thionville,C,Hard,20260302,Ugo Blanchet,Yosuke Watanuki,6-7 5-2 6-0,Round of 32,0,2026-03-28,0,0,0,0,0,0,0,0,0,0,0,0,0,0,0,0,0,0,0,0,0
2026-chall-thionville,Thionville,C,Hard,20260302,Clement Chidekh,Remy Bertola,6-3 7-6,Round of 32,0,2026-03-28,0,0,0,0,0,0,0,0,0,0,0,0,0,0,0,0,0,0,0,0,0
2026-chall-thionville,Thionville,C,Hard,20260302,Moise Kouame,Jelle Sels,6-3 6-0,Round of 32,0,2026-03-28,0,0,0,0,0,0,0,0,0,0,0,0,0,0,0,0,0,0,0,0,0
2026-chall-thionville,Thionville,C,Hard,20260302,Martin Krumich,Dan Added,6-4 6-2,Round of 32,0,2026-03-28,0,0,0,0,0,0,0,0,0,0,0,0,0,0,0,0,0,0,0,0,0
2026-chall-thionville,Thionville,C,Hard,20260302,Kei Nishikori,Clement Tabur,7-5 4-6 6-2,Round of 32,0,2026-03-28,0,0,0,0,0,0,0,0,0,0,0,0,0,0,0,0,0,0,0,0,0
2026-chall-thionville,Thionville,C,Hard,20260302,Jurij Rodionov,Hugo Grenier,6-3 1-0,Round of 32,0,2026-03-28,0,0,0,0,0,0,0,0,0,0,0,0,0,0,0,0,0,0,0,0,0
2026-chall-thionville,Thionville,C,Hard,20260302,Giulio Zeppieri,Justin Engel,4-6 7-5 6-1,Round of 32,0,2026-03-28,0,0,0,0,0,0,0,0,0,0,0,0,0,0,0,0,0,0,0,0,0
2026-chall-thionville,Thionville,C,Hard,20260302,Nicolai Budkov Kjaer,Alex Molcan,6-1 6-2,Round of 32,0,2026-03-28,0,0,0,0,0,0,0,0,0,0,0,0,0,0,0,0,0,0,0,0,0
2026-chall-thionville,Thionville,C,Hard,20260302,Roman Safiullin,Timofey Skatov,7-6 6-3,Round of 32,0,2026-03-28,0,0,0,0,0,0,0,0,0,0,0,0,0,0,0,0,0,0,0,0,0
2026-chall-thionville,Thionville,C,Hard,20260302,Yosuke Watanuki,Florian Broska,6-1 6-4,2nd Round Qualifying,0,2026-03-28,0,0,0,0,0,0,0,0,0,0,0,0,0,0,0,0,0,0,0,0,0
2026-chall-thionville,Thionville,C,Hard,20260302,Murphy Cassone,Laurent Lokoli,6-3 6-1,2nd Round Qualifying,0,2026-03-28,0,0,0,0,0,0,0,0,0,0,0,0,0,0,0,0,0,0,0,0,0
2026-chall-thionville,Thionville,C,Hard,20260302,Charles Broom,Geoffrey Blancaneaux,6-4 6-7 4-3,2nd Round Qualifying,0,2026-03-28,0,0,0,0,0,0,0,0,0,0,0,0,0,0,0,0,0,0,0,0,0
2026-chall-thionville,Thionville,C,Hard,20260302,Kei Nishikori,Jelle Sels,7-6 4-3 6-6,2nd Round Qualifying,0,2026-03-28,0,0,0,0,0,0,0,0,0,0,0,0,0,0,0,0,0,0,0,0,0
2026-chall-thionville,Thionville,C,Hard,20260302,Keegan Smith,Neil Oberleitner,6-3 6-3,2nd Round Qualifying,0,2026-03-28,0,0,0,0,0,0,0,0,0,0,0,0,0,0,0,0,0,0,0,0,0
2026-chall-thionville,Thionville,C,Hard,20260302,Martin Krumich,Rudolf Molleker,7-6 6-3,2nd Round Qualifying,0,2026-03-28,0,0,0,0,0,0,0,0,0,0,0,0,0,0,0,0,0,0,0,0,0
2026-chall-thionville,Thionville,C,Hard,20260302,Yosuke Watanuki,Arthur Nagel,6-4 6-2,1st Round Qualifying,0,2026-03-28,0,0,0,0,0,0,0,0,0,0,0,0,0,0,0,0,0,0,0,0,0
2026-chall-thionville,Thionville,C,Hard,20260302,Rudolf Molleker,Ivan Gakhov,7-5 6-4,1st Round Qualifying,0,2026-03-28,0,0,0,0,0,0,0,0,0,0,0,0,0,0,0,0,0,0,0,0,0
2026-chall-thionville,Thionville,C,Hard,20260302,Murphy Cassone,Maxence Bertimon,6-0 6-4,1st Round Qualifying,0,2026-03-28,0,0,0,0,0,0,0,0,0,0,0,0,0,0,0,0,0,0,0,0,0
2026-chall-thionville,Thionville,C,Hard,20260302,Charles Broom,Alex Knaff,6-1 6-7 6-5,1st Round Qualifying,0,2026-03-28,0,0,0,0,0,0,0,0,0,0,0,0,0,0,0,0,0,0,0,0,0
2026-chall-thionville,Thionville,C,Hard,20260302,Kei Nishikori,Daniel Jade,6-2 6-3,1st Round Qualifying,0,2026-03-28,0,0,0,0,0,0,0,0,0,0,0,0,0,0,0,0,0,0,0,0,0
2026-chall-thionville,Thionville,C,Hard,20260302,Keegan Smith,Matteo Martineau,6-1 7-5,1st Round Qualifying,0,2026-03-28,0,0,0,0,0,0,0,0,0,0,0,0,0,0,0,0,0,0,0,0,0
2026-chall-thionville,Thionville,C,Hard,20260302,Geoffrey Blancaneaux,Maxime Janvier,7-6 7-0,1st Round Qualifying,0,2026-03-28,0,0,0,0,0,0,0,0,0,0,0,0,0,0,0,0,0,0,0,0,0
2026-chall-thionville,Thionville,C,Hard,20260302,Jelle Sels,Timeo Trufelli,6-4 7-6,1st Round Qualifying,0,2026-03-28,0,0,0,0,0,0,0,0,0,0,0,0,0,0,0,0,0,0,0,0,0
2026-chall-thionville,Thionville,C,Hard,20260302,Laurent Lokoli,Patrick Zahraj,7-5 7-6,1st Round Qualifying,0,2026-03-28,0,0,0,0,0,0,0,0,0,0,0,0,0,0,0,0,0,0,0,0,0
2026-chall-thionville,Thionville,C,Hard,20260302,Martin Krumich,Pavel Kotov,7-6 4-3 6-6,1st Round Qualifying,0,2026-03-28,0,0,0,0,0,0,0,0,0,0,0,0,0,0,0,0,0,0,0,0,0
2026-chall-thionville,Thionville,C,Hard,20260302,Florian Broska,Hazem Naw,6-4 3-6 7-6,1st Round Qualifying,0,2026-03-28,0,0,0,0,0,0,0,0,0,0,0,0,0,0,0,0,0,0,0,0,0
2026-chall-thionville,Thionville,C,Hard,20260302,Neil Oberleitner,Arthur Bouquier,6-7 2-3 6-6 7-5,1st Round Qualifying,0,2026-03-28,0,0,0,0,0,0,0,0,0,0,0,0,0,0,0,0,0,0,0,0,0
2026-chall-brasilia,Brasilia,C,Hard,20260302,Henrique Rocha,Adolfo Daniel Vallejo,6-4 6-4,Final,0,2026-03-28,0,0,0,0,0,0,0,0,0,0,0,0,0,0,0,0,0,0,0,0,0
2026-chall-brasilia,Brasilia,C,Hard,20260302,Adolfo Daniel Vallejo,Eduardo Ribeiro,7-5 6-2,Semifinals,0,2026-03-28,0,0,0,0,0,0,0,0,0,0,0,0,0,0,0,0,0,0,0,0,0
2026-chall-brasilia,Brasilia,C,Hard,20260302,Henrique Rocha,Thiago Monteiro,6-0 6-7 3-3,Semifinals,0,2026-03-28,0,0,0,0,0,0,0,0,0,0,0,0,0,0,0,0,0,0,0,0,0
2026-chall-brasilia,Brasilia,C,Hard,20260302,Adolfo Daniel Vallejo,Facundo Diaz Acosta,7-6 6-6,Quarterfinals,0,2026-03-28,0,0,0,0,0,0,0,0,0,0,0,0,0,0,0,0,0,0,0,0,0
2026-chall-brasilia,Brasilia,C,Hard,20260302,Henrique Rocha,Juan Carlos Prado Angelo,6-3 6-3,Quarterfinals,0,2026-03-28,0,0,0,0,0,0,0,0,0,0,0,0,0,0,0,0,0,0,0,0,0
2026-chall-brasilia,Brasilia,C,Hard,20260302,Thiago Monteiro,Pedro Boscardin Dias,6-1 6-2,Quarterfinals,0,2026-03-28,0,0,0,0,0,0,0,0,0,0,0,0,0,0,0,0,0,0,0,0,0
2026-chall-brasilia,Brasilia,C,Hard,20260302,Eduardo Ribeiro,Gustavo Heide,6-4 4-6 6-4,Quarterfinals,0,2026-03-28,0,0,0,0,0,0,0,0,0,0,0,0,0,0,0,0,0,0,0,0,0
2026-chall-brasilia,Brasilia,C,Hard,20260302,Adolfo Daniel Vallejo,Joao Eduardo Schiessl,6-4 6-2,Round of 16,0,2026-03-28,0,0,0,0,0,0,0,0,0,0,0,0,0,0,0,0,0,0,0,0,0
2026-chall-brasilia,Brasilia,C,Hard,20260302,Pedro Boscardin Dias,Juan Pablo Varillas,6-2 7-6,Round of 16,0,2026-03-28,0,0,0,0,0,0,0,0,0,0,0,0,0,0,0,0,0,0,0,0,0
2026-chall-brasilia,Brasilia,C,Hard,20260302,Facundo Diaz Acosta,Guto Miguel,6-4 6-3,Round of 16,0,2026-03-28,0,0,0,0,0,0,0,0,0,0,0,0,0,0,0,0,0,0,0,0,0
2026-chall-brasilia,Brasilia,C,Hard,20260302,Thiago Monteiro,Miguel Damas,6-4 7-5,Round of 16,0,2026-03-28,0,0,0,0,0,0,0,0,0,0,0,0,0,0,0,0,0,0,0,0,0
2026-chall-brasilia,Brasilia,C,Hard,20260302,Eduardo Ribeiro,Jaime Faria,7-6 6-7,Round of 16,0,2026-03-28,0,0,0,0,0,0,0,0,0,0,0,0,0,0,0,0,0,0,0,0,0
2026-chall-brasilia,Brasilia,C,Hard,20260302,Henrique Rocha,Carlos Sanchez Jover,7-6 6-3,Round of 16,0,2026-03-28,0,0,0,0,0,0,0,0,0,0,0,0,0,0,0,0,0,0,0,0,0
2026-chall-brasilia,Brasilia,C,Hard,20260302,Gustavo Heide,Igor Marcondes,6-4 4-6 6-4,Round of 16,0,2026-03-28,0,0,0,0,0,0,0,0,0,0,0,0,0,0,0,0,0,0,0,0,0
2026-chall-brasilia,Brasilia,C,Hard,20260302,Juan Carlos Prado Angelo,Joao Lucas Reis Da Silva,3-6 6-3 6-4,Round of 16,0,2026-03-28,0,0,0,0,0,0,0,0,0,0,0,0,0,0,0,0,0,0,0,0,0
2026-chall-brasilia,Brasilia,C,Hard,20260302,Adolfo Daniel Vallejo,Tristan Boyer,6-2 6-2,Round of 32,0,2026-03-28,0,0,0,0,0,0,0,0,0,0,0,0,0,0,0,0,0,0,0,0,0
2026-chall-brasilia,Brasilia,C,Hard,20260302,Pedro Boscardin Dias,Elmer Moller,6-2 6-3,Round of 32,0,2026-03-28,0,0,0,0,0,0,0,0,0,0,0,0,0,0,0,0,0,0,0,0,0
2026-chall-brasilia,Brasilia,C,Hard,20260302,Henrique Rocha,Franco Agamenone,7-5 6-2,Round of 32,0,2026-03-28,0,0,0,0,0,0,0,0,0,0,0,0,0,0,0,0,0,0,0,0,0
2026-chall-brasilia,Brasilia,C,Hard,20260302,Guto Miguel,Juan Pablo Ficovich,7-6 7-1,Round of 32,0,2026-03-28,0,0,0,0,0,0,0,0,0,0,0,0,0,0,0,0,0,0,0,0,0
2026-chall-brasilia,Brasilia,C,Hard,20260302,Miguel Damas,Alvaro Guillen Meza,7-6 6-8,Round of 32,0,2026-03-28,0,0,0,0,0,0,0,0,0,0,0,0,0,0,0,0,0,0,0,0,0
2026-chall-brasilia,Brasilia,C,Hard,20260302,Facundo Diaz Acosta,Nikolas Sanchez Izquierdo,6-3 7-6,Round of 32,0,2026-03-28,0,0,0,0,0,0,0,0,0,0,0,0,0,0,0,0,0,0,0,0,0
2026-chall-brasilia,Brasilia,C,Hard,20260302,Igor Marcondes,Pedro Sakamoto,6-7 4-4 6-1,Round of 32,0,2026-03-28,0,0,0,0,0,0,0,0,0,0,0,0,0,0,0,0,0,0,0,0,0
2026-chall-brasilia,Brasilia,C,Hard,20260302,Thiago Monteiro,Daniel Dutra da Silva,6-4 6-4,Round of 32,0,2026-03-28,0,0,0,0,0,0,0,0,0,0,0,0,0,0,0,0,0,0,0,0,0
2026-chall-brasilia,Brasilia,C,Hard,20260302,Eduardo Ribeiro,Franco Roncadelli,6-4 6-3,Round of 32,0,2026-03-28,0,0,0,0,0,0,0,0,0,0,0,0,0,0,0,0,0,0,0,0,0
2026-chall-brasilia,Brasilia,C,Hard,20260302,Carlos Sanchez Jover,Miguel Tobon,7-6 4-2 6-6,Round of 32,0,2026-03-28,0,0,0,0,0,0,0,0,0,0,0,0,0,0,0,0,0,0,0,0,0
2026-chall-brasilia,Brasilia,C,Hard,20260302,Joao Eduardo Schiessl,Felipe Meligeni Alves,7-6 7-5,Round of 32,0,2026-03-28,0,0,0,0,0,0,0,0,0,0,0,0,0,0,0,0,0,0,0,0,0
2026-chall-brasilia,Brasilia,C,Hard,20260302,Juan Pablo Varillas,Benjamin Torrealba,6-2 6-1,Round of 32,0,2026-03-28,0,0,0,0,0,0,0,0,0,0,0,0,0,0,0,0,0,0,0,0,0
2026-chall-brasilia,Brasilia,C,Hard,20260302,Jaime Faria,Gianluca Cadenasso,7-6 3-11 7-6,Round of 32,0,2026-03-28,0,0,0,0,0,0,0,0,0,0,0,0,0,0,0,0,0,0,0,0,0
2026-chall-brasilia,Brasilia,C,Hard,20260302,Juan Carlos Prado Angelo,Guy Den Ouden,6-4 6-3,Round of 32,0,2026-03-28,0,0,0,0,0,0,0,0,0,0,0,0,0,0,0,0,0,0,0,0,0
2026-chall-brasilia,Brasilia,C,Hard,20260302,Gustavo Heide,Daniel Elahi Galan,6-1 4-6 7-6,Round of 32,0,2026-03-28,0,0,0,0,0,0,0,0,0,0,0,0,0,0,0,0,0,0,0,0,0
2026-chall-brasilia,Brasilia,C,Hard,20260302,Joao Lucas Reis Da Silva,Matias Soto,6-1 4-6 6-4,Round of 32,0,2026-03-28,0,0,0,0,0,0,0,0,0,0,0,0,0,0,0,0,0,0,0,0,0
2026-chall-brasilia,Brasilia,C,Hard,20260302,Franco Roncadelli,Joao Vitor Scramin Do Lago,6-1 6-2,2nd Round Qualifying,0,2026-03-28,0,0,0,0,0,0,0,0,0,0,0,0,0,0,0,0,0,0,0,0,0
2026-chall-brasilia,Brasilia,C,Hard,20260302,Carlos Sanchez Jover,Ryan Dickerson,7-6 6-5,2nd Round Qualifying,0,2026-03-28,0,0,0,0,0,0,0,0,0,0,0,0,0,0,0,0,0,0,0,0,0
2026-chall-brasilia,Brasilia,C,Hard,20260302,Pedro Sakamoto,Luis Felipe Miguel,7-6 6-4,2nd Round Qualifying,0,2026-03-28,0,0,0,0,0,0,0,0,0,0,0,0,0,0,0,0,0,0,0,0,0
2026-chall-brasilia,Brasilia,C,Hard,20260302,Eduardo Ribeiro,Nicolas Moreno De Alboran,7-5 3-6 6-3,2nd Round Qualifying,0,2026-03-28,0,0,0,0,0,0,0,0,0,0,0,0,0,0,0,0,0,0,0,0,0
2026-chall-brasilia,Brasilia,C,Hard,20260302,Joao Eduardo Schiessl,Nicolas Villalon,6-2 6-2,2nd Round Qualifying,0,2026-03-28,0,0,0,0,0,0,0,0,0,0,0,0,0,0,0,0,0,0,0,0,0
2026-chall-brasilia,Brasilia,C,Hard,20260302,Benjamin Torrealba,Paulo Andre Saraiva Dos Santos,6-4 6-2,2nd Round Qualifying,0,2026-03-28,0,0,0,0,0,0,0,0,0,0,0,0,0,0,0,0,0,0,0,0,0
2026-chall-brasilia,Brasilia,C,Hard,20260302,Franco Roncadelli,Ryan Augusto Dos Santos,6-2 6-1,1st Round Qualifying,0,2026-03-28,0,0,0,0,0,0,0,0,0,0,0,0,0,0,0,0,0,0,0,0,0
2026-chall-brasilia,Brasilia,C,Hard,20260302,Carlos Sanchez Jover,Breno Braga,6-0 6-1,1st Round Qualifying,0,2026-03-28,0,0,0,0,0,0,0,0,0,0,0,0,0,0,0,0,0,0,0,0,0
2026-chall-brasilia,Brasilia,C,Hard,20260302,Pedro Sakamoto,Victor Hugo Remondy Pagotto,4-6 6-2 6-4,1st Round Qualifying,0,2026-03-28,0,0,0,0,0,0,0,0,0,0,0,0,0,0,0,0,0,0,0,0,0
2026-chall-brasilia,Brasilia,C,Hard,20260302,Eduardo Ribeiro,Luka Bojicic Ono,6-0 6-0,1st Round Qualifying,0,2026-03-28,0,0,0,0,0,0,0,0,0,0,0,0,0,0,0,0,0,0,0,0,0
2026-chall-brasilia,Brasilia,C,Hard,20260302,Joao Eduardo Schiessl,João Pedro Didoni Bonini,6-2 3-6 6-4,1st Round Qualifying,0,2026-03-28,0,0,0,0,0,0,0,0,0,0,0,0,0,0,0,0,0,0,0,0,0
2026-chall-brasilia,Brasilia,C,Hard,20260302,Paulo Andre Saraiva Dos Santos,Marcelo Zormann,6-3 7-6,1st Round Qualifying,0,2026-03-28,0,0,0,0,0,0,0,0,0,0,0,0,0,0,0,0,0,0,0,0,0
2026-chall-brasilia,Brasilia,C,Hard,20260302,Nicolas Moreno De Alboran,Victor Braga,6-1 6-1,1st Round Qualifying,0,2026-03-28,0,0,0,0,0,0,0,0,0,0,0,0,0,0,0,0,0,0,0,0,0
2026-chall-brasilia,Brasilia,C,Hard,20260302,Luis Felipe Miguel,Santiago De La Fuente,0-6 6-1 6-2,1st Round Qualifying,0,2026-03-28,0,0,0,0,0,0,0,0,0,0,0,0,0,0,0,0,0,0,0,0,0
2026-chall-brasilia,Brasilia,C,Hard,20260302,Ryan Dickerson,Enrique Bogo,6-2 6-4,1st Round Qualifying,0,2026-03-28,0,0,0,0,0,0,0,0,0,0,0,0,0,0,0,0,0,0,0,0,0
2026-chall-brasilia,Brasilia,C,Hard,20260302,Benjamin Torrealba,Miguel Bellorio,6-0 6-0,1st Round Qualifying,0,2026-03-28,0,0,0,0,0,0,0,0,0,0,0,0,0,0,0,0,0,0,0,0,0
2026-chall-brasilia,Brasilia,C,Hard,20260302,Nicolas Villalon,Rafael Tosetto,6-4 6-2,1st Round Qualifying,0,2026-03-28,0,0,0,0,0,0,0,0,0,0,0,0,0,0,0,0,0,0,0,0,0
2026-chall-brasilia,Brasilia,C,Hard,20260302,Joao Vitor Scramin Do Lago,Enzo Camargo Lima,7-5 6-1,1st Round Qualifying,0,2026-03-28,0,0,0,0,0,0,0,0,0,0,0,0,0,0,0,0,0,0,0,0,0
2026-chall-kigali,Kigali,C,Hard,20260309,Marco Trungelliti,Marco Cecchinato,4-6 6-0 6-3,Final,0,2026-03-28,0,0,0,0,0,0,0,0,0,0,0,0,0,0,0,0,0,0,0,0,0
2026-chall-kigali,Kigali,C,Hard,20260309,Marco Trungelliti,Zdenek Kolar,6-3 6-3,Semifinals,0,2026-03-28,0,0,0,0,0,0,0,0,0,0,0,0,0,0,0,0,0,0,0,0,0
2026-chall-kigali,Kigali,C,Hard,20260309,Marco Cecchinato,Arthur Gea,6-3 6-4,Semifinals,0,2026-03-28,0,0,0,0,0,0,0,0,0,0,0,0,0,0,0,0,0,0,0,0,0
2026-chall-kigali,Kigali,C,Hard,20260309,Marco Trungelliti,Max Houkes,6-7 6-6 7-5 6-3,Quarterfinals,0,2026-03-28,0,0,0,0,0,0,0,0,0,0,0,0,0,0,0,0,0,0,0,0,0
2026-chall-kigali,Kigali,C,Hard,20260309,Arthur Gea,Stefano Napolitano,6-3 6-4,Quarterfinals,0,2026-03-28,0,0,0,0,0,0,0,0,0,0,0,0,0,0,0,0,0,0,0,0,0
2026-chall-kigali,Kigali,C,Hard,20260309,Zdenek Kolar,Filip Cristian Jianu,7-6 7-8,Quarterfinals,0,2026-03-28,0,0,0,0,0,0,0,0,0,0,0,0,0,0,0,0,0,0,0,0,0
2026-chall-kigali,Kigali,C,Hard,20260309,Marco Cecchinato,Andrej Martin,7-6 6-7,Quarterfinals,0,2026-03-28,0,0,0,0,0,0,0,0,0,0,0,0,0,0,0,0,0,0,0,0,0
2026-chall-kigali,Kigali,C,Hard,20260309,Arthur Gea,Sean Cuenin,6-1,Round of 16,0,2026-03-28,0,0,0,0,0,0,0,0,0,0,0,0,0,0,0,0,0,0,0,0,0
2026-chall-kigali,Kigali,C,Hard,20260309,Zdenek Kolar,Corentin Denolly,6-1 6-2,Round of 16,0,2026-03-28,0,0,0,0,0,0,0,0,0,0,0,0,0,0,0,0,0,0,0,0,0
2026-chall-kigali,Kigali,C,Hard,20260309,Filip Cristian Jianu,Eero Vasa,6-3 7-6,Round of 16,0,2026-03-28,0,0,0,0,0,0,0,0,0,0,0,0,0,0,0,0,0,0,0,0,0
2026-chall-kigali,Kigali,C,Hard,20260309,Stefano Napolitano,Maximilian Neuchrist,6-3 6-7 6-1,Round of 16,0,2026-03-28,0,0,0,0,0,0,0,0,0,0,0,0,0,0,0,0,0,0,0,0,0
2026-chall-kigali,Kigali,C,Hard,20260309,Marco Trungelliti,Jonas Forejtek,7-6 4-0 7-6,Round of 16,0,2026-03-28,0,0,0,0,0,0,0,0,0,0,0,0,0,0,0,0,0,0,0,0,0
2026-chall-kigali,Kigali,C,Hard,20260309,Andrej Martin,Jay Clarke,7-6 6-3,Round of 16,0,2026-03-28,0,0,0,0,0,0,0,0,0,0,0,0,0,0,0,0,0,0,0,0,0
2026-chall-kigali,Kigali,C,Hard,20260309,Marco Cecchinato,Sandro Kopp,4-6 6-3 6-4,Round of 16,0,2026-03-28,0,0,0,0,0,0,0,0,0,0,0,0,0,0,0,0,0,0,0,0,0
2026-chall-kigali,Kigali,C,Hard,20260309,Max Houkes,Alexander Donski,7-6 7-8,Round of 16,0,2026-03-28,0,0,0,0,0,0,0,0,0,0,0,0,0,0,0,0,0,0,0,0,0
2026-chall-kigali,Kigali,C,Hard,20260309,Arthur Gea,Cesar Bouchelaghem,2-6 7-6 6-3,Round of 32,0,2026-03-28,0,0,0,0,0,0,0,0,0,0,0,0,0,0,0,0,0,0,0,0,0
2026-chall-kigali,Kigali,C,Hard,20260309,Eero Vasa,Roberto Carballes Baena,6-4 3-6 7-6,Round of 32,0,2026-03-28,0,0,0,0,0,0,0,0,0,0,0,0,0,0,0,0,0,0,0,0,0
2026-chall-kigali,Kigali,C,Hard,20260309,Jay Clarke,Maik Steiner,6-7 5-3 6-3,Round of 32,0,2026-03-28,0,0,0,0,0,0,0,0,0,0,0,0,0,0,0,0,0,0,0,0,0
2026-chall-kigali,Kigali,C,Hard,20260309,Max Houkes,Luka Pavlovic,4-6 6-2 6-2,Round of 32,0,2026-03-28,0,0,0,0,0,0,0,0,0,0,0,0,0,0,0,0,0,0,0,0,0
2026-chall-kigali,Kigali,C,Hard,20260309,Stefano Napolitano,Joel Schwaerzler,7-6 7-13,Round of 32,0,2026-03-28,0,0,0,0,0,0,0,0,0,0,0,0,0,0,0,0,0,0,0,0,0
2026-chall-kigali,Kigali,C,Hard,20260309,Marco Cecchinato,Guy Orly Iradukunda,6-0 6-2,Round of 32,0,2026-03-28,0,0,0,0,0,0,0,0,0,0,0,0,0,0,0,0,0,0,0,0,0
2026-chall-kigali,Kigali,C,Hard,20260309,Sean Cuenin,Gabriele Pennaforti,6-2 7-6,Round of 32,0,2026-03-28,0,0,0,0,0,0,0,0,0,0,0,0,0,0,0,0,0,0,0,0,0
2026-chall-kigali,Kigali,C,Hard,20260309,Corentin Denolly,Eliakim Coulibaly,6-4 6-3,Round of 32,0,2026-03-28,0,0,0,0,0,0,0,0,0,0,0,0,0,0,0,0,0,0,0,0,0
2026-chall-kigali,Kigali,C,Hard,20260309,Alexander Donski,Garrett Johns,7-6 7-4,Round of 32,0,2026-03-28,0,0,0,0,0,0,0,0,0,0,0,0,0,0,0,0,0,0,0,0,0
2026-chall-kigali,Kigali,C,Hard,20260309,Filip Cristian Jianu,Ryan Nijboer,7-6 7-5,Round of 32,0,2026-03-28,0,0,0,0,0,0,0,0,0,0,0,0,0,0,0,0,0,0,0,0,0
2026-chall-kigali,Kigali,C,Hard,20260309,Sandro Kopp,Ivan Marrero Curbelo,6-4 6-1,Round of 32,0,2026-03-28,0,0,0,0,0,0,0,0,0,0,0,0,0,0,0,0,0,0,0,0,0
2026-chall-kigali,Kigali,C,Hard,20260309,Maximilian Neuchrist,Florent Bax,7-6 6-5 4-7 7-6,Round of 32,0,2026-03-28,0,0,0,0,0,0,0,0,0,0,0,0,0,0,0,0,0,0,0,0,0
2026-chall-kigali,Kigali,C,Hard,20260309,Marco Trungelliti,Pol Martin Tiffon,6-4 6-2,Round of 32,0,2026-03-28,0,0,0,0,0,0,0,0,0,0,0,0,0,0,0,0,0,0,0,0,0
2026-chall-kigali,Kigali,C,Hard,20260309,Zdenek Kolar,Oriol Roca Batalla,6-4 7-5,Round of 32,0,2026-03-28,0,0,0,0,0,0,0,0,0,0,0,0,0,0,0,0,0,0,0,0,0
2026-chall-kigali,Kigali,C,Hard,20260309,Jonas Forejtek,Aziz Ouakaa,6-1 6-2,Round of 32,0,2026-03-28,0,0,0,0,0,0,0,0,0,0,0,0,0,0,0,0,0,0,0,0,0
2026-chall-kigali,Kigali,C,Hard,20260309,Andrej Martin,Mathys Erhard,6-7 5-1 6-3,Round of 32,0,2026-03-28,0,0,0,0,0,0,0,0,0,0,0,0,0,0,0,0,0,0,0,0,0
2026-chall-kigali,Kigali,C,Hard,20260309,Eero Vasa,Matteo Covato,6-1 6-2,2nd Round Qualifying,0,2026-03-28,0,0,0,0,0,0,0,0,0,0,0,0,0,0,0,0,0,0,0,0,0
2026-chall-kigali,Kigali,C,Hard,20260309,Gabriele Pennaforti,Enrico Dalla Valle,6-2,2nd Round Qualifying,0,2026-03-28,0,0,0,0,0,0,0,0,0,0,0,0,0,0,0,0,0,0,0,0,0
2026-chall-kigali,Kigali,C,Hard,20260309,Ryan Nijboer,Dillon Beckles,6-0 6-2,2nd Round Qualifying,0,2026-03-28,0,0,0,0,0,0,0,0,0,0,0,0,0,0,0,0,0,0,0,0,0
2026-chall-kigali,Kigali,C,Hard,20260309,Maik Steiner,Ivan Marrero Curbelo,3-6 7-6 6-6,2nd Round Qualifying,0,2026-03-28,0,0,0,0,0,0,0,0,0,0,0,0,0,0,0,0,0,0,0,0,0
2026-chall-kigali,Kigali,C,Hard,20260309,Alexander Donski,Nicholas David Ionel,6-3 7-6,2nd Round Qualifying,0,2026-03-28,0,0,0,0,0,0,0,0,0,0,0,0,0,0,0,0,0,0,0,0,0
2026-chall-kigali,Kigali,C,Hard,20260309,Guy Orly Iradukunda,Stefan Latinovic,6-1 7-5,2nd Round Qualifying,0,2026-03-28,0,0,0,0,0,0,0,0,0,0,0,0,0,0,0,0,0,0,0,0,0
2026-chall-kigali,Kigali,C,Hard,20260309,Eero Vasa,Siddhant Banthia,3-6 6-0 6-2,1st Round Qualifying,0,2026-03-28,0,0,0,0,0,0,0,0,0,0,0,0,0,0,0,0,0,0,0,0,0
2026-chall-kigali,Kigali,C,Hard,20260309,Enrico Dalla Valle,Patricio Alvarado,7-6 6-5,1st Round Qualifying,0,2026-03-28,0,0,0,0,0,0,0,0,0,0,0,0,0,0,0,0,0,0,0,0,0
2026-chall-kigali,Kigali,C,Hard,20260309,Alexander Donski,Samuele Pieri,7-6 6-3,1st Round Qualifying,0,2026-03-28,0,0,0,0,0,0,0,0,0,0,0,0,0,0,0,0,0,0,0,0,0
2026-chall-kigali,Kigali,C,Hard,20260309,Ryan Nijboer,Nitin Kumar Sinha,3-0,1st Round Qualifying,0,2026-03-28,0,0,0,0,0,0,0,0,0,0,0,0,0,0,0,0,0,0,0,0,0
2026-chall-kigali,Kigali,C,Hard,20260309,Ivan Marrero Curbelo,Etienne Niyigena,6-2 6-0,1st Round Qualifying,0,2026-03-28,0,0,0,0,0,0,0,0,0,0,0,0,0,0,0,0,0,0,0,0,0
2026-chall-kigali,Kigali,C,Hard,20260309,Guy Orly Iradukunda,S D Prajwal Dev,6-3 4-6 7-6,1st Round Qualifying,0,2026-03-28,0,0,0,0,0,0,0,0,0,0,0,0,0,0,0,0,0,0,0,0,0
2026-chall-kigali,Kigali,C,Hard,20260309,Gabriele Pennaforti,Alec Beckley,6-1 6-4,1st Round Qualifying,0,2026-03-28,0,0,0,0,0,0,0,0,0,0,0,0,0,0,0,0,0,0,0,0,0
2026-chall-kigali,Kigali,C,Hard,20260309,Dillon Beckles,Denis Klok,7-6 3-4 6-6,1st Round Qualifying,0,2026-03-28,0,0,0,0,0,0,0,0,0,0,0,0,0,0,0,0,0,0,0,0,0
2026-chall-kigali,Kigali,C,Hard,20260309,Nicholas David Ionel,Allan Gatoto,6-3 7-5,1st Round Qualifying,0,2026-03-28,0,0,0,0,0,0,0,0,0,0,0,0,0,0,0,0,0,0,0,0,0
2026-chall-kigali,Kigali,C,Hard,20260309,Maik Steiner,Gray Voelzke,6-4 6-4,1st Round Qualifying,0,2026-03-28,0,0,0,0,0,0,0,0,0,0,0,0,0,0,0,0,0,0,0,0,0
2026-chall-kigali,Kigali,C,Hard,20260309,Matteo Covato,Claude Ishimwe,6-0 6-2,1st Round Qualifying,0,2026-03-28,0,0,0,0,0,0,0,0,0,0,0,0,0,0,0,0,0,0,0,0,0
2026-chall-kigali,Kigali,C,Hard,20260309,Stefan Latinovic,Michiel De Krom,3-6 7-6 6-8,1st Round Qualifying,0,2026-03-28,0,0,0,0,0,0,0,0,0,0,0,0,0,0,0,0,0,0,0,0,0
2026-chall-fujairah,Fujairah,C,Hard,20260302,Tung-Lin Wu,Imanol Lopez Morillo,7-6 6-7,2nd Round Qualifying,0,2026-03-28,0,0,0,0,0,0,0,0,0,0,0,0,0,0,0,0,0,0,0,0,0
2026-chall-fujairah,Fujairah,C,Hard,20260302,Vladyslav Orlov,Ronit Karki,6-3 7-5,2nd Round Qualifying,0,2026-03-28,0,0,0,0,0,0,0,0,0,0,0,0,0,0,0,0,0,0,0,0,0
2026-chall-fujairah,Fujairah,C,Hard,20260302,Hayato Matsuoka,Muzammil Murtaza,6-1 6-1,1st Round Qualifying,0,2026-03-28,0,0,0,0,0,0,0,0,0,0,0,0,0,0,0,0,0,0,0,0,0
2026-chall-fujairah,Fujairah,C,Hard,20260302,Tung-Lin Wu,Sergey Betov,6-2 6-2,1st Round Qualifying,0,2026-03-28,0,0,0,0,0,0,0,0,0,0,0,0,0,0,0,0,0,0,0,0,0
2026-chall-fujairah,Fujairah,C,Hard,20260302,Mert Alkaya,Ergi Kirkin,6-4 6-3,1st Round Qualifying,0,2026-03-28,0,0,0,0,0,0,0,0,0,0,0,0,0,0,0,0,0,0,0,0,0
2026-chall-fujairah,Fujairah,C,Hard,20260302,Yanki Erel,Niels McDonald,7-5 6-3,1st Round Qualifying,0,2026-03-28,0,0,0,0,0,0,0,0,0,0,0,0,0,0,0,0,0,0,0,0,0
2026-chall-fujairah,Fujairah,C,Hard,20260302,Ilya Ivashka,Carlo Alberto Caniato,7-6 7-3,1st Round Qualifying,0,2026-03-28,0,0,0,0,0,0,0,0,0,0,0,0,0,0,0,0,0,0,0,0,0
2026-chall-fujairah,Fujairah,C,Hard,20260302,Marek Gengel,Yusuke Kusuhara,6-2 7-6,1st Round Qualifying,0,2026-03-28,0,0,0,0,0,0,0,0,0,0,0,0,0,0,0,0,0,0,0,0,0
2026-chall-fujairah,Fujairah,C,Hard,20260302,Takuya Kumasaka,Shunsuke Nakagawa,7-6 6-4,1st Round Qualifying,0,2026-03-28,0,0,0,0,0,0,0,0,0,0,0,0,0,0,0,0,0,0,0,0,0
2026-chall-fujairah,Fujairah,C,Hard,20260302,Felix Balshaw,Tsung-Hao Huang,6-1 6-2,1st Round Qualifying,0,2026-03-28,0,0,0,0,0,0,0,0,0,0,0,0,0,0,0,0,0,0,0,0,0
2026-chall-fujairah,Fujairah,C,Hard,20260302,Imanol Lopez Morillo,Yusuke Takahashi,7-5 1-6 7-5,1st Round Qualifying,0,2026-03-28,0,0,0,0,0,0,0,0,0,0,0,0,0,0,0,0,0,0,0,0,0
2026-chall-fujairah,Fujairah,C,Hard,20260302,Vladyslav Orlov,Keshav Chopra,6-0 6-4,1st Round Qualifying,0,2026-03-28,0,0,0,0,0,0,0,0,0,0,0,0,0,0,0,0,0,0,0,0,0
2026-chall-fujairah,Fujairah,C,Hard,20260302,Daniil Ostapenkov,Ryuki Matsuda,6-1 4-6 6-3,1st Round Qualifying,0,2026-03-28,0,0,0,0,0,0,0,0,0,0,0,0,0,0,0,0,0,0,0,0,0
2026-chall-fujairah,Fujairah,C,Hard,20260302,Ronit Karki,Francis Casey Alcantara,7-5 6-1,1st Round Qualifying,0,2026-03-28,0,0,0,0,0,0,0,0,0,0,0,0,0,0,0,0,0,0,0,0,0
2026-chall-hersonissos,Hersonissos,C,Hard,20260309,Toby Samuel,Maxim Mrva,6-2 6-3,Final,0,2026-03-28,0,0,0,0,0,0,0,0,0,0,0,0,0,0,0,0,0,0,0,0,0
2026-chall-hersonissos,Hersonissos,C,Hard,20260309,Toby Samuel,Stefan Dostanic,6-2 7-5,Semifinals,0,2026-03-28,0,0,0,0,0,0,0,0,0,0,0,0,0,0,0,0,0,0,0,0,0
2026-chall-hersonissos,Hersonissos,C,Hard,20260309,Maxim Mrva,Paul Jubb,6-3 6-1,Semifinals,0,2026-03-28,0,0,0,0,0,0,0,0,0,0,0,0,0,0,0,0,0,0,0,0,0
2026-chall-hersonissos,Hersonissos,C,Hard,20260309,Paul Jubb,Lorenzo Giustino,7-6 6-0 0-7 6-4,Quarterfinals,0,2026-03-28,0,0,0,0,0,0,0,0,0,0,0,0,0,0,0,0,0,0,0,0,0
2026-chall-hersonissos,Hersonissos,C,Hard,20260309,Toby Samuel,Robin Bertrand,6-4 7-5,Quarterfinals,0,2026-03-28,0,0,0,0,0,0,0,0,0,0,0,0,0,0,0,0,0,0,0,0,0
2026-chall-hersonissos,Hersonissos,C,Hard,20260309,Stefan Dostanic,Kimmer Coppejans,6-3 6-4,Quarterfinals,0,2026-03-28,0,0,0,0,0,0,0,0,0,0,0,0,0,0,0,0,0,0,0,0,0
2026-chall-hersonissos,Hersonissos,C,Hard,20260309,Maxim Mrva,Petr Nesterov,6-3 6-3,Quarterfinals,0,2026-03-28,0,0,0,0,0,0,0,0,0,0,0,0,0,0,0,0,0,0,0,0,0
2026-chall-hersonissos,Hersonissos,C,Hard,20260309,Toby Samuel,Daniel Rincon,6-3 6-0,Round of 16,0,2026-03-28,0,0,0,0,0,0,0,0,0,0,0,0,0,0,0,0,0,0,0,0,0
2026-chall-hersonissos,Hersonissos,C,Hard,20260309,Petr Nesterov,Tom Gentzsch,7-6 6-7,Round of 16,0,2026-03-28,0,0,0,0,0,0,0,0,0,0,0,0,0,0,0,0,0,0,0,0,0
2026-chall-hersonissos,Hersonissos,C,Hard,20260309,Robin Bertrand,Alex Rybakov,6-2 6-2,Round of 16,0,2026-03-28,0,0,0,0,0,0,0,0,0,0,0,0,0,0,0,0,0,0,0,0,0
2026-chall-hersonissos,Hersonissos,C,Hard,20260309,Maxim Mrva,Federico Iannaccone,6-4 6-7 3-0,Round of 16,0,2026-03-28,0,0,0,0,0,0,0,0,0,0,0,0,0,0,0,0,0,0,0,0,0
2026-chall-hersonissos,Hersonissos,C,Hard,20260309,Lorenzo Giustino,Philip Henning,6-3 4-6 6-3,Round of 16,0,2026-03-28,0,0,0,0,0,0,0,0,0,0,0,0,0,0,0,0,0,0,0,0,0
2026-chall-hersonissos,Hersonissos,C,Hard,20260309,Kimmer Coppejans,Abdullah Shelbayh,2-6 6-1 7-6,Round of 16,0,2026-03-28,0,0,0,0,0,0,0,0,0,0,0,0,0,0,0,0,0,0,0,0,0
2026-chall-hersonissos,Hersonissos,C,Hard,20260309,Paul Jubb,Harry Wendelken,6-1 6-2,Round of 16,0,2026-03-28,0,0,0,0,0,0,0,0,0,0,0,0,0,0,0,0,0,0,0,0,0
2026-chall-hersonissos,Hersonissos,C,Hard,20260309,Stefan Dostanic,Michael Geerts,6-3 6-2,Round of 16,0,2026-03-28,0,0,0,0,0,0,0,0,0,0,0,0,0,0,0,0,0,0,0,0,0
2026-chall-hersonissos,Hersonissos,C,Hard,20260309,Toby Samuel,Melios Efstathiou,7-6 6-2,Round of 32,0,2026-03-28,0,0,0,0,0,0,0,0,0,0,0,0,0,0,0,0,0,0,0,0,0
2026-chall-hersonissos,Hersonissos,C,Hard,20260309,Tom Gentzsch,Jacopo Berrettini,2-6 6-4 6-2,Round of 32,0,2026-03-28,0,0,0,0,0,0,0,0,0,0,0,0,0,0,0,0,0,0,0,0,0
2026-chall-hersonissos,Hersonissos,C,Hard,20260309,Kimmer Coppejans,Gabriele Piraino,6-1 4-6 7-5,Round of 32,0,2026-03-28,0,0,0,0,0,0,0,0,0,0,0,0,0,0,0,0,0,0,0,0,0
2026-chall-hersonissos,Hersonissos,C,Hard,20260309,Maxim Mrva,Dimitar Kuzmanov,6-2 6-4,Round of 32,0,2026-03-28,0,0,0,0,0,0,0,0,0,0,0,0,0,0,0,0,0,0,0,0,0
2026-chall-hersonissos,Hersonissos,C,Hard,20260309,Harry Wendelken,Giles Hussey,7-6 7-5,Round of 32,0,2026-03-28,0,0,0,0,0,0,0,0,0,0,0,0,0,0,0,0,0,0,0,0,0
2026-chall-hersonissos,Hersonissos,C,Hard,20260309,Robin Bertrand,Christian Langmo,6-3 4-6 6-4,Round of 32,0,2026-03-28,0,0,0,0,0,0,0,0,0,0,0,0,0,0,0,0,0,0,0,0,0
2026-chall-hersonissos,Hersonissos,C,Hard,20260309,Philip Henning,Peter Makk,6-3 6-4,Round of 32,0,2026-03-28,0,0,0,0,0,0,0,0,0,0,0,0,0,0,0,0,0,0,0,0,0
2026-chall-hersonissos,Hersonissos,C,Hard,20260309,Federico Iannaccone,Lorenzo Carboni,6-2 6-3,Round of 32,0,2026-03-28,0,0,0,0,0,0,0,0,0,0,0,0,0,0,0,0,0,0,0,0,0
2026-chall-hersonissos,Hersonissos,C,Hard,20260309,Petr Nesterov,Maximus Jones,3-6 6-3 6-4,Round of 32,0,2026-03-28,0,0,0,0,0,0,0,0,0,0,0,0,0,0,0,0,0,0,0,0,0
2026-chall-hersonissos,Hersonissos,C,Hard,20260309,Daniel Rincon,Buvaysar Gadamauri,6-7 4-4 6-2,Round of 32,0,2026-03-28,0,0,0,0,0,0,0,0,0,0,0,0,0,0,0,0,0,0,0,0,0
2026-chall-hersonissos,Hersonissos,C,Hard,20260309,Alex Rybakov,Ioannis Xilas,6-3 6-2,Round of 32,0,2026-03-28,0,0,0,0,0,0,0,0,0,0,0,0,0,0,0,0,0,0,0,0,0
2026-chall-hersonissos,Hersonissos,C,Hard,20260309,Abdullah Shelbayh,Javier Barranco Cosano,6-2 4-2,Round of 32,0,2026-03-28,0,0,0,0,0,0,0,0,0,0,0,0,0,0,0,0,0,0,0,0,0
2026-chall-hersonissos,Hersonissos,C,Hard,20260309,Lorenzo Giustino,Viktor Durasovic,6-7 5-4 6-3,Round of 32,0,2026-03-28,0,0,0,0,0,0,0,0,0,0,0,0,0,0,0,0,0,0,0,0,0
2026-chall-hersonissos,Hersonissos,C,Hard,20260309,Michael Geerts,Tiago Pereira,6-0 6-2,Round of 32,0,2026-03-28,0,0,0,0,0,0,0,0,0,0,0,0,0,0,0,0,0,0,0,0,0
2026-chall-hersonissos,Hersonissos,C,Hard,20260309,Stefan Dostanic,Henry Bernet,6-3 6-4,Round of 32,0,2026-03-28,0,0,0,0,0,0,0,0,0,0,0,0,0,0,0,0,0,0,0,0,0
2026-chall-hersonissos,Hersonissos,C,Hard,20260309,Paul Jubb,Pavlos Tsitsipas,7-6 6-4,Round of 32,0,2026-03-28,0,0,0,0,0,0,0,0,0,0,0,0,0,0,0,0,0,0,0,0,0
2026-chall-hersonissos,Hersonissos,C,Hard,20260309,Federico Iannaccone,Benjamin Hassan,6-4 6-1,2nd Round Qualifying,0,2026-03-28,0,0,0,0,0,0,0,0,0,0,0,0,0,0,0,0,0,0,0,0,0
2026-chall-hersonissos,Hersonissos,C,Hard,20260309,Javier Barranco Cosano,Dimitris Azoidis,6-0 6-2,2nd Round Qualifying,0,2026-03-28,0,0,0,0,0,0,0,0,0,0,0,0,0,0,0,0,0,0,0,0,0
2026-chall-hersonissos,Hersonissos,C,Hard,20260309,Buvaysar Gadamauri,Oleksandr Ovcharenko,6-4 6-4,2nd Round Qualifying,0,2026-03-28,0,0,0,0,0,0,0,0,0,0,0,0,0,0,0,0,0,0,0,0,0
2026-chall-hersonissos,Hersonissos,C,Hard,20260309,Petr Nesterov,Lui Maxted,6-3 7-6,2nd Round Qualifying,0,2026-03-28,0,0,0,0,0,0,0,0,0,0,0,0,0,0,0,0,0,0,0,0,0
2026-chall-hersonissos,Hersonissos,C,Hard,20260309,Christian Langmo,Max Wiskandt,6-4 6-2,2nd Round Qualifying,0,2026-03-28,0,0,0,0,0,0,0,0,0,0,0,0,0,0,0,0,0,0,0,0,0
2026-chall-hersonissos,Hersonissos,C,Hard,20260309,Peter Makk,Jack Loge,7-6 4-8 6-6,2nd Round Qualifying,0,2026-03-28,0,0,0,0,0,0,0,0,0,0,0,0,0,0,0,0,0,0,0,0,0
2026-chall-hersonissos,Hersonissos,C,Hard,20260309,Benjamin Hassan,Luca Castagnola,6-4 6-3,1st Round Qualifying,0,2026-03-28,0,0,0,0,0,0,0,0,0,0,0,0,0,0,0,0,0,0,0,0,0
2026-chall-hersonissos,Hersonissos,C,Hard,20260309,Javier Barranco Cosano,Luca Staeheli,6-0 6-1,1st Round Qualifying,0,2026-03-28,0,0,0,0,0,0,0,0,0,0,0,0,0,0,0,0,0,0,0,0,0
2026-chall-hersonissos,Hersonissos,C,Hard,20260309,Buvaysar Gadamauri,Oskari Paldanius,2-6 7-5 6-3,1st Round Qualifying,0,2026-03-28,0,0,0,0,0,0,0,0,0,0,0,0,0,0,0,0,0,0,0,0,0
2026-chall-hersonissos,Hersonissos,C,Hard,20260309,Lui Maxted,Michalis Sakellaridis,6-2 6-0,1st Round Qualifying,0,2026-03-28,0,0,0,0,0,0,0,0,0,0,0,0,0,0,0,0,0,0,0,0,0
2026-chall-hersonissos,Hersonissos,C,Hard,20260309,Peter Makk,Luca Potenza,6-4 4-6 6-1,1st Round Qualifying,0,2026-03-28,0,0,0,0,0,0,0,0,0,0,0,0,0,0,0,0,0,0,0,0,0
2026-chall-hersonissos,Hersonissos,C,Hard,20260309,Christian Langmo,Dimitris Sakellaridis,7-5 6-2,1st Round Qualifying,0,2026-03-28,0,0,0,0,0,0,0,0,0,0,0,0,0,0,0,0,0,0,0,0,0
2026-chall-hersonissos,Hersonissos,C,Hard,20260309,Jack Loge,Daniel Siniakov,6-3 6-0,1st Round Qualifying,0,2026-03-28,0,0,0,0,0,0,0,0,0,0,0,0,0,0,0,0,0,0,0,0,0
2026-chall-hersonissos,Hersonissos,C,Hard,20260309,Federico Iannaccone,Pietro Fellin,3-6 6-4 6-0,1st Round Qualifying,0,2026-03-28,0,0,0,0,0,0,0,0,0,0,0,0,0,0,0,0,0,0,0,0,0
2026-chall-hersonissos,Hersonissos,C,Hard,20260309,Max Wiskandt,Petros Tsitsipas,7-6 6-3,1st Round Qualifying,0,2026-03-28,0,0,0,0,0,0,0,0,0,0,0,0,0,0,0,0,0,0,0,0,0
2026-chall-hersonissos,Hersonissos,C,Hard,20260309,Dimitris Azoidis,James Story,5-7 6-2 6-3,1st Round Qualifying,0,2026-03-28,0,0,0,0,0,0,0,0,0,0,0,0,0,0,0,0,0,0,0,0,0
2026-chall-hersonissos,Hersonissos,C,Hard,20260309,Petr Nesterov,Constantin Bittoun Kouzmine,6-4 7-5,1st Round Qualifying,0,2026-03-28,0,0,0,0,0,0,0,0,0,0,0,0,0,0,0,0,0,0,0,0,0
2026-chall-hersonissos,Hersonissos,C,Hard,20260309,Oleksandr Ovcharenko,Ioannis Kountourakis,6-3 6-0,1st Round Qualifying,0,2026-03-28,0,0,0,0,0,0,0,0,0,0,0,0,0,0,0,0,0,0,0,0,0
2026-chall-santiago,Santiago,C,Hard,20260309,Genaro Alberto Olivieri,Henrique Rocha,6-4 6-4,Final,0,2026-03-28,0,0,0,0,0,0,0,0,0,0,0,0,0,0,0,0,0,0,0,0,0
2026-chall-santiago,Santiago,C,Hard,20260309,Henrique Rocha,Pedro Boscardin Dias,6-1 6-2,Semifinals,0,2026-03-28,0,0,0,0,0,0,0,0,0,0,0,0,0,0,0,0,0,0,0,0,0
2026-chall-santiago,Santiago,C,Hard,20260309,Genaro Alberto Olivieri,Thiago Monteiro,3-6 6-4 7-5,Semifinals,0,2026-03-28,0,0,0,0,0,0,0,0,0,0,0,0,0,0,0,0,0,0,0,0,0
2026-chall-santiago,Santiago,C,Hard,20260309,Thiago Monteiro,Adolfo Daniel Vallejo,3-6 6-3 6-4,Quarterfinals,0,2026-03-28,0,0,0,0,0,0,0,0,0,0,0,0,0,0,0,0,0,0,0,0,0
2026-chall-santiago,Santiago,C,Hard,20260309,Henrique Rocha,Nikolas Sanchez Izquierdo,7-6 3-2 6-6,Quarterfinals,0,2026-03-28,0,0,0,0,0,0,0,0,0,0,0,0,0,0,0,0,0,0,0,0,0
2026-chall-santiago,Santiago,C,Hard,20260309,Pedro Boscardin Dias,Gonzalo Bueno,7-6 6-5,Quarterfinals,0,2026-03-28,0,0,0,0,0,0,0,0,0,0,0,0,0,0,0,0,0,0,0,0,0
2026-chall-santiago,Santiago,C,Hard,20260309,Genaro Alberto Olivieri,Nicolas Moreno De Alboran,6-4 7-5,Quarterfinals,0,2026-03-28,0,0,0,0,0,0,0,0,0,0,0,0,0,0,0,0,0,0,0,0,0
2026-chall-santiago,Santiago,C,Hard,20260309,Adolfo Daniel Vallejo,Felipe Meligeni Alves,6-4 3-6 6-3,Round of 16,0,2026-03-28,0,0,0,0,0,0,0,0,0,0,0,0,0,0,0,0,0,0,0,0,0
2026-chall-santiago,Santiago,C,Hard,20260309,Henrique Rocha,Santiago Rodriguez Taverna,7-5 4-0,Round of 16,0,2026-03-28,0,0,0,0,0,0,0,0,0,0,0,0,0,0,0,0,0,0,0,0,0
2026-chall-santiago,Santiago,C,Hard,20260309,Thiago Monteiro,Diego Dedura,7-6 6-7,Round of 16,0,2026-03-28,0,0,0,0,0,0,0,0,0,0,0,0,0,0,0,0,0,0,0,0,0
2026-chall-santiago,Santiago,C,Hard,20260309,Nikolas Sanchez Izquierdo,Facundo Mena,7-6 6-3,Round of 16,0,2026-03-28,0,0,0,0,0,0,0,0,0,0,0,0,0,0,0,0,0,0,0,0,0
2026-chall-santiago,Santiago,C,Hard,20260309,Pedro Boscardin Dias,Joao Lucas Reis Da Silva,6-1 3-6 6-4,Round of 16,0,2026-03-28,0,0,0,0,0,0,0,0,0,0,0,0,0,0,0,0,0,0,0,0,0
2026-chall-santiago,Santiago,C,Hard,20260309,Gonzalo Bueno,Franco Agamenone,6-3 6-3,Round of 16,0,2026-03-28,0,0,0,0,0,0,0,0,0,0,0,0,0,0,0,0,0,0,0,0,0
2026-chall-santiago,Santiago,C,Hard,20260309,Nicolas Moreno De Alboran,Igor Marcondes,5-7 6-3 6-4,Round of 16,0,2026-03-28,0,0,0,0,0,0,0,0,0,0,0,0,0,0,0,0,0,0,0,0,0
2026-chall-santiago,Santiago,C,Hard,20260309,Genaro Alberto Olivieri,Andrea Collarini,6-1 4-6 7-6,Round of 16,0,2026-03-28,0,0,0,0,0,0,0,0,0,0,0,0,0,0,0,0,0,0,0,0,0
2026-chall-santiago,Santiago,C,Hard,20260309,Adolfo Daniel Vallejo,Gonzalo Villanueva,6-3 6-4,Round of 32,0,2026-03-28,0,0,0,0,0,0,0,0,0,0,0,0,0,0,0,0,0,0,0,0,0
2026-chall-santiago,Santiago,C,Hard,20260309,Igor Marcondes,Jaime Faria,6-7 3-4 6-5,Round of 32,0,2026-03-28,0,0,0,0,0,0,0,0,0,0,0,0,0,0,0,0,0,0,0,0,0
2026-chall-santiago,Santiago,C,Hard,20260309,Henrique Rocha,Pedro Sakamoto,2-6 6-3 6-3,Round of 32,0,2026-03-28,0,0,0,0,0,0,0,0,0,0,0,0,0,0,0,0,0,0,0,0,0
2026-chall-santiago,Santiago,C,Hard,20260309,Diego Dedura,Daniel Elahi Galan,6-4 7-5,Round of 32,0,2026-03-28,0,0,0,0,0,0,0,0,0,0,0,0,0,0,0,0,0,0,0,0,0
2026-chall-santiago,Santiago,C,Hard,20260309,Facundo Mena,Juan Pablo Ficovich,6-4 6-2,Round of 32,0,2026-03-28,0,0,0,0,0,0,0,0,0,0,0,0,0,0,0,0,0,0,0,0,0
2026-chall-santiago,Santiago,C,Hard,20260309,Franco Agamenone,Guido Ivan Justo,6-1 6-7 5-1,Round of 32,0,2026-03-28,0,0,0,0,0,0,0,0,0,0,0,0,0,0,0,0,0,0,0,0,0
2026-chall-santiago,Santiago,C,Hard,20260309,Felipe Meligeni Alves,Benjamin Torrealba,5-7 6-1 6-3,Round of 32,0,2026-03-28,0,0,0,0,0,0,0,0,0,0,0,0,0,0,0,0,0,0,0,0,0
2026-chall-santiago,Santiago,C,Hard,20260309,Thiago Monteiro,Gianluca Cadenasso,3-6 6-3 6-2,Round of 32,0,2026-03-28,0,0,0,0,0,0,0,0,0,0,0,0,0,0,0,0,0,0,0,0,0
2026-chall-santiago,Santiago,C,Hard,20260309,Nicolas Moreno De Alboran,Matias Soto,7-5 6-3,Round of 32,0,2026-03-28,0,0,0,0,0,0,0,0,0,0,0,0,0,0,0,0,0,0,0,0,0
2026-chall-santiago,Santiago,C,Hard,20260309,Genaro Alberto Olivieri,Gustavo Heide,3-6 6-3 4-0,Round of 32,0,2026-03-28,0,0,0,0,0,0,0,0,0,0,0,0,0,0,0,0,0,0,0,0,0
2026-chall-santiago,Santiago,C,Hard,20260309,Santiago Rodriguez Taverna,Bastian Malla,7-6 6-5,Round of 32,0,2026-03-28,0,0,0,0,0,0,0,0,0,0,0,0,0,0,0,0,0,0,0,0,0
2026-chall-santiago,Santiago,C,Hard,20260309,Nikolas Sanchez Izquierdo,Cannon Kingsley,6-4 7-5,Round of 32,0,2026-03-28,0,0,0,0,0,0,0,0,0,0,0,0,0,0,0,0,0,0,0,0,0
2026-chall-santiago,Santiago,C,Hard,20260309,Andrea Collarini,Alex Barrena,6-0 5-2,Round of 32,0,2026-03-28,0,0,0,0,0,0,0,0,0,0,0,0,0,0,0,0,0,0,0,0,0
2026-chall-santiago,Santiago,C,Hard,20260309,Joao Lucas Reis Da Silva,Daniel Dutra da Silva,3-6 6-4 7-5,Round of 32,0,2026-03-28,0,0,0,0,0,0,0,0,0,0,0,0,0,0,0,0,0,0,0,0,0
2026-chall-santiago,Santiago,C,Hard,20260309,Pedro Boscardin Dias,Amador Salazar,6-1 6-3,Round of 32,0,2026-03-28,0,0,0,0,0,0,0,0,0,0,0,0,0,0,0,0,0,0,0,0,0
2026-chall-santiago,Santiago,C,Hard,20260309,Gonzalo Bueno,Juan Pablo Varillas,6-0 7-5,Round of 32,0,2026-03-28,0,0,0,0,0,0,0,0,0,0,0,0,0,0,0,0,0,0,0,0,0
2026-chall-santiago,Santiago,C,Hard,20260309,Benjamin Torrealba,Guido Ivan Justo,7-5 2-0,2nd Round Qualifying,0,2026-03-28,0,0,0,0,0,0,0,0,0,0,0,0,0,0,0,0,0,0,0,0,0
2026-chall-santiago,Santiago,C,Hard,20260309,Igor Marcondes,Daniel Antonio Nunez,4-6 6-3 6-0,2nd Round Qualifying,0,2026-03-28,0,0,0,0,0,0,0,0,0,0,0,0,0,0,0,0,0,0,0,0,0
2026-chall-santiago,Santiago,C,Hard,20260309,Nicolas Moreno De Alboran,Franco Roncadelli,6-4 6-3,2nd Round Qualifying,0,2026-03-28,0,0,0,0,0,0,0,0,0,0,0,0,0,0,0,0,0,0,0,0,0
2026-chall-santiago,Santiago,C,Hard,20260309,Gonzalo Villanueva,Nicolas Villalon,1-6 6-0 6-4,2nd Round Qualifying,0,2026-03-28,0,0,0,0,0,0,0,0,0,0,0,0,0,0,0,0,0,0,0,0,0
2026-chall-santiago,Santiago,C,Hard,20260309,Pedro Sakamoto,Paulo Andre Saraiva Dos Santos,6-4 6-2,2nd Round Qualifying,0,2026-03-28,0,0,0,0,0,0,0,0,0,0,0,0,0,0,0,0,0,0,0,0,0
2026-chall-santiago,Santiago,C,Hard,20260309,Cannon Kingsley,Ignacio Antonio Becerra Otarola,6-3 7-5,2nd Round Qualifying,0,2026-03-28,0,0,0,0,0,0,0,0,0,0,0,0,0,0,0,0,0,0,0,0,0
2026-chall-santiago,Santiago,C,Hard,20260309,Guido Ivan Justo,Anders Matta,6-1 6-2,1st Round Qualifying,0,2026-03-28,0,0,0,0,0,0,0,0,0,0,0,0,0,0,0,0,0,0,0,0,0
2026-chall-santiago,Santiago,C,Hard,20260309,Igor Marcondes,Milledge Cossu,6-3 6-3,1st Round Qualifying,0,2026-03-28,0,0,0,0,0,0,0,0,0,0,0,0,0,0,0,0,0,0,0,0,0
2026-chall-santiago,Santiago,C,Hard,20260309,Franco Roncadelli,Valentin Basel,6-2 6-1,1st Round Qualifying,0,2026-03-28,0,0,0,0,0,0,0,0,0,0,0,0,0,0,0,0,0,0,0,0,0
2026-chall-santiago,Santiago,C,Hard,20260309,Gonzalo Villanueva,Bautista De La Pena,6-2 6-2,1st Round Qualifying,0,2026-03-28,0,0,0,0,0,0,0,0,0,0,0,0,0,0,0,0,0,0,0,0,0
2026-chall-santiago,Santiago,C,Hard,20260309,Pedro Sakamoto,Paul Jan-Henrik,6-1 6-1,1st Round Qualifying,0,2026-03-28,0,0,0,0,0,0,0,0,0,0,0,0,0,0,0,0,0,0,0,0,0
2026-chall-santiago,Santiago,C,Hard,20260309,Cannon Kingsley,Federico Zeballos,6-3 6-4,1st Round Qualifying,0,2026-03-28,0,0,0,0,0,0,0,0,0,0,0,0,0,0,0,0,0,0,0,0,0
2026-chall-santiago,Santiago,C,Hard,20260309,Paulo Andre Saraiva Dos Santos,Arklon Huertas Del Pino Cordova,4-6 6-3 6-4,1st Round Qualifying,0,2026-03-28,0,0,0,0,0,0,0,0,0,0,0,0,0,0,0,0,0,0,0,0,0
2026-chall-santiago,Santiago,C,Hard,20260309,Nicolas Moreno De Alboran,Franco Ribero,6-4 6-0,1st Round Qualifying,0,2026-03-28,0,0,0,0,0,0,0,0,0,0,0,0,0,0,0,0,0,0,0,0,0
2026-chall-santiago,Santiago,C,Hard,20260309,Nicolas Villalon,Ryan Dickerson,7-5 6-4,1st Round Qualifying,0,2026-03-28,0,0,0,0,0,0,0,0,0,0,0,0,0,0,0,0,0,0,0,0,0
2026-chall-santiago,Santiago,C,Hard,20260309,Daniel Antonio Nunez,Nino Serdarusic,6-4 2-6 6-2,1st Round Qualifying,0,2026-03-28,0,0,0,0,0,0,0,0,0,0,0,0,0,0,0,0,0,0,0,0,0
2026-chall-santiago,Santiago,C,Hard,20260309,Benjamin Torrealba,Conner Huertas del Pino,6-4 6-4,1st Round Qualifying,0,2026-03-28,0,0,0,0,0,0,0,0,0,0,0,0,0,0,0,0,0,0,0,0,0
2026-chall-santiago,Santiago,C,Hard,20260309,Ignacio Antonio Becerra Otarola,Joao Vitor Scramin Do Lago,7-5 6-3,1st Round Qualifying,0,2026-03-28,0,0,0,0,0,0,0,0,0,0,0,0,0,0,0,0,0,0,0,0,0
2026-chall-cherbourg,Cherbourg,C,Hard,20260309,Pavel Kotov,Filippo Romano,6-2 7-5,Final,0,2026-03-28,0,0,0,0,0,0,0,0,0,0,0,0,0,0,0,0,0,0,0,0,0
2026-chall-cherbourg,Cherbourg,C,Hard,20260309,Filippo Romano,Jurij Rodionov,7-6 2-5 6-6,Semifinals,0,2026-03-28,0,0,0,0,0,0,0,0,0,0,0,0,0,0,0,0,0,0,0,0,0
2026-chall-cherbourg,Cherbourg,C,Hard,20260309,Pavel Kotov,Borna Gojo,6-4 3-6 6-3,Semifinals,0,2026-03-28,0,0,0,0,0,0,0,0,0,0,0,0,0,0,0,0,0,0,0,0,0
2026-chall-cherbourg,Cherbourg,C,Hard,20260309,Jurij Rodionov,Gauthier Onclin,6-4 6-2,Quarterfinals,0,2026-03-28,0,0,0,0,0,0,0,0,0,0,0,0,0,0,0,0,0,0,0,0,0
2026-chall-cherbourg,Cherbourg,C,Hard,20260309,Filippo Romano,Clement Tabur,6-3 3-6 6-3,Quarterfinals,0,2026-03-28,0,0,0,0,0,0,0,0,0,0,0,0,0,0,0,0,0,0,0,0,0
2026-chall-cherbourg,Cherbourg,C,Hard,20260309,Borna Gojo,Remy Bertola,6-4 7-6,Quarterfinals,0,2026-03-28,0,0,0,0,0,0,0,0,0,0,0,0,0,0,0,0,0,0,0,0,0
2026-chall-cherbourg,Cherbourg,C,Hard,20260309,Pavel Kotov,Murphy Cassone,6-1 6-1,Quarterfinals,0,2026-03-28,0,0,0,0,0,0,0,0,0,0,0,0,0,0,0,0,0,0,0,0,0
2026-chall-cherbourg,Cherbourg,C,Hard,20260309,Jurij Rodionov,Alex Knaff,6-1 6-4,Round of 16,0,2026-03-28,0,0,0,0,0,0,0,0,0,0,0,0,0,0,0,0,0,0,0,0,0
2026-chall-cherbourg,Cherbourg,C,Hard,20260309,Remy Bertola,August Holmgren,7-6 7-5,Round of 16,0,2026-03-28,0,0,0,0,0,0,0,0,0,0,0,0,0,0,0,0,0,0,0,0,0
2026-chall-cherbourg,Cherbourg,C,Hard,20260309,Gauthier Onclin,Lucas Poullain,6-4 6-4,Round of 16,0,2026-03-28,0,0,0,0,0,0,0,0,0,0,0,0,0,0,0,0,0,0,0,0,0
2026-chall-cherbourg,Cherbourg,C,Hard,20260309,Filippo Romano,Patrick Brady,6-7 5-6 7-2 6-4,Round of 16,0,2026-03-28,0,0,0,0,0,0,0,0,0,0,0,0,0,0,0,0,0,0,0,0,0
2026-chall-cherbourg,Cherbourg,C,Hard,20260309,Clement Tabur,Antoine Ghibaudo,6-2 6-2,Round of 16,0,2026-03-28,0,0,0,0,0,0,0,0,0,0,0,0,0,0,0,0,0,0,0,0,0
2026-chall-cherbourg,Cherbourg,C,Hard,20260309,Borna Gojo,Geoffrey Blancaneaux,7-5 6-7 4-4,Round of 16,0,2026-03-28,0,0,0,0,0,0,0,0,0,0,0,0,0,0,0,0,0,0,0,0,0
2026-chall-cherbourg,Cherbourg,C,Hard,20260309,Murphy Cassone,Dan Added,6-2 6-3,Round of 16,0,2026-03-28,0,0,0,0,0,0,0,0,0,0,0,0,0,0,0,0,0,0,0,0,0
2026-chall-cherbourg,Cherbourg,C,Hard,20260309,Pavel Kotov,Matteo Martineau,6-4 6-7 1-6 7-3,Round of 16,0,2026-03-28,0,0,0,0,0,0,0,0,0,0,0,0,0,0,0,0,0,0,0,0,0
2026-chall-cherbourg,Cherbourg,C,Hard,20260309,Remy Bertola,Nicolai Budkov Kjaer,7-5 6-1,Round of 32,0,2026-03-28,0,0,0,0,0,0,0,0,0,0,0,0,0,0,0,0,0,0,0,0,0
2026-chall-cherbourg,Cherbourg,C,Hard,20260309,August Holmgren,Thomas Faurel,6-1 4-6 6-4,Round of 32,0,2026-03-28,0,0,0,0,0,0,0,0,0,0,0,0,0,0,0,0,0,0,0,0,0
2026-chall-cherbourg,Cherbourg,C,Hard,20260309,Gauthier Onclin,Sascha Gueymard Wayenburg,6-0 7-6,Round of 32,0,2026-03-28,0,0,0,0,0,0,0,0,0,0,0,0,0,0,0,0,0,0,0,0,0
2026-chall-cherbourg,Cherbourg,C,Hard,20260309,Patrick Brady,Pierre-Hugues Herbert,7-6 4-5 6-6,Round of 32,0,2026-03-28,0,0,0,0,0,0,0,0,0,0,0,0,0,0,0,0,0,0,0,0,0
2026-chall-cherbourg,Cherbourg,C,Hard,20260309,Dan Added,Daniil Glinka,5-7 6-1 6-4,Round of 32,0,2026-03-28,0,0,0,0,0,0,0,0,0,0,0,0,0,0,0,0,0,0,0,0,0
2026-chall-cherbourg,Cherbourg,C,Hard,20260309,Jurij Rodionov,Maxime Janvier,4-6 6-1 6-4,Round of 32,0,2026-03-28,0,0,0,0,0,0,0,0,0,0,0,0,0,0,0,0,0,0,0,0,0
2026-chall-cherbourg,Cherbourg,C,Hard,20260309,Pavel Kotov,Clement Chidekh,1-6 6-1 7-6,Round of 32,0,2026-03-28,0,0,0,0,0,0,0,0,0,0,0,0,0,0,0,0,0,0,0,0,0
2026-chall-cherbourg,Cherbourg,C,Hard,20260309,Antoine Ghibaudo,Gilles Arnaud Bailly,6-3 3-6 6-3,Round of 32,0,2026-03-28,0,0,0,0,0,0,0,0,0,0,0,0,0,0,0,0,0,0,0,0,0
2026-chall-cherbourg,Cherbourg,C,Hard,20260309,Alex Knaff,Niels Visker,6-4 6-1,Round of 32,0,2026-03-28,0,0,0,0,0,0,0,0,0,0,0,0,0,0,0,0,0,0,0,0,0
2026-chall-cherbourg,Cherbourg,C,Hard,20260309,Lucas Poullain,Tom Paris,6-4 7-6,Round of 32,0,2026-03-28,0,0,0,0,0,0,0,0,0,0,0,0,0,0,0,0,0,0,0,0,0
2026-chall-cherbourg,Cherbourg,C,Hard,20260309,Filippo Romano,Raphael Perot,6-3 4-6 6-3,Round of 32,0,2026-03-28,0,0,0,0,0,0,0,0,0,0,0,0,0,0,0,0,0,0,0,0,0
2026-chall-cherbourg,Cherbourg,C,Hard,20260309,Clement Tabur,Kei Nishikori,7-6 6-5,Round of 32,0,2026-03-28,0,0,0,0,0,0,0,0,0,0,0,0,0,0,0,0,0,0,0,0,0
2026-chall-cherbourg,Cherbourg,C,Hard,20260309,Borna Gojo,Laurent Lokoli,6-3 6-3,Round of 32,0,2026-03-28,0,0,0,0,0,0,0,0,0,0,0,0,0,0,0,0,0,0,0,0,0
2026-chall-cherbourg,Cherbourg,C,Hard,20260309,Geoffrey Blancaneaux,Jelle Sels,7-5 6-3,Round of 32,0,2026-03-28,0,0,0,0,0,0,0,0,0,0,0,0,0,0,0,0,0,0,0,0,0
2026-chall-cherbourg,Cherbourg,C,Hard,20260309,Murphy Cassone,Martin Krumich,6-2 7-5,Round of 32,0,2026-03-28,0,0,0,0,0,0,0,0,0,0,0,0,0,0,0,0,0,0,0,0,0
2026-chall-cherbourg,Cherbourg,C,Hard,20260309,Matteo Martineau,Keegan Smith,3-6 7-6 6-7,Round of 32,0,2026-03-28,0,0,0,0,0,0,0,0,0,0,0,0,0,0,0,0,0,0,0,0,0
2026-chall-cherbourg,Cherbourg,C,Hard,20260309,Antoine Ghibaudo,Matt Ponchet,6-3 6-2,2nd Round Qualifying,0,2026-03-28,0,0,0,0,0,0,0,0,0,0,0,0,0,0,0,0,0,0,0,0,0
2026-chall-cherbourg,Cherbourg,C,Hard,20260309,Lucas Poullain,Alex Knaff,6-4 6-3,2nd Round Qualifying,0,2026-03-28,0,0,0,0,0,0,0,0,0,0,0,0,0,0,0,0,0,0,0,0,0
2026-chall-cherbourg,Cherbourg,C,Hard,20260309,Filippo Romano,Ben Jones,6-3 1-6 7-5,2nd Round Qualifying,0,2026-03-28,0,0,0,0,0,0,0,0,0,0,0,0,0,0,0,0,0,0,0,0,0
2026-chall-cherbourg,Cherbourg,C,Hard,20260309,Maxime Janvier,Yanis Ghazouani Durand,6-4 6-3,2nd Round Qualifying,0,2026-03-28,0,0,0,0,0,0,0,0,0,0,0,0,0,0,0,0,0,0,0,0,0
2026-chall-cherbourg,Cherbourg,C,Hard,20260309,Niels Visker,Maxence Beauge,7-6 6-3,2nd Round Qualifying,0,2026-03-28,0,0,0,0,0,0,0,0,0,0,0,0,0,0,0,0,0,0,0,0,0
2026-chall-cherbourg,Cherbourg,C,Hard,20260309,Patrick Brady,Kenny De Schepper,6-4 3-6 7-6,2nd Round Qualifying,0,2026-03-28,0,0,0,0,0,0,0,0,0,0,0,0,0,0,0,0,0,0,0,0,0
2026-chall-cherbourg,Cherbourg,C,Hard,20260309,Antoine Ghibaudo,Alexandre Reco,6-3 6-2,1st Round Qualifying,0,2026-03-28,0,0,0,0,0,0,0,0,0,0,0,0,0,0,0,0,0,0,0,0,0
2026-chall-cherbourg,Cherbourg,C,Hard,20260309,Lucas Poullain,Alexis Gautier,7-5 6-3,1st Round Qualifying,0,2026-03-28,0,0,0,0,0,0,0,0,0,0,0,0,0,0,0,0,0,0,0,0,0
2026-chall-cherbourg,Cherbourg,C,Hard,20260309,Patrick Brady,Cyril Vandermeersch,6-1 6-4,1st Round Qualifying,0,2026-03-28,0,0,0,0,0,0,0,0,0,0,0,0,0,0,0,0,0,0,0,0,0
2026-chall-cherbourg,Cherbourg,C,Hard,20260309,Filippo Romano,Pierre Antoine Faut,6-3 6-0,1st Round Qualifying,0,2026-03-28,0,0,0,0,0,0,0,0,0,0,0,0,0,0,0,0,0,0,0,0,0
2026-chall-cherbourg,Cherbourg,C,Hard,20260309,Maxime Janvier,Nicolas Parizzia,6-4 3-6 7-6,1st Round Qualifying,0,2026-03-28,0,0,0,0,0,0,0,0,0,0,0,0,0,0,0,0,0,0,0,0,0
2026-chall-cherbourg,Cherbourg,C,Hard,20260309,Niels Visker,Nicolas Ifi,6-3 6-3,1st Round Qualifying,0,2026-03-28,0,0,0,0,0,0,0,0,0,0,0,0,0,0,0,0,0,0,0,0,0
2026-chall-cherbourg,Cherbourg,C,Hard,20260309,Alex Knaff,Luc Fomba,3-6 6-1 6-3,1st Round Qualifying,0,2026-03-28,0,0,0,0,0,0,0,0,0,0,0,0,0,0,0,0,0,0,0,0,0
2026-chall-cherbourg,Cherbourg,C,Hard,20260309,Maxence Beauge,Cleeve Harper,6-4 6-2,1st Round Qualifying,0,2026-03-28,0,0,0,0,0,0,0,0,0,0,0,0,0,0,0,0,0,0,0,0,0
2026-chall-cherbourg,Cherbourg,C,Hard,20260309,Matt Ponchet,Matisse Bobichon,6-4 7-6,1st Round Qualifying,0,2026-03-28,0,0,0,0,0,0,0,0,0,0,0,0,0,0,0,0,0,0,0,0,0
2026-chall-cherbourg,Cherbourg,C,Hard,20260309,Ben Jones,Jarno Jans,5-2,1st Round Qualifying,0,2026-03-28,0,0,0,0,0,0,0,0,0,0,0,0,0,0,0,0,0,0,0,0,0
2026-chall-cherbourg,Cherbourg,C,Hard,20260309,Yanis Ghazouani Durand,Lorenzo Rottoli,5-7 6-4 6-4,1st Round Qualifying,0,2026-03-28,0,0,0,0,0,0,0,0,0,0,0,0,0,0,0,0,0,0,0,0,0
2026-chall-cherbourg,Cherbourg,C,Hard,20260309,Kenny De Schepper,David Poljak,7-6 6-5 2-7 6-3,1st Round Qualifying,0,2026-03-28,0,0,0,0,0,0,0,0,0,0,0,0,0,0,0,0,0,0,0,0,0
2026-chall-phoenix,Phoenix,C,Hard,20260310,Ethan Quinn,Marcos Giron,7-6 4-1 7-6,Final,0,2026-03-28,0,0,0,0,0,0,0,0,0,0,0,0,0,0,0,0,0,0,0,0,0
2026-chall-phoenix,Phoenix,C,Hard,20260310,Marcos Giron,Corentin Moutet,4-6 6-3 6-4,Semifinals,0,2026-03-28,0,0,0,0,0,0,0,0,0,0,0,0,0,0,0,0,0,0,0,0,0
2026-chall-phoenix,Phoenix,C,Hard,20260310,Ethan Quinn,Billy Harris,7-6 7-6,Semifinals,0,2026-03-28,0,0,0,0,0,0,0,0,0,0,0,0,0,0,0,0,0,0,0,0,0
2026-chall-phoenix,Phoenix,C,Hard,20260310,Corentin Moutet,Nikoloz Basilashvili,7-6 6-5,Quarterfinals,0,2026-03-28,0,0,0,0,0,0,0,0,0,0,0,0,0,0,0,0,0,0,0,0,0
2026-chall-phoenix,Phoenix,C,Hard,20260310,Billy Harris,Adrian Mannarino,6-4 6-7 4-4,Quarterfinals,0,2026-03-28,0,0,0,0,0,0,0,0,0,0,0,0,0,0,0,0,0,0,0,0,0
2026-chall-phoenix,Phoenix,C,Hard,20260310,Marcos Giron,Nuno Borges,7-6 6-8,Quarterfinals,0,2026-03-28,0,0,0,0,0,0,0,0,0,0,0,0,0,0,0,0,0,0,0,0,0
2026-chall-phoenix,Phoenix,C,Hard,20260310,Ethan Quinn,Benjamin Bonzi,7-6 7-4,Quarterfinals,0,2026-03-28,0,0,0,0,0,0,0,0,0,0,0,0,0,0,0,0,0,0,0,0,0
2026-chall-phoenix,Phoenix,C,Hard,20260310,Corentin Moutet,Quentin Halys,6-4 6-4,Round of 16,0,2026-03-28,0,0,0,0,0,0,0,0,0,0,0,0,0,0,0,0,0,0,0,0,0
2026-chall-phoenix,Phoenix,C,Hard,20260310,Adrian Mannarino,Blaise Bicknell,6-7 2-2 6-2,Round of 16,0,2026-03-28,0,0,0,0,0,0,0,0,0,0,0,0,0,0,0,0,0,0,0,0,0
2026-chall-phoenix,Phoenix,C,Hard,20260310,Nuno Borges,James Duckworth,3-6 6-4 6-2,Round of 16,0,2026-03-28,0,0,0,0,0,0,0,0,0,0,0,0,0,0,0,0,0,0,0,0,0
2026-chall-phoenix,Phoenix,C,Hard,20260310,Marcos Giron,Jay Friend,7-5 4-6 7-6,Round of 16,0,2026-03-28,0,0,0,0,0,0,0,0,0,0,0,0,0,0,0,0,0,0,0,0,0
2026-chall-phoenix,Phoenix,C,Hard,20260310,Ethan Quinn,Michael Mmoh,6-1 6-3,Round of 16,0,2026-03-28,0,0,0,0,0,0,0,0,0,0,0,0,0,0,0,0,0,0,0,0,0
2026-chall-phoenix,Phoenix,C,Hard,20260310,Nikoloz Basilashvili,Arthur Cazaux,,Round of 16,0,2026-03-28,0,0,0,0,0,0,0,0,0,0,0,0,0,0,0,0,0,0,0,0,0
2026-chall-phoenix,Phoenix,C,Hard,20260310,Benjamin Bonzi,Leandro Riedi,6-3 6-3,Round of 16,0,2026-03-28,0,0,0,0,0,0,0,0,0,0,0,0,0,0,0,0,0,0,0,0,0
2026-chall-phoenix,Phoenix,C,Hard,20260310,Billy Harris,Darwin Blanch,3-6 7-6 7-5,Round of 16,0,2026-03-28,0,0,0,0,0,0,0,0,0,0,0,0,0,0,0,0,0,0,0,0,0
2026-chall-phoenix,Phoenix,C,Hard,20260310,Nikoloz Basilashvili,Kamil Majchrzak,7-6 6-3,Round of 32,0,2026-03-28,0,0,0,0,0,0,0,0,0,0,0,0,0,0,0,0,0,0,0,0,0
2026-chall-phoenix,Phoenix,C,Hard,20260310,Ethan Quinn,Alexander Shevchenko,6-7 4-4 6-2,Round of 32,0,2026-03-28,0,0,0,0,0,0,0,0,0,0,0,0,0,0,0,0,0,0,0,0,0
2026-chall-phoenix,Phoenix,C,Hard,20260310,Blaise Bicknell,Mitchell Krueger,7-6 5-5 6-7,Round of 32,0,2026-03-28,0,0,0,0,0,0,0,0,0,0,0,0,0,0,0,0,0,0,0,0,0
2026-chall-phoenix,Phoenix,C,Hard,20260310,Arthur Cazaux,Jacob Fearnley,6-2 3-6 6-1,Round of 32,0,2026-03-28,0,0,0,0,0,0,0,0,0,0,0,0,0,0,0,0,0,0,0,0,0
2026-chall-phoenix,Phoenix,C,Hard,20260310,Jay Friend,Stefan Kozlov,6-2 4-6 6-3,Round of 32,0,2026-03-28,0,0,0,0,0,0,0,0,0,0,0,0,0,0,0,0,0,0,0,0,0
2026-chall-phoenix,Phoenix,C,Hard,20260310,Quentin Halys,Stefano Travaglia,4-6 7-6 7-3,Round of 32,0,2026-03-28,0,0,0,0,0,0,0,0,0,0,0,0,0,0,0,0,0,0,0,0,0
2026-chall-phoenix,Phoenix,C,Hard,20260310,Darwin Blanch,Terence Atmane,6-4 6-4,Round of 32,0,2026-03-28,0,0,0,0,0,0,0,0,0,0,0,0,0,0,0,0,0,0,0,0,0
2026-chall-phoenix,Phoenix,C,Hard,20260310,Marcos Giron,Daniel Merida,6-0 6-1,Round of 32,0,2026-03-28,0,0,0,0,0,0,0,0,0,0,0,0,0,0,0,0,0,0,0,0,0
2026-chall-phoenix,Phoenix,C,Hard,20260310,Benjamin Bonzi,Alex Bolt,3-6 6-3 7-6,Round of 32,0,2026-03-28,0,0,0,0,0,0,0,0,0,0,0,0,0,0,0,0,0,0,0,0,0
2026-chall-phoenix,Phoenix,C,Hard,20260310,James Duckworth,Jan-Lennard Struff,6-7 3-4 6-4,Round of 32,0,2026-03-28,0,0,0,0,0,0,0,0,0,0,0,0,0,0,0,0,0,0,0,0,0
2026-chall-phoenix,Phoenix,C,Hard,20260310,Billy Harris,Aleksandar Vukic,7-6 7-6,Round of 32,0,2026-03-28,0,0,0,0,0,0,0,0,0,0,0,0,0,0,0,0,0,0,0,0,0
2026-chall-phoenix,Phoenix,C,Hard,20260310,Michael Mmoh,Emilio Nava,6-2 7-6,Round of 32,0,2026-03-28,0,0,0,0,0,0,0,0,0,0,0,0,0,0,0,0,0,0,0,0,0
2026-chall-phoenix,Phoenix,C,Hard,20260310,Stefano Travaglia,Aidan Mayo,6-1 1-6 6-3,2nd Round Qualifying,0,2026-03-28,0,0,0,0,0,0,0,0,0,0,0,0,0,0,0,0,0,0,0,0,0
2026-chall-phoenix,Phoenix,C,Hard,20260310,Jay Friend,Leandro Riedi,1-6 6-4 6-3,2nd Round Qualifying,0,2026-03-28,0,0,0,0,0,0,0,0,0,0,0,0,0,0,0,0,0,0,0,0,0
2026-chall-phoenix,Phoenix,C,Hard,20260310,Stefan Kozlov,Marc Polmans,6-1 3-6 6-4,2nd Round Qualifying,0,2026-03-28,0,0,0,0,0,0,0,0,0,0,0,0,0,0,0,0,0,0,0,0,0
2026-chall-phoenix,Phoenix,C,Hard,20260310,Blaise Bicknell,Thai-Son Kwiatkowski,2-6 6-3 7-5,2nd Round Qualifying,0,2026-03-28,0,0,0,0,0,0,0,0,0,0,0,0,0,0,0,0,0,0,0,0,0
2026-chall-phoenix,Phoenix,C,Hard,20260310,Stefano Travaglia,Ofek Shimanov,6-0 6-4,1st Round Qualifying,0,2026-03-28,0,0,0,0,0,0,0,0,0,0,0,0,0,0,0,0,0,0,0,0,0
2026-chall-phoenix,Phoenix,C,Hard,20260310,Leandro Riedi,Mathis Bondaz,6-1 6-0,1st Round Qualifying,0,2026-03-28,0,0,0,0,0,0,0,0,0,0,0,0,0,0,0,0,0,0,0,0,0
2026-chall-phoenix,Phoenix,C,Hard,20260310,Thai-Son Kwiatkowski,Elias Ymer,4-4,1st Round Qualifying,0,2026-03-28,0,0,0,0,0,0,0,0,0,0,0,0,0,0,0,0,0,0,0,0,0
2026-chall-phoenix,Phoenix,C,Hard,20260310,Stefan Kozlov,Nathan Ponwith,7-5 6-4,1st Round Qualifying,0,2026-03-28,0,0,0,0,0,0,0,0,0,0,0,0,0,0,0,0,0,0,0,0,0
2026-chall-phoenix,Phoenix,C,Hard,20260310,Blaise Bicknell,Andres Martin,6-3 6-4,1st Round Qualifying,0,2026-03-28,0,0,0,0,0,0,0,0,0,0,0,0,0,0,0,0,0,0,0,0,0
2026-chall-phoenix,Phoenix,C,Hard,20260310,Marc Polmans,Shu Matsuoka,6-2 6-2,1st Round Qualifying,0,2026-03-28,0,0,0,0,0,0,0,0,0,0,0,0,0,0,0,0,0,0,0,0,0
2026-chall-phoenix,Phoenix,C,Hard,20260310,Jay Friend,Taro Daniel,6-4 7-5,1st Round Qualifying,0,2026-03-28,0,0,0,0,0,0,0,0,0,0,0,0,0,0,0,0,0,0,0,0,0
2026-chall-phoenix,Phoenix,C,Hard,20260310,Aidan Mayo,Bor Artnak,6-0 6-4,1st Round Qualifying,0,2026-03-28,0,0,0,0,0,0,0,0,0,0,0,0,0,0,0,0,0,0,0,0,0
2026-chall-cap-cana,Cap Cana,C,Hard,20260310,Mariano Navone,Mattia Bellucci,7-5 6-4,Final,0,2026-03-28,0,0,0,0,0,0,0,0,0,0,0,0,0,0,0,0,0,0,0,0,0
2026-chall-cap-cana,Cap Cana,C,Hard,20260310,Mariano Navone,Alexander Blockx,3-6 6-3 7-6,Semifinals,0,2026-03-28,0,0,0,0,0,0,0,0,0,0,0,0,0,0,0,0,0,0,0,0,0
2026-chall-cap-cana,Cap Cana,C,Hard,20260310,Mattia Bellucci,Adam Walton,6-3 7-5,Semifinals,0,2026-03-28,0,0,0,0,0,0,0,0,0,0,0,0,0,0,0,0,0,0,0,0,0
2026-chall-cap-cana,Cap Cana,C,Hard,20260310,Adam Walton,Miomir Kecmanovic,2-6 7-5 6-2,Quarterfinals,0,2026-03-28,0,0,0,0,0,0,0,0,0,0,0,0,0,0,0,0,0,0,0,0,0
2026-chall-cap-cana,Cap Cana,C,Hard,20260310,Mariano Navone,Valentin Royer,6-2 7-6,Quarterfinals,0,2026-03-28,0,0,0,0,0,0,0,0,0,0,0,0,0,0,0,0,0,0,0,0,0
2026-chall-cap-cana,Cap Cana,C,Hard,20260310,Mattia Bellucci,Raphael Collignon,6-4 6-2,Quarterfinals,0,2026-03-28,0,0,0,0,0,0,0,0,0,0,0,0,0,0,0,0,0,0,0,0,0
2026-chall-cap-cana,Cap Cana,C,Hard,20260310,Alexander Blockx,Coleman Wong,4-6 7-5 6-3,Quarterfinals,0,2026-03-28,0,0,0,0,0,0,0,0,0,0,0,0,0,0,0,0,0,0,0,0,0
2026-chall-cap-cana,Cap Cana,C,Hard,20260310,Miomir Kecmanovic,Mackenzie McDonald,6-4 7-6,Round of 16,0,2026-03-28,0,0,0,0,0,0,0,0,0,0,0,0,0,0,0,0,0,0,0,0,0
2026-chall-cap-cana,Cap Cana,C,Hard,20260310,Valentin Royer,Roberto Bautista Agut,6-4 7-6,Round of 16,0,2026-03-28,0,0,0,0,0,0,0,0,0,0,0,0,0,0,0,0,0,0,0,0,0
2026-chall-cap-cana,Cap Cana,C,Hard,20260310,Coleman Wong,Damir Dzumhur,3-6 6-4 6-2,Round of 16,0,2026-03-28,0,0,0,0,0,0,0,0,0,0,0,0,0,0,0,0,0,0,0,0,0
2026-chall-cap-cana,Cap Cana,C,Hard,20260310,Mattia Bellucci,Hubert Hurkacz,6-2 6-4,Round of 16,0,2026-03-28,0,0,0,0,0,0,0,0,0,0,0,0,0,0,0,0,0,0,0,0,0
2026-chall-cap-cana,Cap Cana,C,Hard,20260310,Raphael Collignon,Luca Van Assche,7-5 6-4,Round of 16,0,2026-03-28,0,0,0,0,0,0,0,0,0,0,0,0,0,0,0,0,0,0,0,0,0
2026-chall-cap-cana,Cap Cana,C,Hard,20260310,Mariano Navone,Shintaro Mochizuki,6-4 7-5,Round of 16,0,2026-03-28,0,0,0,0,0,0,0,0,0,0,0,0,0,0,0,0,0,0,0,0,0
2026-chall-cap-cana,Cap Cana,C,Hard,20260310,Adam Walton,Andres Andrade,6-4 6-2,Round of 16,0,2026-03-28,0,0,0,0,0,0,0,0,0,0,0,0,0,0,0,0,0,0,0,0,0
2026-chall-cap-cana,Cap Cana,C,Hard,20260310,Alexander Blockx,Dalibor Svrcina,7-6 6-3 8-7 6-3,Round of 16,0,2026-03-28,0,0,0,0,0,0,0,0,0,0,0,0,0,0,0,0,0,0,0,0,0
2026-chall-cap-cana,Cap Cana,C,Hard,20260310,Mariano Navone,Nick Hardt,6-7 3-2 6-2,Round of 32,0,2026-03-28,0,0,0,0,0,0,0,0,0,0,0,0,0,0,0,0,0,0,0,0,0
2026-chall-cap-cana,Cap Cana,C,Hard,20260310,Dalibor Svrcina,Cristian Garin,6-4 6-4,Round of 32,0,2026-03-28,0,0,0,0,0,0,0,0,0,0,0,0,0,0,0,0,0,0,0,0,0
2026-chall-cap-cana,Cap Cana,C,Hard,20260310,Andres Andrade,Chun-Hsin Tseng,6-4 6-4,Round of 32,0,2026-03-28,0,0,0,0,0,0,0,0,0,0,0,0,0,0,0,0,0,0,0,0,0
2026-chall-cap-cana,Cap Cana,C,Hard,20260310,Roberto Bautista Agut,David Goffin,6-1 6-4,Round of 32,0,2026-03-28,0,0,0,0,0,0,0,0,0,0,0,0,0,0,0,0,0,0,0,0,0
2026-chall-cap-cana,Cap Cana,C,Hard,20260310,Mackenzie McDonald,Martin Landaluce,3-6 6-2 7-5,Round of 32,0,2026-03-28,0,0,0,0,0,0,0,0,0,0,0,0,0,0,0,0,0,0,0,0,0
2026-chall-cap-cana,Cap Cana,C,Hard,20260310,Shintaro Mochizuki,Nicolas Mejia,6-2 6-2,Round of 32,0,2026-03-28,0,0,0,0,0,0,0,0,0,0,0,0,0,0,0,0,0,0,0,0,0
2026-chall-cap-cana,Cap Cana,C,Hard,20260310,Luca Van Assche,Tristan Schoolkate,6-3 6-3,Round of 32,0,2026-03-28,0,0,0,0,0,0,0,0,0,0,0,0,0,0,0,0,0,0,0,0,0
2026-chall-cap-cana,Cap Cana,C,Hard,20260310,Coleman Wong,Roman Andres Burruchaga,4-6 6-3 6-4,Round of 32,0,2026-03-28,0,0,0,0,0,0,0,0,0,0,0,0,0,0,0,0,0,0,0,0,0
2026-chall-cap-cana,Cap Cana,C,Hard,20260310,Raphael Collignon,Tomas Barrios Vera,7-6 6-4,Round of 32,0,2026-03-28,0,0,0,0,0,0,0,0,0,0,0,0,0,0,0,0,0,0,0,0,0
2026-chall-cap-cana,Cap Cana,C,Hard,20260310,Adam Walton,Nicolas Jarry,7-6 6-5,Round of 32,0,2026-03-28,0,0,0,0,0,0,0,0,0,0,0,0,0,0,0,0,0,0,0,0,0
2026-chall-cap-cana,Cap Cana,C,Hard,20260310,Mattia Bellucci,Francesco Maestrelli,6-1 6-1,Round of 32,0,2026-03-28,0,0,0,0,0,0,0,0,0,0,0,0,0,0,0,0,0,0,0,0,0
2026-chall-cap-cana,Cap Cana,C,Hard,20260310,Alexander Blockx,Roberto Cid Subervi,6-0 7-5,Round of 32,0,2026-03-28,0,0,0,0,0,0,0,0,0,0,0,0,0,0,0,0,0,0,0,0,0
2026-chall-cap-cana,Cap Cana,C,Hard,20260310,Luca Van Assche,Rei Sakamoto,7-6 6-4,2nd Round Qualifying,0,2026-03-28,0,0,0,0,0,0,0,0,0,0,0,0,0,0,0,0,0,0,0,0,0
2026-chall-cap-cana,Cap Cana,C,Hard,20260310,Martin Landaluce,Coleman Wong,3-6 6-3 7-6,2nd Round Qualifying,0,2026-03-28,0,0,0,0,0,0,0,0,0,0,0,0,0,0,0,0,0,0,0,0,0
2026-chall-cap-cana,Cap Cana,C,Hard,20260310,Andres Andrade,Moez Echargui,6-2 6-4,2nd Round Qualifying,0,2026-03-28,0,0,0,0,0,0,0,0,0,0,0,0,0,0,0,0,0,0,0,0,0
2026-chall-cap-cana,Cap Cana,C,Hard,20260310,Nicolas Mejia,Arthur Fery,6-3 6-2,2nd Round Qualifying,0,2026-03-28,0,0,0,0,0,0,0,0,0,0,0,0,0,0,0,0,0,0,0,0,0
2026-chall-cap-cana,Cap Cana,C,Hard,20260310,Luca Van Assche,Peter Bertran,6-0 6-2,1st Round Qualifying,0,2026-03-28,0,0,0,0,0,0,0,0,0,0,0,0,0,0,0,0,0,0,0,0,0
2026-chall-cap-cana,Cap Cana,C,Hard,20260310,Andres Andrade,Yibing Wu,7-6 7-4,1st Round Qualifying,0,2026-03-28,0,0,0,0,0,0,0,0,0,0,0,0,0,0,0,0,0,0,0,0,0
2026-chall-cap-cana,Cap Cana,C,Hard,20260310,Coleman Wong,Zhizhen Zhang,6-1 3-6 6-3,1st Round Qualifying,0,2026-03-28,0,0,0,0,0,0,0,0,0,0,0,0,0,0,0,0,0,0,0,0,0
2026-chall-cap-cana,Cap Cana,C,Hard,20260310,Nicolas Mejia,Martin Damm,6-3 6-4,1st Round Qualifying,0,2026-03-28,0,0,0,0,0,0,0,0,0,0,0,0,0,0,0,0,0,0,0,0,0
2026-chall-cap-cana,Cap Cana,C,Hard,20260310,Arthur Fery,Dane Sweeny,6-4 4-6 6-1,1st Round Qualifying,0,2026-03-28,0,0,0,0,0,0,0,0,0,0,0,0,0,0,0,0,0,0,0,0,0
2026-chall-cap-cana,Cap Cana,C,Hard,20260310,Martin Landaluce,Jack Pinnington Jones,6-0 7-5,1st Round Qualifying,0,2026-03-28,0,0,0,0,0,0,0,0,0,0,0,0,0,0,0,0,0,0,0,0,0
2026-chall-cap-cana,Cap Cana,C,Hard,20260310,Moez Echargui,Alberto Puello,6-1 6-2,1st Round Qualifying,0,2026-03-28,0,0,0,0,0,0,0,0,0,0,0,0,0,0,0,0,0,0,0,0,0
2026-chall-cap-cana,Cap Cana,C,Hard,20260310,Rei Sakamoto,Liam Draxl,6-3 7-5,1st Round Qualifying,0,2026-03-28,0,0,0,0,0,0,0,0,0,0,0,0,0,0,0,0,0,0,0,0,0
2026-chall-morelos,Morelos,C,Hard,20260316,Michael Mmoh,Taro Daniel,4-6 6-4 6-3,Final,0,2026-03-28,0,0,0,0,0,0,0,0,0,0,0,0,0,0,0,0,0,0,0,0,0
2026-chall-morelos,Morelos,C,Hard,20260316,Taro Daniel,Andres Martin,6-7 2-3 6-4,Semifinals,0,2026-03-28,0,0,0,0,0,0,0,0,0,0,0,0,0,0,0,0,0,0,0,0,0
2026-chall-morelos,Morelos,C,Hard,20260316,Michael Mmoh,Tyler Zink,1-6 7-6 6-4,Semifinals,0,2026-03-28,0,0,0,0,0,0,0,0,0,0,0,0,0,0,0,0,0,0,0,0,0
2026-chall-morelos,Morelos,C,Hard,20260316,Tyler Zink,Marc-Andrea Huesler,6-4 6-3,Quarterfinals,0,2026-03-28,0,0,0,0,0,0,0,0,0,0,0,0,0,0,0,0,0,0,0,0,0
2026-chall-morelos,Morelos,C,Hard,20260316,Andres Martin,Alafia Ayeni,7-5 6-3,Quarterfinals,0,2026-03-28,0,0,0,0,0,0,0,0,0,0,0,0,0,0,0,0,0,0,0,0,0
2026-chall-morelos,Morelos,C,Hard,20260316,Taro Daniel,Facundo Mena,6-3 6-4,Quarterfinals,0,2026-03-28,0,0,0,0,0,0,0,0,0,0,0,0,0,0,0,0,0,0,0,0,0
2026-chall-morelos,Morelos,C,Hard,20260316,Michael Mmoh,Rodrigo Pacheco Mendez,6-7 7-2 6-2,Quarterfinals,0,2026-03-28,0,0,0,0,0,0,0,0,0,0,0,0,0,0,0,0,0,0,0,0,0
2026-chall-morelos,Morelos,C,Hard,20260316,Marc-Andrea Huesler,Alex Hernandez,6-3 6-2,Round of 16,0,2026-03-28,0,0,0,0,0,0,0,0,0,0,0,0,0,0,0,0,0,0,0,0,0
2026-chall-morelos,Morelos,C,Hard,20260316,Michael Mmoh,Stefan Kozlov,7-5 6-2,Round of 16,0,2026-03-28,0,0,0,0,0,0,0,0,0,0,0,0,0,0,0,0,0,0,0,0,0
2026-chall-morelos,Morelos,C,Hard,20260316,Rodrigo Pacheco Mendez,Aryan Shah,6-1,Round of 16,0,2026-03-28,0,0,0,0,0,0,0,0,0,0,0,0,0,0,0,0,0,0,0,0,0
2026-chall-morelos,Morelos,C,Hard,20260316,Tyler Zink,Miguel Tobon,7-6 4-5 6-6,Round of 16,0,2026-03-28,0,0,0,0,0,0,0,0,0,0,0,0,0,0,0,0,0,0,0,0,0
2026-chall-morelos,Morelos,C,Hard,20260316,Alafia Ayeni,Oliver Crawford,6-4 4-6 6-3,Round of 16,0,2026-03-28,0,0,0,0,0,0,0,0,0,0,0,0,0,0,0,0,0,0,0,0,0
2026-chall-morelos,Morelos,C,Hard,20260316,Taro Daniel,Andres Andrade,3-6 6-3 6-2,Round of 16,0,2026-03-28,0,0,0,0,0,0,0,0,0,0,0,0,0,0,0,0,0,0,0,0,0
2026-chall-morelos,Morelos,C,Hard,20260316,Andres Martin,Alejandro Hayen,5-7 6-2 6-3,Round of 16,0,2026-03-28,0,0,0,0,0,0,0,0,0,0,0,0,0,0,0,0,0,0,0,0,0
2026-chall-morelos,Morelos,C,Hard,20260316,Facundo Mena,Dan Martin,6-4 7-5,Round of 16,0,2026-03-28,0,0,0,0,0,0,0,0,0,0,0,0,0,0,0,0,0,0,0,0,0
2026-chall-morelos,Morelos,C,Hard,20260316,Rodrigo Pacheco Mendez,Alexis Galarneau,6-3 6-0,Round of 32,0,2026-03-28,0,0,0,0,0,0,0,0,0,0,0,0,0,0,0,0,0,0,0,0,0
2026-chall-morelos,Morelos,C,Hard,20260316,Miguel Tobon,Juan Pablo Ficovich,6-2 2-6 7-6,Round of 32,0,2026-03-28,0,0,0,0,0,0,0,0,0,0,0,0,0,0,0,0,0,0,0,0,0
2026-chall-morelos,Morelos,C,Hard,20260316,Marc-Andrea Huesler,Takeru Yuzuki,4-6 6-3 6-4,Round of 32,0,2026-03-28,0,0,0,0,0,0,0,0,0,0,0,0,0,0,0,0,0,0,0,0,0
2026-chall-morelos,Morelos,C,Hard,20260316,Stefan Kozlov,Alan Magadan,6-4 6-4,Round of 32,0,2026-03-28,0,0,0,0,0,0,0,0,0,0,0,0,0,0,0,0,0,0,0,0,0
2026-chall-morelos,Morelos,C,Hard,20260316,Alafia Ayeni,Keegan Smith,2-6 6-3 6-3,Round of 32,0,2026-03-28,0,0,0,0,0,0,0,0,0,0,0,0,0,0,0,0,0,0,0,0,0
2026-chall-morelos,Morelos,C,Hard,20260316,Taro Daniel,Jake Delaney,6-4 6-2,Round of 32,0,2026-03-28,0,0,0,0,0,0,0,0,0,0,0,0,0,0,0,0,0,0,0,0,0
2026-chall-morelos,Morelos,C,Hard,20260316,Alejandro Hayen,Robin Catry,6-3 7-6,Round of 32,0,2026-03-28,0,0,0,0,0,0,0,0,0,0,0,0,0,0,0,0,0,0,0,0,0
2026-chall-morelos,Morelos,C,Hard,20260316,Alex Hernandez,Tibo Colson,6-4 6-0,Round of 32,0,2026-03-28,0,0,0,0,0,0,0,0,0,0,0,0,0,0,0,0,0,0,0,0,0
2026-chall-morelos,Morelos,C,Hard,20260316,Facundo Mena,Beibit Zhukayev,6-4 6-2,Round of 32,0,2026-03-28,0,0,0,0,0,0,0,0,0,0,0,0,0,0,0,0,0,0,0,0,0
2026-chall-morelos,Morelos,C,Hard,20260316,Michael Mmoh,Alan Fernando Rubio Fierros,7-5 6-1,Round of 32,0,2026-03-28,0,0,0,0,0,0,0,0,0,0,0,0,0,0,0,0,0,0,0,0,0
2026-chall-morelos,Morelos,C,Hard,20260316,Aryan Shah,Rodrigo Alujas,6-2 1-6 6-3,Round of 32,0,2026-03-28,0,0,0,0,0,0,0,0,0,0,0,0,0,0,0,0,0,0,0,0,0
2026-chall-morelos,Morelos,C,Hard,20260316,Tyler Zink,Marc Polmans,6-3 7-5,Round of 32,0,2026-03-28,0,0,0,0,0,0,0,0,0,0,0,0,0,0,0,0,0,0,0,0,0
2026-chall-morelos,Morelos,C,Hard,20260316,Dan Martin,Federico Agustin Gomez,3-6 7-6 7-2,Round of 32,0,2026-03-28,0,0,0,0,0,0,0,0,0,0,0,0,0,0,0,0,0,0,0,0,0
2026-chall-morelos,Morelos,C,Hard,20260316,Oliver Crawford,Max Wiskandt,6-4 6-1,Round of 32,0,2026-03-28,0,0,0,0,0,0,0,0,0,0,0,0,0,0,0,0,0,0,0,0,0
2026-chall-morelos,Morelos,C,Hard,20260316,Andres Andrade,Aidan Mayo,6-4 7-6,Round of 32,0,2026-03-28,0,0,0,0,0,0,0,0,0,0,0,0,0,0,0,0,0,0,0,0,0
2026-chall-morelos,Morelos,C,Hard,20260316,Andres Martin,Vadym Ursu,6-3 6-7 4-6 7-7,Round of 32,0,2026-03-28,0,0,0,0,0,0,0,0,0,0,0,0,0,0,0,0,0,0,0,0,0
2026-chall-morelos,Morelos,C,Hard,20260316,Robin Catry,Juan Sebastian Osorio,6-7 5-4 6-2,2nd Round Qualifying,0,2026-03-28,0,0,0,0,0,0,0,0,0,0,0,0,0,0,0,0,0,0,0,0,0
2026-chall-morelos,Morelos,C,Hard,20260316,Jake Delaney,Guillaume Dalmasso,7-5 4-6 6-2,2nd Round Qualifying,0,2026-03-28,0,0,0,0,0,0,0,0,0,0,0,0,0,0,0,0,0,0,0,0,0
2026-chall-morelos,Morelos,C,Hard,20260316,Miguel Tobon,Quinn Vandecasteele,2-6 6-2 6-3,2nd Round Qualifying,0,2026-03-28,0,0,0,0,0,0,0,0,0,0,0,0,0,0,0,0,0,0,0,0,0
2026-chall-morelos,Morelos,C,Hard,20260316,Tibo Colson,Jesse Flores,6-4 6-4,2nd Round Qualifying,0,2026-03-28,0,0,0,0,0,0,0,0,0,0,0,0,0,0,0,0,0,0,0,0,0
2026-chall-morelos,Morelos,C,Hard,20260316,Takeru Yuzuki,Karl Poling,6-2 6-7 6-6 7-6,2nd Round Qualifying,0,2026-03-28,0,0,0,0,0,0,0,0,0,0,0,0,0,0,0,0,0,0,0,0,0
2026-chall-morelos,Morelos,C,Hard,20260316,Alan Fernando Rubio Fierros,Samuel Heredia,6-1 6-1,2nd Round Qualifying,0,2026-03-28,0,0,0,0,0,0,0,0,0,0,0,0,0,0,0,0,0,0,0,0,0
2026-chall-morelos,Morelos,C,Hard,20260316,Robin Catry,Diego Eloy Mendez Montiel,6-1 7-6,1st Round Qualifying,0,2026-03-28,0,0,0,0,0,0,0,0,0,0,0,0,0,0,0,0,0,0,0,0,0
2026-chall-morelos,Morelos,C,Hard,20260316,Jake Delaney,Rafael De Alba,6-4 6-2,1st Round Qualifying,0,2026-03-28,0,0,0,0,0,0,0,0,0,0,0,0,0,0,0,0,0,0,0,0,0
2026-chall-morelos,Morelos,C,Hard,20260316,Quinn Vandecasteele,Felix Corwin,6-2 7-5,1st Round Qualifying,0,2026-03-28,0,0,0,0,0,0,0,0,0,0,0,0,0,0,0,0,0,0,0,0,0
2026-chall-morelos,Morelos,C,Hard,20260316,Tibo Colson,Samuel Alejandro Linde Palacios,6-0 6-1,1st Round Qualifying,0,2026-03-28,0,0,0,0,0,0,0,0,0,0,0,0,0,0,0,0,0,0,0,0,0
2026-chall-morelos,Morelos,C,Hard,20260316,Karl Poling,Pranav Kumar,6-3 6-4,1st Round Qualifying,0,2026-03-28,0,0,0,0,0,0,0,0,0,0,0,0,0,0,0,0,0,0,0,0,0
2026-chall-morelos,Morelos,C,Hard,20260316,Samuel Heredia,Juan Sebastian Gomez,5-7 6-4 6-4,1st Round Qualifying,0,2026-03-28,0,0,0,0,0,0,0,0,0,0,0,0,0,0,0,0,0,0,0,0,0
2026-chall-morelos,Morelos,C,Hard,20260316,Alan Fernando Rubio Fierros,Alan Raul Sau Franco,6-4 0-6 6-1,1st Round Qualifying,0,2026-03-28,0,0,0,0,0,0,0,0,0,0,0,0,0,0,0,0,0,0,0,0,0
2026-chall-morelos,Morelos,C,Hard,20260316,Miguel Tobon,Guillermo Tunas,6-1 6-1,1st Round Qualifying,0,2026-03-28,0,0,0,0,0,0,0,0,0,0,0,0,0,0,0,0,0,0,0,0,0
2026-chall-morelos,Morelos,C,Hard,20260316,Takeru Yuzuki,Mario Gonzalez Fernandez,7-6 6-5,1st Round Qualifying,0,2026-03-28,0,0,0,0,0,0,0,0,0,0,0,0,0,0,0,0,0,0,0,0,0
2026-chall-morelos,Morelos,C,Hard,20260316,Juan Sebastian Osorio,Arthur Reymond,7-6,1st Round Qualifying,0,2026-03-28,0,0,0,0,0,0,0,0,0,0,0,0,0,0,0,0,0,0,0,0,0
2026-chall-morelos,Morelos,C,Hard,20260316,Jesse Flores,Matteo Covato,7-6 6-3,1st Round Qualifying,0,2026-03-28,0,0,0,0,0,0,0,0,0,0,0,0,0,0,0,0,0,0,0,0,0
2026-chall-morelos,Morelos,C,Hard,20260316,Guillaume Dalmasso,Rodolfo Jauregui Sainz de Rozas,6-3 6-2,1st Round Qualifying,0,2026-03-28,0,0,0,0,0,0,0,0,0,0,0,0,0,0,0,0,0,0,0,0,0
2026-chall-asuncion,Asuncion,C,Hard,20260316,Gianluca Cadenasso,Franco Roncadelli,7-6 6-5,Final,0,2026-03-28,0,0,0,0,0,0,0,0,0,0,0,0,0,0,0,0,0,0,0,0,0
2026-chall-asuncion,Asuncion,C,Hard,20260316,Gianluca Cadenasso,Lautaro Midon,4-6 6-1 6-0,Semifinals,0,2026-03-28,0,0,0,0,0,0,0,0,0,0,0,0,0,0,0,0,0,0,0,0,0
2026-chall-asuncion,Asuncion,C,Hard,20260316,Franco Roncadelli,Juan Pablo Varillas,4-6 6-2 6-2,Semifinals,0,2026-03-28,0,0,0,0,0,0,0,0,0,0,0,0,0,0,0,0,0,0,0,0,0
2026-chall-asuncion,Asuncion,C,Hard,20260316,Lautaro Midon,Jaime Faria,7-6 3-9 6-6,Quarterfinals,0,2026-03-28,0,0,0,0,0,0,0,0,0,0,0,0,0,0,0,0,0,0,0,0,0
2026-chall-asuncion,Asuncion,C,Hard,20260316,Juan Pablo Varillas,Alex Barrena,6-1 7-6,Quarterfinals,0,2026-03-28,0,0,0,0,0,0,0,0,0,0,0,0,0,0,0,0,0,0,0,0,0
2026-chall-asuncion,Asuncion,C,Hard,20260316,Franco Roncadelli,Joao Lucas Reis Da Silva,4-6 6-1 6-2,Quarterfinals,0,2026-03-28,0,0,0,0,0,0,0,0,0,0,0,0,0,0,0,0,0,0,0,0,0
2026-chall-asuncion,Asuncion,C,Hard,20260316,Gianluca Cadenasso,Pedro Boscardin Dias,6-1 6-3,Quarterfinals,0,2026-03-28,0,0,0,0,0,0,0,0,0,0,0,0,0,0,0,0,0,0,0,0,0
2026-chall-asuncion,Asuncion,C,Hard,20260316,Franco Roncadelli,Adolfo Daniel Vallejo,6-3 6-4,Round of 16,0,2026-03-28,0,0,0,0,0,0,0,0,0,0,0,0,0,0,0,0,0,0,0,0,0
2026-chall-asuncion,Asuncion,C,Hard,20260316,Jaime Faria,Thiago Cigarran,6-1 6-2,Round of 16,0,2026-03-28,0,0,0,0,0,0,0,0,0,0,0,0,0,0,0,0,0,0,0,0,0
2026-chall-asuncion,Asuncion,C,Hard,20260316,Alex Barrena,Murkel Dellien,1-6 7-6 6-2,Round of 16,0,2026-03-28,0,0,0,0,0,0,0,0,0,0,0,0,0,0,0,0,0,0,0,0,0
2026-chall-asuncion,Asuncion,C,Hard,20260316,Joao Lucas Reis Da Silva,Valerio Aboian,6-3 6-3,Round of 16,0,2026-03-28,0,0,0,0,0,0,0,0,0,0,0,0,0,0,0,0,0,0,0,0,0
2026-chall-asuncion,Asuncion,C,Hard,20260316,Juan Pablo Varillas,Juan Carlos Prado Angelo,6-3 4-6 6-3,Round of 16,0,2026-03-28,0,0,0,0,0,0,0,0,0,0,0,0,0,0,0,0,0,0,0,0,0
2026-chall-asuncion,Asuncion,C,Hard,20260316,Lautaro Midon,Gonzalo Bueno,4-6 6-4 6-3,Round of 16,0,2026-03-28,0,0,0,0,0,0,0,0,0,0,0,0,0,0,0,0,0,0,0,0,0
2026-chall-asuncion,Asuncion,C,Hard,20260316,Pedro Boscardin Dias,Conner Huertas del Pino,6-2 6-2,Round of 16,0,2026-03-28,0,0,0,0,0,0,0,0,0,0,0,0,0,0,0,0,0,0,0,0,0
2026-chall-asuncion,Asuncion,C,Hard,20260316,Gianluca Cadenasso,Luciano Emanuel Ambrogi,6-1 6-4,Round of 16,0,2026-03-28,0,0,0,0,0,0,0,0,0,0,0,0,0,0,0,0,0,0,0,0,0
2026-chall-asuncion,Asuncion,C,Hard,20260316,Adolfo Daniel Vallejo,Carlos Maria Zarate,6-2 6-2,Round of 32,0,2026-03-28,0,0,0,0,0,0,0,0,0,0,0,0,0,0,0,0,0,0,0,0,0
2026-chall-asuncion,Asuncion,C,Hard,20260316,Jaime Faria,Genaro Alberto Olivieri,6-3 2-6 6-3,Round of 32,0,2026-03-28,0,0,0,0,0,0,0,0,0,0,0,0,0,0,0,0,0,0,0,0,0
2026-chall-asuncion,Asuncion,C,Hard,20260316,Conner Huertas del Pino,Henrique Rocha,7-5 7-5,Round of 32,0,2026-03-28,0,0,0,0,0,0,0,0,0,0,0,0,0,0,0,0,0,0,0,0,0
2026-chall-asuncion,Asuncion,C,Hard,20260316,Joao Lucas Reis Da Silva,Paulo Andre Saraiva Dos Santos,7-6 1-5 6-6,Round of 32,0,2026-03-28,0,0,0,0,0,0,0,0,0,0,0,0,0,0,0,0,0,0,0,0,0
2026-chall-asuncion,Asuncion,C,Hard,20260316,Gianluca Cadenasso,Alvaro Guillen Meza,6-3 6-3,Round of 32,0,2026-03-28,0,0,0,0,0,0,0,0,0,0,0,0,0,0,0,0,0,0,0,0,0
2026-chall-asuncion,Asuncion,C,Hard,20260316,Valerio Aboian,Joao Eduardo Schiessl,6-4 6-3,Round of 32,0,2026-03-28,0,0,0,0,0,0,0,0,0,0,0,0,0,0,0,0,0,0,0,0,0
2026-chall-asuncion,Asuncion,C,Hard,20260316,Luciano Emanuel Ambrogi,Santiago Rodriguez Taverna,3-6 6-3 3-0,Round of 32,0,2026-03-28,0,0,0,0,0,0,0,0,0,0,0,0,0,0,0,0,0,0,0,0,0
2026-chall-asuncion,Asuncion,C,Hard,20260316,Pedro Boscardin Dias,Hernando Jose Escurra Isnardi,7-5 6-2,Round of 32,0,2026-03-28,0,0,0,0,0,0,0,0,0,0,0,0,0,0,0,0,0,0,0,0,0
2026-chall-asuncion,Asuncion,C,Hard,20260316,Thiago Cigarran,Nicolas Kicker,5-7 6-2 6-4,Round of 32,0,2026-03-28,0,0,0,0,0,0,0,0,0,0,0,0,0,0,0,0,0,0,0,0,0
2026-chall-asuncion,Asuncion,C,Hard,20260316,Franco Roncadelli,Andrea Collarini,6-4,Round of 32,0,2026-03-28,0,0,0,0,0,0,0,0,0,0,0,0,0,0,0,0,0,0,0,0,0
2026-chall-asuncion,Asuncion,C,Hard,20260316,Alex Barrena,Cannon Kingsley,7-5 6-3,Round of 32,0,2026-03-28,0,0,0,0,0,0,0,0,0,0,0,0,0,0,0,0,0,0,0,0,0
2026-chall-asuncion,Asuncion,C,Hard,20260316,Juan Carlos Prado Angelo,Guido Ivan Justo,6-3 6-4,Round of 32,0,2026-03-28,0,0,0,0,0,0,0,0,0,0,0,0,0,0,0,0,0,0,0,0,0
2026-chall-asuncion,Asuncion,C,Hard,20260316,Gonzalo Bueno,João Pedro Didoni Bonini,6-2 7-5,Round of 32,0,2026-03-28,0,0,0,0,0,0,0,0,0,0,0,0,0,0,0,0,0,0,0,0,0
2026-chall-asuncion,Asuncion,C,Hard,20260316,Murkel Dellien,Alex Santino Nuñez Vera,6-3 6-2,Round of 32,0,2026-03-28,0,0,0,0,0,0,0,0,0,0,0,0,0,0,0,0,0,0,0,0,0
2026-chall-asuncion,Asuncion,C,Hard,20260316,Lautaro Midon,Gonzalo Villanueva,7-5 6-3,Round of 32,0,2026-03-28,0,0,0,0,0,0,0,0,0,0,0,0,0,0,0,0,0,0,0,0,0
2026-chall-asuncion,Asuncion,C,Hard,20260316,Juan Pablo Varillas,Mariano Kestelboim,6-0 6-4,Round of 32,0,2026-03-28,0,0,0,0,0,0,0,0,0,0,0,0,0,0,0,0,0,0,0,0,0
2026-chall-asuncion,Asuncion,C,Hard,20260316,Valerio Aboian,Arklon Huertas Del Pino Cordova,2-6 6-3 2-0,2nd Round Qualifying,0,2026-03-28,0,0,0,0,0,0,0,0,0,0,0,0,0,0,0,0,0,0,0,0,0
2026-chall-asuncion,Asuncion,C,Hard,20260316,Joao Eduardo Schiessl,Johannes Ingildsen,6-4 6-3,2nd Round Qualifying,0,2026-03-28,0,0,0,0,0,0,0,0,0,0,0,0,0,0,0,0,0,0,0,0,0
2026-chall-asuncion,Asuncion,C,Hard,20260316,Carlos Maria Zarate,Boris Arias,6-4,2nd Round Qualifying,0,2026-03-28,0,0,0,0,0,0,0,0,0,0,0,0,0,0,0,0,0,0,0,0,0
2026-chall-asuncion,Asuncion,C,Hard,20260316,Paulo Andre Saraiva Dos Santos,Franco Ribero,6-3 2-6 6-4,2nd Round Qualifying,0,2026-03-28,0,0,0,0,0,0,0,0,0,0,0,0,0,0,0,0,0,0,0,0,0
2026-chall-asuncion,Asuncion,C,Hard,20260316,Conner Huertas del Pino,Julian Cundom,7-6 5-5 7-7,2nd Round Qualifying,0,2026-03-28,0,0,0,0,0,0,0,0,0,0,0,0,0,0,0,0,0,0,0,0,0
2026-chall-asuncion,Asuncion,C,Hard,20260316,Thiago Cigarran,Valentin Basel,7-5 2-6 6-4,2nd Round Qualifying,0,2026-03-28,0,0,0,0,0,0,0,0,0,0,0,0,0,0,0,0,0,0,0,0,0
2026-chall-asuncion,Asuncion,C,Hard,20260316,Thiago Cigarran,Facundo Martin Martinez Morel,6-0 6-1,1st Round Qualifying,0,2026-03-28,0,0,0,0,0,0,0,0,0,0,0,0,0,0,0,0,0,0,0,0,0
2026-chall-asuncion,Asuncion,C,Hard,20260316,Arklon Huertas Del Pino Cordova,Bruno Oliveira,6-1 6-3,1st Round Qualifying,0,2026-03-28,0,0,0,0,0,0,0,0,0,0,0,0,0,0,0,0,0,0,0,0,0
2026-chall-asuncion,Asuncion,C,Hard,20260316,Johannes Ingildsen,Victor Braga,6-2 6-0,1st Round Qualifying,0,2026-03-28,0,0,0,0,0,0,0,0,0,0,0,0,0,0,0,0,0,0,0,0,0
2026-chall-asuncion,Asuncion,C,Hard,20260316,Franco Ribero,Luis Britto,6-1 7-6,1st Round Qualifying,0,2026-03-28,0,0,0,0,0,0,0,0,0,0,0,0,0,0,0,0,0,0,0,0,0
2026-chall-asuncion,Asuncion,C,Hard,20260316,Julian Cundom,Breno Braga,6-4 6-3,1st Round Qualifying,0,2026-03-28,0,0,0,0,0,0,0,0,0,0,0,0,0,0,0,0,0,0,0,0,0
2026-chall-asuncion,Asuncion,C,Hard,20260316,Valentin Basel,Alexander Baez,6-2 2-6 6-1,1st Round Qualifying,0,2026-03-28,0,0,0,0,0,0,0,0,0,0,0,0,0,0,0,0,0,0,0,0,0
2026-chall-asuncion,Asuncion,C,Hard,20260316,Boris Arias,Federico Gaston Gonzalez Benitez,6-2 6-3,1st Round Qualifying,0,2026-03-28,0,0,0,0,0,0,0,0,0,0,0,0,0,0,0,0,0,0,0,0,0
2026-chall-murcia,Murcia,C,Hard,20260316,Pablo Carreno Busta,Roberto Carballes Baena,6-4 6-3,Final,0,2026-03-28,0,0,0,0,0,0,0,0,0,0,0,0,0,0,0,0,0,0,0,0,0
2026-chall-murcia,Murcia,C,Hard,20260316,Roberto Carballes Baena,Jesper de Jong,2-6 6-4 6-4,Semifinals,0,2026-03-28,0,0,0,0,0,0,0,0,0,0,0,0,0,0,0,0,0,0,0,0,0
2026-chall-murcia,Murcia,C,Hard,20260316,Pablo Carreno Busta,Kimmer Coppejans,6-2 6-3,Semifinals,0,2026-03-28,0,0,0,0,0,0,0,0,0,0,0,0,0,0,0,0,0,0,0,0,0
2026-chall-murcia,Murcia,C,Hard,20260316,Jesper de Jong,Pablo Llamas Ruiz,6-3 6-2,Quarterfinals,0,2026-03-28,0,0,0,0,0,0,0,0,0,0,0,0,0,0,0,0,0,0,0,0,0
2026-chall-murcia,Murcia,C,Hard,20260316,Pablo Carreno Busta,Andrea Pellegrino,6-3 6-4,Quarterfinals,0,2026-03-28,0,0,0,0,0,0,0,0,0,0,0,0,0,0,0,0,0,0,0,0,0
2026-chall-murcia,Murcia,C,Hard,20260316,Roberto Carballes Baena,Sebastian Ofner,7-6 2-4 6-6,Quarterfinals,0,2026-03-28,0,0,0,0,0,0,0,0,0,0,0,0,0,0,0,0,0,0,0,0,0
2026-chall-murcia,Murcia,C,Hard,20260316,Kimmer Coppejans,Gilles Arnaud Bailly,6-0 3-6 6-3,Quarterfinals,0,2026-03-28,0,0,0,0,0,0,0,0,0,0,0,0,0,0,0,0,0,0,0,0,0
2026-chall-murcia,Murcia,C,Hard,20260316,Pablo Carreno Busta,Felix Gill,4-6 6-3 6-2,Round of 16,0,2026-03-28,0,0,0,0,0,0,0,0,0,0,0,0,0,0,0,0,0,0,0,0,0
2026-chall-murcia,Murcia,C,Hard,20260316,Andrea Pellegrino,Justin Engel,3-6 6-2 7-5,Round of 16,0,2026-03-28,0,0,0,0,0,0,0,0,0,0,0,0,0,0,0,0,0,0,0,0,0
2026-chall-murcia,Murcia,C,Hard,20260316,Gilles Arnaud Bailly,Alejandro Moro Canas,7-5 6-7 5-2,Round of 16,0,2026-03-28,0,0,0,0,0,0,0,0,0,0,0,0,0,0,0,0,0,0,0,0,0
2026-chall-murcia,Murcia,C,Hard,20260316,Kimmer Coppejans,Christoph Negritu,7-5 6-4,Round of 16,0,2026-03-28,0,0,0,0,0,0,0,0,0,0,0,0,0,0,0,0,0,0,0,0,0
2026-chall-murcia,Murcia,C,Hard,20260316,Jesper de Jong,Max Houkes,6-1 6-3,Round of 16,0,2026-03-28,0,0,0,0,0,0,0,0,0,0,0,0,0,0,0,0,0,0,0,0,0
2026-chall-murcia,Murcia,C,Hard,20260316,Sebastian Ofner,Raul Brancaccio,6-0 6-4,Round of 16,0,2026-03-28,0,0,0,0,0,0,0,0,0,0,0,0,0,0,0,0,0,0,0,0,0
2026-chall-murcia,Murcia,C,Hard,20260316,Pablo Llamas Ruiz,Jan Choinski,6-2 6-7 4-3,Round of 16,0,2026-03-28,0,0,0,0,0,0,0,0,0,0,0,0,0,0,0,0,0,0,0,0,0
2026-chall-murcia,Murcia,C,Hard,20260316,Roberto Carballes Baena,Mikhail Kukushkin,6-1 3-6 6-2,Round of 16,0,2026-03-28,0,0,0,0,0,0,0,0,0,0,0,0,0,0,0,0,0,0,0,0,0
2026-chall-murcia,Murcia,C,Hard,20260316,Jesper de Jong,Benjamin Hassan,6-3 3-6 6-3,Round of 32,0,2026-03-28,0,0,0,0,0,0,0,0,0,0,0,0,0,0,0,0,0,0,0,0,0
2026-chall-murcia,Murcia,C,Hard,20260316,Alejandro Moro Canas,Vilius Gaubas,7-6 6-2,Round of 32,0,2026-03-28,0,0,0,0,0,0,0,0,0,0,0,0,0,0,0,0,0,0,0,0,0
2026-chall-murcia,Murcia,C,Hard,20260316,Pablo Carreno Busta,Carlos Sanchez Jover,7-6 6-3,Round of 32,0,2026-03-28,0,0,0,0,0,0,0,0,0,0,0,0,0,0,0,0,0,0,0,0,0
2026-chall-murcia,Murcia,C,Hard,20260316,Sebastian Ofner,Frederico Ferreira Silva,6-2 7-6,Round of 32,0,2026-03-28,0,0,0,0,0,0,0,0,0,0,0,0,0,0,0,0,0,0,0,0,0
2026-chall-murcia,Murcia,C,Hard,20260316,Kimmer Coppejans,Elmer Moller,6-4 6-1,Round of 32,0,2026-03-28,0,0,0,0,0,0,0,0,0,0,0,0,0,0,0,0,0,0,0,0,0
2026-chall-murcia,Murcia,C,Hard,20260316,Andrea Pellegrino,Pol Martin Tiffon,6-4 6-4,Round of 32,0,2026-03-28,0,0,0,0,0,0,0,0,0,0,0,0,0,0,0,0,0,0,0,0,0
2026-chall-murcia,Murcia,C,Hard,20260316,Roberto Carballes Baena,Nikolas Sanchez Izquierdo,6-3 7-6,Round of 32,0,2026-03-28,0,0,0,0,0,0,0,0,0,0,0,0,0,0,0,0,0,0,0,0,0
2026-chall-murcia,Murcia,C,Hard,20260316,Gilles Arnaud Bailly,Saba Purtseladze,6-3 4-6 6-4,Round of 32,0,2026-03-28,0,0,0,0,0,0,0,0,0,0,0,0,0,0,0,0,0,0,0,0,0
2026-chall-murcia,Murcia,C,Hard,20260316,Justin Engel,Abdullah Shelbayh,6-3 3-6 7-5,Round of 32,0,2026-03-28,0,0,0,0,0,0,0,0,0,0,0,0,0,0,0,0,0,0,0,0,0
2026-chall-murcia,Murcia,C,Hard,20260316,Felix Gill,Filip Pieczonka,6-3 3-6 7-6,Round of 32,0,2026-03-28,0,0,0,0,0,0,0,0,0,0,0,0,0,0,0,0,0,0,0,0,0
2026-chall-murcia,Murcia,C,Hard,20260316,Max Houkes,Louis Wessels,6-2 6-2,Round of 32,0,2026-03-28,0,0,0,0,0,0,0,0,0,0,0,0,0,0,0,0,0,0,0,0,0
2026-chall-murcia,Murcia,C,Hard,20260316,Pablo Llamas Ruiz,David Jorda Sanchis,6-1 6-2,Round of 32,0,2026-03-28,0,0,0,0,0,0,0,0,0,0,0,0,0,0,0,0,0,0,0,0,0
2026-chall-murcia,Murcia,C,Hard,20260316,Christoph Negritu,Ivan Gakhov,6-1 6-2,Round of 32,0,2026-03-28,0,0,0,0,0,0,0,0,0,0,0,0,0,0,0,0,0,0,0,0,0
2026-chall-murcia,Murcia,C,Hard,20260316,Jan Choinski,Miguel Damas,4-6 6-4 6-4,Round of 32,0,2026-03-28,0,0,0,0,0,0,0,0,0,0,0,0,0,0,0,0,0,0,0,0,0
2026-chall-murcia,Murcia,C,Hard,20260316,Raul Brancaccio,Alejo Sanchez Quilez,7-6 6-4,Round of 32,0,2026-03-28,0,0,0,0,0,0,0,0,0,0,0,0,0,0,0,0,0,0,0,0,0
2026-chall-murcia,Murcia,C,Hard,20260316,Mikhail Kukushkin,Edas Butvilas,7-6 6-4,Round of 32,0,2026-03-28,0,0,0,0,0,0,0,0,0,0,0,0,0,0,0,0,0,0,0,0,0
2026-chall-murcia,Murcia,C,Hard,20260316,Frederico Ferreira Silva,Rudolf Molleker,6-7 4-6 7-6 6-4,2nd Round Qualifying,0,2026-03-28,0,0,0,0,0,0,0,0,0,0,0,0,0,0,0,0,0,0,0,0,0
2026-chall-murcia,Murcia,C,Hard,20260316,Felix Gill,Federico Arnaboldi,3-6 6-3 6-4,2nd Round Qualifying,0,2026-03-28,0,0,0,0,0,0,0,0,0,0,0,0,0,0,0,0,0,0,0,0,0
2026-chall-murcia,Murcia,C,Hard,20260316,Louis Wessels,Saba Purtseladze,6-4 7-5,2nd Round Qualifying,0,2026-03-28,0,0,0,0,0,0,0,0,0,0,0,0,0,0,0,0,0,0,0,0,0
2026-chall-murcia,Murcia,C,Hard,20260316,Filip Pieczonka,Denis Yevseyev,7-6 0-7 6-6,2nd Round Qualifying,0,2026-03-28,0,0,0,0,0,0,0,0,0,0,0,0,0,0,0,0,0,0,0,0,0
2026-chall-murcia,Murcia,C,Hard,20260316,Christoph Negritu,Michael Vrbensky,6-3 6-1,2nd Round Qualifying,0,2026-03-28,0,0,0,0,0,0,0,0,0,0,0,0,0,0,0,0,0,0,0,0,0
2026-chall-murcia,Murcia,C,Hard,20260316,David Jorda Sanchis,Dali Blanch,6-4 6-2,2nd Round Qualifying,0,2026-03-28,0,0,0,0,0,0,0,0,0,0,0,0,0,0,0,0,0,0,0,0,0
2026-chall-murcia,Murcia,C,Hard,20260316,Frederico Ferreira Silva,Yanaki Milev,6-0 6-4,1st Round Qualifying,0,2026-03-28,0,0,0,0,0,0,0,0,0,0,0,0,0,0,0,0,0,0,0,0,0
2026-chall-murcia,Murcia,C,Hard,20260316,Felix Gill,Nicolas Parizzia,6-2 6-4,1st Round Qualifying,0,2026-03-28,0,0,0,0,0,0,0,0,0,0,0,0,0,0,0,0,0,0,0,0,0
2026-chall-murcia,Murcia,C,Hard,20260316,Saba Purtseladze,Gonzalo Martinez Onsalo,6-1 6-2,1st Round Qualifying,0,2026-03-28,0,0,0,0,0,0,0,0,0,0,0,0,0,0,0,0,0,0,0,0,0
2026-chall-murcia,Murcia,C,Hard,20260316,Denis Yevseyev,David Vega Hernandez,6-4 6-3,1st Round Qualifying,0,2026-03-28,0,0,0,0,0,0,0,0,0,0,0,0,0,0,0,0,0,0,0,0,0
2026-chall-murcia,Murcia,C,Hard,20260316,Christoph Negritu,Eneko Rios Perez,6-3 7-6,1st Round Qualifying,0,2026-03-28,0,0,0,0,0,0,0,0,0,0,0,0,0,0,0,0,0,0,0,0,0
2026-chall-murcia,Murcia,C,Hard,20260316,David Jorda Sanchis,Diego Augusto Barreto Sanchez,6-0 6-3,1st Round Qualifying,0,2026-03-28,0,0,0,0,0,0,0,0,0,0,0,0,0,0,0,0,0,0,0,0,0
2026-chall-murcia,Murcia,C,Hard,20260316,Federico Arnaboldi,Alejandro Juan Mano,2-6 6-3 6-3,1st Round Qualifying,0,2026-03-28,0,0,0,0,0,0,0,0,0,0,0,0,0,0,0,0,0,0,0,0,0
2026-chall-murcia,Murcia,C,Hard,20260316,Rudolf Molleker,Pablo De La Cierva Sanchez,6-2 6-1,1st Round Qualifying,0,2026-03-28,0,0,0,0,0,0,0,0,0,0,0,0,0,0,0,0,0,0,0,0,0
2026-chall-murcia,Murcia,C,Hard,20260316,Dali Blanch,Benjamin Winter Lopez,6-1 6-2,1st Round Qualifying,0,2026-03-28,0,0,0,0,0,0,0,0,0,0,0,0,0,0,0,0,0,0,0,0,0
2026-chall-murcia,Murcia,C,Hard,20260316,Filip Pieczonka,Maxime Janvier,6-3 6-4,1st Round Qualifying,0,2026-03-28,0,0,0,0,0,0,0,0,0,0,0,0,0,0,0,0,0,0,0,0,0
2026-chall-murcia,Murcia,C,Hard,20260316,Michael Vrbensky,Andrew Paulson,6-4 5-7 7-6,1st Round Qualifying,0,2026-03-28,0,0,0,0,0,0,0,0,0,0,0,0,0,0,0,0,0,0,0,0,0
2026-chall-murcia,Murcia,C,Hard,20260316,Louis Wessels,Leonardo Borrelli,6-4 6-4,1st Round Qualifying,0,2026-03-28,0,0,0,0,0,0,0,0,0,0,0,0,0,0,0,0,0,0,0,0,0
2026-chall-zadar,Zadar,C,Hard,20260316,Stefano Travaglia,Arthur Gea,2-1,Final,0,2026-03-28,0,0,0,0,0,0,0,0,0,0,0,0,0,0,0,0,0,0,0,0,0
2026-chall-zadar,Zadar,C,Hard,20260316,Arthur Gea,Kyrian Jacquet,6-7 4-6 7-2 6-1,Semifinals,0,2026-03-28,0,0,0,0,0,0,0,0,0,0,0,0,0,0,0,0,0,0,0,0,0
2026-chall-zadar,Zadar,C,Hard,20260316,Stefano Travaglia,Matej Dodig,7-6 6-3,Semifinals,0,2026-03-28,0,0,0,0,0,0,0,0,0,0,0,0,0,0,0,0,0,0,0,0,0
2026-chall-zadar,Zadar,C,Hard,20260316,Kyrian Jacquet,Jonas Forejtek,7-6 6-3,Quarterfinals,0,2026-03-28,0,0,0,0,0,0,0,0,0,0,0,0,0,0,0,0,0,0,0,0,0
2026-chall-zadar,Zadar,C,Hard,20260316,Arthur Gea,Lukas Neumayer,7-6 4-1 6-6,Quarterfinals,0,2026-03-28,0,0,0,0,0,0,0,0,0,0,0,0,0,0,0,0,0,0,0,0,0
2026-chall-zadar,Zadar,C,Hard,20260316,Stefano Travaglia,Alex Molcan,6-2,Quarterfinals,0,2026-03-28,0,0,0,0,0,0,0,0,0,0,0,0,0,0,0,0,0,0,0,0,0
2026-chall-zadar,Zadar,C,Hard,20260316,Matej Dodig,Duje Ajdukovic,6-3 6-3,Quarterfinals,0,2026-03-28,0,0,0,0,0,0,0,0,0,0,0,0,0,0,0,0,0,0,0,0,0
2026-chall-zadar,Zadar,C,Hard,20260316,Arthur Gea,Daniel Michalski,6-3 7-6,Round of 16,0,2026-03-28,0,0,0,0,0,0,0,0,0,0,0,0,0,0,0,0,0,0,0,0,0
2026-chall-zadar,Zadar,C,Hard,20260316,Stefano Travaglia,Henri Squire,6-3 6-2,Round of 16,0,2026-03-28,0,0,0,0,0,0,0,0,0,0,0,0,0,0,0,0,0,0,0,0,0
2026-chall-zadar,Zadar,C,Hard,20260316,Alex Molcan,Max Alcala Gurri,1-6 6-3 6-2,Round of 16,0,2026-03-28,0,0,0,0,0,0,0,0,0,0,0,0,0,0,0,0,0,0,0,0,0
2026-chall-zadar,Zadar,C,Hard,20260316,Lukas Neumayer,Nerman Fatic,4-6 6-3 6-4,Round of 16,0,2026-03-28,0,0,0,0,0,0,0,0,0,0,0,0,0,0,0,0,0,0,0,0,0
2026-chall-zadar,Zadar,C,Hard,20260316,Kyrian Jacquet,Sergi Perez Contri,6-2 6-0,Round of 16,0,2026-03-28,0,0,0,0,0,0,0,0,0,0,0,0,0,0,0,0,0,0,0,0,0
2026-chall-zadar,Zadar,C,Hard,20260316,Matej Dodig,Martin Krumich,3-6 6-4 7-6,Round of 16,0,2026-03-28,0,0,0,0,0,0,0,0,0,0,0,0,0,0,0,0,0,0,0,0,0
2026-chall-zadar,Zadar,C,Hard,20260316,Duje Ajdukovic,Enrico Dalla Valle,6-4 7-5,Round of 16,0,2026-03-28,0,0,0,0,0,0,0,0,0,0,0,0,0,0,0,0,0,0,0,0,0
2026-chall-zadar,Zadar,C,Hard,20260316,Jonas Forejtek,Andrej Nedic,6-3 6-4,Round of 16,0,2026-03-28,0,0,0,0,0,0,0,0,0,0,0,0,0,0,0,0,0,0,0,0,0
2026-chall-zadar,Zadar,C,Hard,20260316,Arthur Gea,Dimitar Kuzmanov,4-6 6-2 6-3,Round of 32,0,2026-03-28,0,0,0,0,0,0,0,0,0,0,0,0,0,0,0,0,0,0,0,0,0
2026-chall-zadar,Zadar,C,Hard,20260316,Stefano Travaglia,Mili Poljicak,7-5 7-5,Round of 32,0,2026-03-28,0,0,0,0,0,0,0,0,0,0,0,0,0,0,0,0,0,0,0,0,0
2026-chall-zadar,Zadar,C,Hard,20260316,Alex Molcan,Christian Langmo,6-1 6-3,Round of 32,0,2026-03-28,0,0,0,0,0,0,0,0,0,0,0,0,0,0,0,0,0,0,0,0,0
2026-chall-zadar,Zadar,C,Hard,20260316,Jonas Forejtek,Lorenzo Giustino,6-2 6-4,Round of 32,0,2026-03-28,0,0,0,0,0,0,0,0,0,0,0,0,0,0,0,0,0,0,0,0,0
2026-chall-zadar,Zadar,C,Hard,20260316,Matej Dodig,Laurent Lokoli,2-6 6-2 7-6,Round of 32,0,2026-03-28,0,0,0,0,0,0,0,0,0,0,0,0,0,0,0,0,0,0,0,0,0
2026-chall-zadar,Zadar,C,Hard,20260316,Lukas Neumayer,Sumit Nagal,3-6 6-3 6-4,Round of 32,0,2026-03-28,0,0,0,0,0,0,0,0,0,0,0,0,0,0,0,0,0,0,0,0,0
2026-chall-zadar,Zadar,C,Hard,20260316,Duje Ajdukovic,Dusan Obradovic,6-0 6-4,Round of 32,0,2026-03-28,0,0,0,0,0,0,0,0,0,0,0,0,0,0,0,0,0,0,0,0,0
2026-chall-zadar,Zadar,C,Hard,20260316,Max Alcala Gurri,Matyas Cerny,6-2 6-2,Round of 32,0,2026-03-28,0,0,0,0,0,0,0,0,0,0,0,0,0,0,0,0,0,0,0,0,0
2026-chall-zadar,Zadar,C,Hard,20260316,Nerman Fatic,Tiago Pereira,7-5 6-2,Round of 32,0,2026-03-28,0,0,0,0,0,0,0,0,0,0,0,0,0,0,0,0,0,0,0,0,0
2026-chall-zadar,Zadar,C,Hard,20260316,Martin Krumich,John Sperle,7-5 6-4,Round of 32,0,2026-03-28,0,0,0,0,0,0,0,0,0,0,0,0,0,0,0,0,0,0,0,0,0
2026-chall-zadar,Zadar,C,Hard,20260316,Daniel Michalski,Samuele Pieri,6-3 6-0,Round of 32,0,2026-03-28,0,0,0,0,0,0,0,0,0,0,0,0,0,0,0,0,0,0,0,0,0
2026-chall-zadar,Zadar,C,Hard,20260316,Sergi Perez Contri,Josip Simundza,6-1 6-1,Round of 32,0,2026-03-28,0,0,0,0,0,0,0,0,0,0,0,0,0,0,0,0,0,0,0,0,0
2026-chall-zadar,Zadar,C,Hard,20260316,Henri Squire,Stefan Palosi,6-4 5-3,Round of 32,0,2026-03-28,0,0,0,0,0,0,0,0,0,0,0,0,0,0,0,0,0,0,0,0,0
2026-chall-zadar,Zadar,C,Hard,20260316,Enrico Dalla Valle,Zsombor Piros,6-1 7-6,Round of 32,0,2026-03-28,0,0,0,0,0,0,0,0,0,0,0,0,0,0,0,0,0,0,0,0,0
2026-chall-zadar,Zadar,C,Hard,20260316,Kyrian Jacquet,Jelle Sels,6-0 4-6 6-0,Round of 32,0,2026-03-28,0,0,0,0,0,0,0,0,0,0,0,0,0,0,0,0,0,0,0,0,0
2026-chall-zadar,Zadar,C,Hard,20260316,Andrej Nedic,Emanuel Ivanisevic,7-5 6-2,Round of 32,0,2026-03-28,0,0,0,0,0,0,0,0,0,0,0,0,0,0,0,0,0,0,0,0,0
2026-chall-zadar,Zadar,C,Hard,20260316,John Sperle,Stefan Palosi,6-1 4-6 7-6,2nd Round Qualifying,0,2026-03-28,0,0,0,0,0,0,0,0,0,0,0,0,0,0,0,0,0,0,0,0,0
2026-chall-zadar,Zadar,C,Hard,20260316,Christian Langmo,Oleksii Krutykh,1-6 6-3 6-4,2nd Round Qualifying,0,2026-03-28,0,0,0,0,0,0,0,0,0,0,0,0,0,0,0,0,0,0,0,0,0
2026-chall-zadar,Zadar,C,Hard,20260316,Laurent Lokoli,Ergi Kirkin,3-6 6-2 7-5,2nd Round Qualifying,0,2026-03-28,0,0,0,0,0,0,0,0,0,0,0,0,0,0,0,0,0,0,0,0,0
2026-chall-zadar,Zadar,C,Hard,20260316,Sergi Perez Contri,Mirza Basic,6-0 7-6,2nd Round Qualifying,0,2026-03-28,0,0,0,0,0,0,0,0,0,0,0,0,0,0,0,0,0,0,0,0,0
2026-chall-zadar,Zadar,C,Hard,20260316,Samuele Pieri,Gerard Campana Lee,6-4 5-7 6-4,2nd Round Qualifying,0,2026-03-28,0,0,0,0,0,0,0,0,0,0,0,0,0,0,0,0,0,0,0,0,0
2026-chall-zadar,Zadar,C,Hard,20260316,Matyas Cerny,Andrea Fiorentini,6-7 4-1 6-3,2nd Round Qualifying,0,2026-03-28,0,0,0,0,0,0,0,0,0,0,0,0,0,0,0,0,0,0,0,0,0
2026-chall-zadar,Zadar,C,Hard,20260316,Andrea Fiorentini,Adrian Boitan,6-3 3-6 6-3,1st Round Qualifying,0,2026-03-28,0,0,0,0,0,0,0,0,0,0,0,0,0,0,0,0,0,0,0,0,0
2026-chall-zadar,Zadar,C,Hard,20260316,Stefan Palosi,Matthias Ujvary,7-6 7-5,1st Round Qualifying,0,2026-03-28,0,0,0,0,0,0,0,0,0,0,0,0,0,0,0,0,0,0,0,0,0
2026-chall-zadar,Zadar,C,Hard,20260316,Christian Langmo,Daniel Salazar,7-5 6-2,1st Round Qualifying,0,2026-03-28,0,0,0,0,0,0,0,0,0,0,0,0,0,0,0,0,0,0,0,0,0
2026-chall-zadar,Zadar,C,Hard,20260316,Laurent Lokoli,Karlo Kajin,6-3 6-1,1st Round Qualifying,0,2026-03-28,0,0,0,0,0,0,0,0,0,0,0,0,0,0,0,0,0,0,0,0,0
2026-chall-zadar,Zadar,C,Hard,20260316,Mirza Basic,Nazar Oliynykov,6-1 6-2,1st Round Qualifying,0,2026-03-28,0,0,0,0,0,0,0,0,0,0,0,0,0,0,0,0,0,0,0,0,0
2026-chall-zadar,Zadar,C,Hard,20260316,Samuele Pieri,Fran Rakonic,6-1 6-0,1st Round Qualifying,0,2026-03-28,0,0,0,0,0,0,0,0,0,0,0,0,0,0,0,0,0,0,0,0,0
2026-chall-zadar,Zadar,C,Hard,20260316,John Sperle,Stefan Popovic,1-6 7-6 6-3,1st Round Qualifying,0,2026-03-28,0,0,0,0,0,0,0,0,0,0,0,0,0,0,0,0,0,0,0,0,0
2026-chall-zadar,Zadar,C,Hard,20260316,Ergi Kirkin,Dinko Dinev,6-2 6-2,1st Round Qualifying,0,2026-03-28,0,0,0,0,0,0,0,0,0,0,0,0,0,0,0,0,0,0,0,0,0
2026-chall-zadar,Zadar,C,Hard,20260316,Sergi Perez Contri,Ben Jones,6-2 6-0,1st Round Qualifying,0,2026-03-28,0,0,0,0,0,0,0,0,0,0,0,0,0,0,0,0,0,0,0,0,0
2026-chall-zadar,Zadar,C,Hard,20260316,Oleksii Krutykh,Maxence Bertimon,7-6 6-4,1st Round Qualifying,0,2026-03-28,0,0,0,0,0,0,0,0,0,0,0,0,0,0,0,0,0,0,0,0,0
2026-chall-zadar,Zadar,C,Hard,20260316,Gerard Campana Lee,Edison Ambarzumjan,6-0 6-2,1st Round Qualifying,0,2026-03-28,0,0,0,0,0,0,0,0,0,0,0,0,0,0,0,0,0,0,0,0,0
2026-chall-zadar,Zadar,C,Hard,20260316,Matyas Cerny,Giuseppe La Vela,6-2 6-0,1st Round Qualifying,0,2026-03-28,0,0,0,0,0,0,0,0,0,0,0,0,0,0,0,0,0,0,0,0,0
2026-chall-morelia-,Morelia ,C,Hard,20260323,Borna Gojo,Nicolas Mejia,6-4 7-6,Semifinals,0,2026-03-28,0,0,0,0,0,0,0,0,0,0,0,0,0,0,0,0,0,0,0,0,0
2026-chall-morelia-,Morelia ,C,Hard,20260323,Juan Pablo Ficovich,Luka Pavlovic,6-1 3-6 6-3,Semifinals,0,2026-03-28,0,0,0,0,0,0,0,0,0,0,0,0,0,0,0,0,0,0,0,0,0
2026-chall-morelia-,Morelia ,C,Hard,20260323,Juan Pablo Ficovich,Tristan Schoolkate,6-3 7-5,Quarterfinals,0,2026-03-28,0,0,0,0,0,0,0,0,0,0,0,0,0,0,0,0,0,0,0,0,0
2026-chall-morelia-,Morelia ,C,Hard,20260323,Nicolas Mejia,Chris Rodesch,4-0,Quarterfinals,0,2026-03-28,0,0,0,0,0,0,0,0,0,0,0,0,0,0,0,0,0,0,0,0,0
2026-chall-morelia-,Morelia ,C,Hard,20260323,Borna Gojo,Rodrigo Pacheco Mendez,7-6 6-3,Quarterfinals,0,2026-03-28,0,0,0,0,0,0,0,0,0,0,0,0,0,0,0,0,0,0,0,0,0
2026-chall-morelia-,Morelia ,C,Hard,20260323,Luka Pavlovic,Alexis Galarneau,7-6 4-5 7-6,Quarterfinals,0,2026-03-28,0,0,0,0,0,0,0,0,0,0,0,0,0,0,0,0,0,0,0,0,0
2026-chall-morelia-,Morelia ,C,Hard,20260323,Rodrigo Pacheco Mendez,James Duckworth,7-6 6-4,Round of 16,0,2026-03-28,0,0,0,0,0,0,0,0,0,0,0,0,0,0,0,0,0,0,0,0,0
2026-chall-morelia-,Morelia ,C,Hard,20260323,Tristan Schoolkate,Andres Andrade,6-4 6-0,Round of 16,0,2026-03-28,0,0,0,0,0,0,0,0,0,0,0,0,0,0,0,0,0,0,0,0,0
2026-chall-morelia-,Morelia ,C,Hard,20260323,Juan Pablo Ficovich,Shintaro Mochizuki,6-7 3-4 6-1,Round of 16,0,2026-03-28,0,0,0,0,0,0,0,0,0,0,0,0,0,0,0,0,0,0,0,0,0
2026-chall-morelia-,Morelia ,C,Hard,20260323,Chris Rodesch,Marc Polmans,6-4 6-4,Round of 16,0,2026-03-28,0,0,0,0,0,0,0,0,0,0,0,0,0,0,0,0,0,0,0,0,0
2026-chall-morelia-,Morelia ,C,Hard,20260323,Alexis Galarneau,Yunchaokete Bu,7-6 6-0,Round of 16,0,2026-03-28,0,0,0,0,0,0,0,0,0,0,0,0,0,0,0,0,0,0,0,0,0
2026-chall-morelia-,Morelia ,C,Hard,20260323,Borna Gojo,Quinn Vandecasteele,6-3 6-7 6-5,Round of 16,0,2026-03-28,0,0,0,0,0,0,0,0,0,0,0,0,0,0,0,0,0,0,0,0,0
2026-chall-morelia-,Morelia ,C,Hard,20260323,Nicolas Mejia,Andres Martin,6-4 6-4,Round of 16,0,2026-03-28,0,0,0,0,0,0,0,0,0,0,0,0,0,0,0,0,0,0,0,0,0
2026-chall-morelia-,Morelia ,C,Hard,20260323,Luka Pavlovic,Alan Magadan,6-4 6-3,Round of 16,0,2026-03-28,0,0,0,0,0,0,0,0,0,0,0,0,0,0,0,0,0,0,0,0,0
2026-chall-morelia-,Morelia ,C,Hard,20260323,Luka Pavlovic,Adam Walton,6-3 7-5,Round of 32,0,2026-03-28,0,0,0,0,0,0,0,0,0,0,0,0,0,0,0,0,0,0,0,0,0
2026-chall-morelia-,Morelia ,C,Hard,20260323,Tristan Schoolkate,Robin Catry,7-6 6-2,Round of 32,0,2026-03-28,0,0,0,0,0,0,0,0,0,0,0,0,0,0,0,0,0,0,0,0,0
2026-chall-morelia-,Morelia ,C,Hard,20260323,Yunchaokete Bu,Max Wiskandt,7-5 6-4,Round of 32,0,2026-03-28,0,0,0,0,0,0,0,0,0,0,0,0,0,0,0,0,0,0,0,0,0
2026-chall-morelia-,Morelia ,C,Hard,20260323,Andres Andrade,Alex Hernandez,6-4 6-4,Round of 32,0,2026-03-28,0,0,0,0,0,0,0,0,0,0,0,0,0,0,0,0,0,0,0,0,0
2026-chall-morelia-,Morelia ,C,Hard,20260323,Juan Pablo Ficovich,Mateus Alves,6-3 6-1,Round of 32,0,2026-03-28,0,0,0,0,0,0,0,0,0,0,0,0,0,0,0,0,0,0,0,0,0
2026-chall-morelia-,Morelia ,C,Hard,20260323,Alexis Galarneau,Miguel Tobon,7-6 2-4 6-6,Round of 32,0,2026-03-28,0,0,0,0,0,0,0,0,0,0,0,0,0,0,0,0,0,0,0,0,0
2026-chall-morelia-,Morelia ,C,Hard,20260323,Andres Martin,Stefan Kozlov,6-2 6-2,Round of 32,0,2026-03-28,0,0,0,0,0,0,0,0,0,0,0,0,0,0,0,0,0,0,0,0,0
2026-chall-morelia-,Morelia ,C,Hard,20260323,Rodrigo Pacheco Mendez,Alafia Ayeni,6-2 6-4,Round of 32,0,2026-03-28,0,0,0,0,0,0,0,0,0,0,0,0,0,0,0,0,0,0,0,0,0
2026-chall-morelia-,Morelia ,C,Hard,20260323,Marc Polmans,Facundo Mena,6-3 3-6 7-6,Round of 32,0,2026-03-28,0,0,0,0,0,0,0,0,0,0,0,0,0,0,0,0,0,0,0,0,0
2026-chall-morelia-,Morelia ,C,Hard,20260323,Quinn Vandecasteele,Beibit Zhukayev,6-1 7-6,Round of 32,0,2026-03-28,0,0,0,0,0,0,0,0,0,0,0,0,0,0,0,0,0,0,0,0,0
2026-chall-morelia-,Morelia ,C,Hard,20260323,James Duckworth,Marc-Andrea Huesler,5-7 6-4 6-4,Round of 32,0,2026-03-28,0,0,0,0,0,0,0,0,0,0,0,0,0,0,0,0,0,0,0,0,0
2026-chall-morelia-,Morelia ,C,Hard,20260323,Nicolas Mejia,Coleman Wong,7-5 7-6,Round of 32,0,2026-03-28,0,0,0,0,0,0,0,0,0,0,0,0,0,0,0,0,0,0,0,0,0
2026-chall-morelia-,Morelia ,C,Hard,20260323,Shintaro Mochizuki,Keegan Smith,3-6 6-3 6-4,Round of 32,0,2026-03-28,0,0,0,0,0,0,0,0,0,0,0,0,0,0,0,0,0,0,0,0,0
2026-chall-morelia-,Morelia ,C,Hard,20260323,Chris Rodesch,Oliver Crawford,6-3 6-3,Round of 32,0,2026-03-28,0,0,0,0,0,0,0,0,0,0,0,0,0,0,0,0,0,0,0,0,0
2026-chall-morelia-,Morelia ,C,Hard,20260323,Borna Gojo,Mitchell Krueger,7-6 6-5,Round of 32,0,2026-03-28,0,0,0,0,0,0,0,0,0,0,0,0,0,0,0,0,0,0,0,0,0
2026-chall-morelia-,Morelia ,C,Hard,20260323,Alan Magadan,Alan Fernando Rubio Fierros,6-3 6-2,Round of 32,0,2026-03-28,0,0,0,0,0,0,0,0,0,0,0,0,0,0,0,0,0,0,0,0,0
2026-chall-morelia-,Morelia ,C,Hard,20260323,Facundo Mena,Maxwell Mckennon,6-4 7-5,2nd Round Qualifying,0,2026-03-28,0,0,0,0,0,0,0,0,0,0,0,0,0,0,0,0,0,0,0,0,0
2026-chall-morelia-,Morelia ,C,Hard,20260323,Marc Polmans,Tibo Colson,6-3 7-6,2nd Round Qualifying,0,2026-03-28,0,0,0,0,0,0,0,0,0,0,0,0,0,0,0,0,0,0,0,0,0
2026-chall-morelia-,Morelia ,C,Hard,20260323,Miguel Tobon,Patrick Zahraj,7-5 5-7 6-3,2nd Round Qualifying,0,2026-03-28,0,0,0,0,0,0,0,0,0,0,0,0,0,0,0,0,0,0,0,0,0
2026-chall-morelia-,Morelia ,C,Hard,20260323,Quinn Vandecasteele,Max Wiskandt,5-7 6-4 7-5,2nd Round Qualifying,0,2026-03-28,0,0,0,0,0,0,0,0,0,0,0,0,0,0,0,0,0,0,0,0,0
2026-chall-morelia-,Morelia ,C,Hard,20260323,Robin Catry,Mateus Alves,6-3 5-7 6-1,2nd Round Qualifying,0,2026-03-28,0,0,0,0,0,0,0,0,0,0,0,0,0,0,0,0,0,0,0,0,0
2026-chall-morelia-,Morelia ,C,Hard,20260323,Alafia Ayeni,Guillermo Tunas,6-1 6-4,2nd Round Qualifying,0,2026-03-28,0,0,0,0,0,0,0,0,0,0,0,0,0,0,0,0,0,0,0,0,0
2026-chall-morelia-,Morelia ,C,Hard,20260323,Facundo Mena,Alan Raul Sau Franco,6-2 6-4,1st Round Qualifying,0,2026-03-28,0,0,0,0,0,0,0,0,0,0,0,0,0,0,0,0,0,0,0,0,0
2026-chall-morelia-,Morelia ,C,Hard,20260323,Marc Polmans,Mario Gonzalez Fernandez,4-6 6-4 6-1,1st Round Qualifying,0,2026-03-28,0,0,0,0,0,0,0,0,0,0,0,0,0,0,0,0,0,0,0,0,0
2026-chall-morelia-,Morelia ,C,Hard,20260323,Alafia Ayeni,Dan Martin,2-6 6-3 7-6,1st Round Qualifying,0,2026-03-28,0,0,0,0,0,0,0,0,0,0,0,0,0,0,0,0,0,0,0,0,0
2026-chall-morelia-,Morelia ,C,Hard,20260323,Patrick Zahraj,Karl Poling,7-5 6-4,1st Round Qualifying,0,2026-03-28,0,0,0,0,0,0,0,0,0,0,0,0,0,0,0,0,0,0,0,0,0
2026-chall-morelia-,Morelia ,C,Hard,20260323,Max Wiskandt,Arthur Reymond,6-4 3-6 6-3,1st Round Qualifying,0,2026-03-28,0,0,0,0,0,0,0,0,0,0,0,0,0,0,0,0,0,0,0,0,0
2026-chall-morelia-,Morelia ,C,Hard,20260323,Robin Catry,Rodrigo Alujas,6-3 6-7 5-5,1st Round Qualifying,0,2026-03-28,0,0,0,0,0,0,0,0,0,0,0,0,0,0,0,0,0,0,0,0,0
2026-chall-morelia-,Morelia ,C,Hard,20260323,Miguel Tobon,Jake Delaney,6-7 3-4 6-3,1st Round Qualifying,0,2026-03-28,0,0,0,0,0,0,0,0,0,0,0,0,0,0,0,0,0,0,0,0,0
2026-chall-morelia-,Morelia ,C,Hard,20260323,Quinn Vandecasteele,Federico Zeballos,6-4 6-3,1st Round Qualifying,0,2026-03-28,0,0,0,0,0,0,0,0,0,0,0,0,0,0,0,0,0,0,0,0,0
2026-chall-morelia-,Morelia ,C,Hard,20260323,Mateus Alves,Rafael De Alba,6-2 6-2,1st Round Qualifying,0,2026-03-28,0,0,0,0,0,0,0,0,0,0,0,0,0,0,0,0,0,0,0,0,0
2026-chall-morelia-,Morelia ,C,Hard,20260323,Tibo Colson,Pranav Kumar,6-1 6-3,1st Round Qualifying,0,2026-03-28,0,0,0,0,0,0,0,0,0,0,0,0,0,0,0,0,0,0,0,0,0
2026-chall-morelia-,Morelia ,C,Hard,20260323,Maxwell Mckennon,Manuel Sanchez,6-1 6-4,1st Round Qualifying,0,2026-03-28,0,0,0,0,0,0,0,0,0,0,0,0,0,0,0,0,0,0,0,0,0
2026-chall-morelia-,Morelia ,C,Hard,20260323,Guillermo Tunas,Joshua Sheehy,2-1,1st Round Qualifying,0,2026-03-28,0,0,0,0,0,0,0,0,0,0,0,0,0,0,0,0,0,0,0,0,0
2026-chall-naples,Naples,C,Hard,20260323,Daniel Altmaier,Federico Bondioli,6-2 2-6 6-1,Semifinals,0,2026-03-28,0,0,0,0,0,0,0,0,0,0,0,0,0,0,0,0,0,0,0,0,0
2026-chall-naples,Naples,C,Hard,20260323,Hamad Medjedovic,Vitaliy Sachko,7-5 6-1,Semifinals,0,2026-03-28,0,0,0,0,0,0,0,0,0,0,0,0,0,0,0,0,0,0,0,0,0
2026-chall-naples,Naples,C,Hard,20260323,Daniel Altmaier,Enrico Dalla Valle,6-1 6-3,Quarterfinals,0,2026-03-28,0,0,0,0,0,0,0,0,0,0,0,0,0,0,0,0,0,0,0,0,0
2026-chall-naples,Naples,C,Hard,20260323,Hamad Medjedovic,Alexandre Muller,6-2 6-2,Quarterfinals,0,2026-03-28,0,0,0,0,0,0,0,0,0,0,0,0,0,0,0,0,0,0,0,0,0
2026-chall-naples,Naples,C,Hard,20260323,Federico Bondioli,Michele Ribecai,6-3 6-2,Quarterfinals,0,2026-03-28,0,0,0,0,0,0,0,0,0,0,0,0,0,0,0,0,0,0,0,0,0
2026-chall-naples,Naples,C,Hard,20260323,Vitaliy Sachko,Federico Cina,6-2 4-6 6-1,Quarterfinals,0,2026-03-28,0,0,0,0,0,0,0,0,0,0,0,0,0,0,0,0,0,0,0,0,0
2026-chall-naples,Naples,C,Hard,20260323,Daniel Altmaier,Andrea Guerrieri,6-4 4-6 6-3,Round of 16,0,2026-03-28,0,0,0,0,0,0,0,0,0,0,0,0,0,0,0,0,0,0,0,0,0
2026-chall-naples,Naples,C,Hard,20260323,Alexandre Muller,Carlo Alberto Caniato,4-6 7-6 6-5,Round of 16,0,2026-03-28,0,0,0,0,0,0,0,0,0,0,0,0,0,0,0,0,0,0,0,0,0
2026-chall-naples,Naples,C,Hard,20260323,Hamad Medjedovic,Stefanos Sakellaridis,6-4 3-6 7-5,Round of 16,0,2026-03-28,0,0,0,0,0,0,0,0,0,0,0,0,0,0,0,0,0,0,0,0,0
2026-chall-naples,Naples,C,Hard,20260323,Enrico Dalla Valle,Lorenzo Giustino,4-6 6-4 6-1,Round of 16,0,2026-03-28,0,0,0,0,0,0,0,0,0,0,0,0,0,0,0,0,0,0,0,0,0
2026-chall-naples,Naples,C,Hard,20260323,Vitaliy Sachko,Andrea Pellegrino,4-6 6-3 6-4,Round of 16,0,2026-03-28,0,0,0,0,0,0,0,0,0,0,0,0,0,0,0,0,0,0,0,0,0
2026-chall-naples,Naples,C,Hard,20260323,Federico Bondioli,Sumit Nagal,6-2 4-6 7-5,Round of 16,0,2026-03-28,0,0,0,0,0,0,0,0,0,0,0,0,0,0,0,0,0,0,0,0,0
2026-chall-naples,Naples,C,Hard,20260323,Federico Cina,Francesco Forti,6-3 6-3,Round of 16,0,2026-03-28,0,0,0,0,0,0,0,0,0,0,0,0,0,0,0,0,0,0,0,0,0
2026-chall-naples,Naples,C,Hard,20260323,Michele Ribecai,Matteo Martineau,2-6 6-4 6-2,Round of 16,0,2026-03-28,0,0,0,0,0,0,0,0,0,0,0,0,0,0,0,0,0,0,0,0,0
2026-chall-naples,Naples,C,Hard,20260323,Daniel Altmaier,Miguel Damas,6-3 6-1,Round of 32,0,2026-03-28,0,0,0,0,0,0,0,0,0,0,0,0,0,0,0,0,0,0,0,0,0
2026-chall-naples,Naples,C,Hard,20260323,Francesco Forti,Vit Kopriva,6-3 6-4,Round of 32,0,2026-03-28,0,0,0,0,0,0,0,0,0,0,0,0,0,0,0,0,0,0,0,0,0
2026-chall-naples,Naples,C,Hard,20260323,Alexandre Muller,Jakub Paul,7-5 6-4,Round of 32,0,2026-03-28,0,0,0,0,0,0,0,0,0,0,0,0,0,0,0,0,0,0,0,0,0
2026-chall-naples,Naples,C,Hard,20260323,Matteo Martineau,Stan Wawrinka,2-6 6-4 7-6,Round of 32,0,2026-03-28,0,0,0,0,0,0,0,0,0,0,0,0,0,0,0,0,0,0,0,0,0
2026-chall-naples,Naples,C,Hard,20260323,Hamad Medjedovic,Hynek Barton,6-3 4-6 7-6,Round of 32,0,2026-03-28,0,0,0,0,0,0,0,0,0,0,0,0,0,0,0,0,0,0,0,0,0
2026-chall-naples,Naples,C,Hard,20260323,Lorenzo Giustino,Kyrian Jacquet,2-6 6-4 6-0,Round of 32,0,2026-03-28,0,0,0,0,0,0,0,0,0,0,0,0,0,0,0,0,0,0,0,0,0
2026-chall-naples,Naples,C,Hard,20260323,Federico Bondioli,Ugo Blanchet,7-6 6-5,Round of 32,0,2026-03-28,0,0,0,0,0,0,0,0,0,0,0,0,0,0,0,0,0,0,0,0,0
2026-chall-naples,Naples,C,Hard,20260323,Carlo Alberto Caniato,Jacopo Vasami,6-3 6-2,Round of 32,0,2026-03-28,0,0,0,0,0,0,0,0,0,0,0,0,0,0,0,0,0,0,0,0,0
2026-chall-naples,Naples,C,Hard,20260323,Federico Cina,Gabriele Piraino,6-4 6-2,Round of 32,0,2026-03-28,0,0,0,0,0,0,0,0,0,0,0,0,0,0,0,0,0,0,0,0,0
2026-chall-naples,Naples,C,Hard,20260323,Enrico Dalla Valle,Mikhail Kukushkin,6-1 3-6 7-5,Round of 32,0,2026-03-28,0,0,0,0,0,0,0,0,0,0,0,0,0,0,0,0,0,0,0,0,0
2026-chall-naples,Naples,C,Hard,20260323,Andrea Guerrieri,Stefano Travaglia,7-6 2-7 7-6,Round of 32,0,2026-03-28,0,0,0,0,0,0,0,0,0,0,0,0,0,0,0,0,0,0,0,0,0
2026-chall-naples,Naples,C,Hard,20260323,Michele Ribecai,Saba Purtseladze,6-2 6-3,Round of 32,0,2026-03-28,0,0,0,0,0,0,0,0,0,0,0,0,0,0,0,0,0,0,0,0,0
2026-chall-naples,Naples,C,Hard,20260323,Stefanos Sakellaridis,David Jorda Sanchis,6-1 1-6 7-5,Round of 32,0,2026-03-28,0,0,0,0,0,0,0,0,0,0,0,0,0,0,0,0,0,0,0,0,0
2026-chall-naples,Naples,C,Hard,20260323,Andrea Pellegrino,Filip Cristian Jianu,6-1 6-4,Round of 32,0,2026-03-28,0,0,0,0,0,0,0,0,0,0,0,0,0,0,0,0,0,0,0,0,0
2026-chall-naples,Naples,C,Hard,20260323,Sumit Nagal,Henri Squire,7-5 3-6 6-4,Round of 32,0,2026-03-28,0,0,0,0,0,0,0,0,0,0,0,0,0,0,0,0,0,0,0,0,0
2026-chall-naples,Naples,C,Hard,20260323,Vitaliy Sachko,Geoffrey Blancaneaux,6-2 6-1,Round of 32,0,2026-03-28,0,0,0,0,0,0,0,0,0,0,0,0,0,0,0,0,0,0,0,0,0
2026-chall-naples,Naples,C,Hard,20260323,Hynek Barton,Lorenzo Rottoli,6-1 6-3,2nd Round Qualifying,0,2026-03-28,0,0,0,0,0,0,0,0,0,0,0,0,0,0,0,0,0,0,0,0,0
2026-chall-naples,Naples,C,Hard,20260323,Enrico Dalla Valle,David Jorda Sanchis,6-3 6-3,2nd Round Qualifying,0,2026-03-28,0,0,0,0,0,0,0,0,0,0,0,0,0,0,0,0,0,0,0,0,0
2026-chall-naples,Naples,C,Hard,20260323,Michele Ribecai,Mariano Tammaro,6-0 6-1,2nd Round Qualifying,0,2026-03-28,0,0,0,0,0,0,0,0,0,0,0,0,0,0,0,0,0,0,0,0,0
2026-chall-naples,Naples,C,Hard,20260323,Federico Bondioli,Andrea Guerrieri,6-2 7-6,2nd Round Qualifying,0,2026-03-28,0,0,0,0,0,0,0,0,0,0,0,0,0,0,0,0,0,0,0,0,0
2026-chall-naples,Naples,C,Hard,20260323,Francesco Forti,Lorenzo Carboni,4-6 6-3 6-4,2nd Round Qualifying,0,2026-03-28,0,0,0,0,0,0,0,0,0,0,0,0,0,0,0,0,0,0,0,0,0
2026-chall-naples,Naples,C,Hard,20260323,Jakub Paul,John Sperle,5-7 7-6 6-2,2nd Round Qualifying,0,2026-03-28,0,0,0,0,0,0,0,0,0,0,0,0,0,0,0,0,0,0,0,0,0
2026-chall-naples,Naples,C,Hard,20260323,Lorenzo Carboni,Zsombor Piros,6-4 3-6 7-6,1st Round Qualifying,0,2026-03-28,0,0,0,0,0,0,0,0,0,0,0,0,0,0,0,0,0,0,0,0,0
2026-chall-naples,Naples,C,Hard,20260323,Hynek Barton,Niels McDonald,6-4 6-2,1st Round Qualifying,0,2026-03-28,0,0,0,0,0,0,0,0,0,0,0,0,0,0,0,0,0,0,0,0,0
2026-chall-naples,Naples,C,Hard,20260323,John Sperle,Federico Arnaboldi,6-4 6-7 2-2,1st Round Qualifying,0,2026-03-28,0,0,0,0,0,0,0,0,0,0,0,0,0,0,0,0,0,0,0,0,0
2026-chall-naples,Naples,C,Hard,20260323,David Jorda Sanchis,Niccolo Catini,6-1 2-0,1st Round Qualifying,0,2026-03-28,0,0,0,0,0,0,0,0,0,0,0,0,0,0,0,0,0,0,0,0,0
2026-chall-naples,Naples,C,Hard,20260323,Michele Ribecai,Leo Raquillet,6-1 6-4,1st Round Qualifying,0,2026-03-28,0,0,0,0,0,0,0,0,0,0,0,0,0,0,0,0,0,0,0,0,0
2026-chall-naples,Naples,C,Hard,20260323,Andrea Guerrieri,Jacopo Bilardo,6-3 6-1,1st Round Qualifying,0,2026-03-28,0,0,0,0,0,0,0,0,0,0,0,0,0,0,0,0,0,0,0,0,0
2026-chall-naples,Naples,C,Hard,20260323,Francesco Forti,Andrey Chepelev,4-6 6-2 6-3,1st Round Qualifying,0,2026-03-28,0,0,0,0,0,0,0,0,0,0,0,0,0,0,0,0,0,0,0,0,0
2026-chall-naples,Naples,C,Hard,20260323,Lorenzo Rottoli,Luca Potenza,5-7 6-4 6-4,1st Round Qualifying,0,2026-03-28,0,0,0,0,0,0,0,0,0,0,0,0,0,0,0,0,0,0,0,0,0
2026-chall-naples,Naples,C,Hard,20260323,Federico Bondioli,Giovanni Ciocca,6-2 6-0,1st Round Qualifying,0,2026-03-28,0,0,0,0,0,0,0,0,0,0,0,0,0,0,0,0,0,0,0,0,0
2026-chall-naples,Naples,C,Hard,20260323,Jakub Paul,Laurent Lokoli,6-2 6-2,1st Round Qualifying,0,2026-03-28,0,0,0,0,0,0,0,0,0,0,0,0,0,0,0,0,0,0,0,0,0
2026-chall-naples,Naples,C,Hard,20260323,Mariano Tammaro,Gianmarco Ferrari,2-6 6-4 6-2,1st Round Qualifying,0,2026-03-28,0,0,0,0,0,0,0,0,0,0,0,0,0,0,0,0,0,0,0,0,0
2026-chall-naples,Naples,C,Hard,20260323,Enrico Dalla Valle,Fabrizio Karol Pio Osti,6-2 6-2,1st Round Qualifying,0,2026-03-28,0,0,0,0,0,0,0,0,0,0,0,0,0,0,0,0,0,0,0,0,0
2026-chall-alicante,Alicante,C,Hard,20260323,Pablo Carreno Busta,Sebastian Ofner,3-6 6-3 6-4,Semifinals,0,2026-03-28,0,0,0,0,0,0,0,0,0,0,0,0,0,0,0,0,0,0,0,0,0
2026-chall-alicante,Alicante,C,Hard,20260323,Pablo Llamas Ruiz,Roman Safiullin,6-4 7-5,Semifinals,0,2026-03-28,0,0,0,0,0,0,0,0,0,0,0,0,0,0,0,0,0,0,0,0,0
2026-chall-alicante,Alicante,C,Hard,20260323,Sebastian Ofner,Marco Cecchinato,7-6 7-6,Quarterfinals,0,2026-03-28,0,0,0,0,0,0,0,0,0,0,0,0,0,0,0,0,0,0,0,0,0
2026-chall-alicante,Alicante,C,Hard,20260323,Pablo Carreno Busta,Pedro Martinez,6-4 4-6 6-4,Quarterfinals,0,2026-03-28,0,0,0,0,0,0,0,0,0,0,0,0,0,0,0,0,0,0,0,0,0
2026-chall-alicante,Alicante,C,Hard,20260323,Pablo Llamas Ruiz,Edas Butvilas,6-1 6-2,Quarterfinals,0,2026-03-28,0,0,0,0,0,0,0,0,0,0,0,0,0,0,0,0,0,0,0,0,0
2026-chall-alicante,Alicante,C,Hard,20260323,Roman Safiullin,Max Houkes,6-4 6-1,Quarterfinals,0,2026-03-28,0,0,0,0,0,0,0,0,0,0,0,0,0,0,0,0,0,0,0,0,0
2026-chall-alicante,Alicante,C,Hard,20260323,Max Houkes,Vilius Gaubas,6-7 7-4 6-6 7-4,Round of 16,0,2026-03-28,0,0,0,0,0,0,0,0,0,0,0,0,0,0,0,0,0,0,0,0,0
2026-chall-alicante,Alicante,C,Hard,20260323,Pedro Martinez,Remy Bertola,4-6 6-0 6-1,Round of 16,0,2026-03-28,0,0,0,0,0,0,0,0,0,0,0,0,0,0,0,0,0,0,0,0,0
2026-chall-alicante,Alicante,C,Hard,20260323,Pablo Carreno Busta,Alejo Sanchez Quilez,3-6 7-5 6-3,Round of 16,0,2026-03-28,0,0,0,0,0,0,0,0,0,0,0,0,0,0,0,0,0,0,0,0,0
2026-chall-alicante,Alicante,C,Hard,20260323,Roman Safiullin,Jan Choinski,6-2 6-3,Round of 16,0,2026-03-28,0,0,0,0,0,0,0,0,0,0,0,0,0,0,0,0,0,0,0,0,0
2026-chall-alicante,Alicante,C,Hard,20260323,Sebastian Ofner,Alejandro Moro Canas,7-6 6-5,Round of 16,0,2026-03-28,0,0,0,0,0,0,0,0,0,0,0,0,0,0,0,0,0,0,0,0,0
2026-chall-alicante,Alicante,C,Hard,20260323,Edas Butvilas,Jesper de Jong,7-5 2-6 6-4,Round of 16,0,2026-03-28,0,0,0,0,0,0,0,0,0,0,0,0,0,0,0,0,0,0,0,0,0
2026-chall-alicante,Alicante,C,Hard,20260323,Marco Cecchinato,Lloyd Harris,6-2 6-1,Round of 16,0,2026-03-28,0,0,0,0,0,0,0,0,0,0,0,0,0,0,0,0,0,0,0,0,0
2026-chall-alicante,Alicante,C,Hard,20260323,Pablo Llamas Ruiz,Dali Blanch,6-1 6-2,Round of 16,0,2026-03-28,0,0,0,0,0,0,0,0,0,0,0,0,0,0,0,0,0,0,0,0,0
2026-chall-alicante,Alicante,C,Hard,20260323,Jesper de Jong,Samuele Pieri,5-7 6-1 7-6,Round of 32,0,2026-03-28,0,0,0,0,0,0,0,0,0,0,0,0,0,0,0,0,0,0,0,0,0
2026-chall-alicante,Alicante,C,Hard,20260323,Vilius Gaubas,Abdullah Shelbayh,6-7 6-6 7-4 6-1,Round of 32,0,2026-03-28,0,0,0,0,0,0,0,0,0,0,0,0,0,0,0,0,0,0,0,0,0
2026-chall-alicante,Alicante,C,Hard,20260323,Pedro Martinez,Carlos Sanchez Jover,6-3 6-2,Round of 32,0,2026-03-28,0,0,0,0,0,0,0,0,0,0,0,0,0,0,0,0,0,0,0,0,0
2026-chall-alicante,Alicante,C,Hard,20260323,Pablo Carreno Busta,Svyatoslav Gulin,7-5 6-1,Round of 32,0,2026-03-28,0,0,0,0,0,0,0,0,0,0,0,0,0,0,0,0,0,0,0,0,0
2026-chall-alicante,Alicante,C,Hard,20260323,Jan Choinski,Tiago Pereira,6-1 6-2,Round of 32,0,2026-03-28,0,0,0,0,0,0,0,0,0,0,0,0,0,0,0,0,0,0,0,0,0
2026-chall-alicante,Alicante,C,Hard,20260323,Marco Cecchinato,Dusan Lajovic,7-5 6-3,Round of 32,0,2026-03-28,0,0,0,0,0,0,0,0,0,0,0,0,0,0,0,0,0,0,0,0,0
2026-chall-alicante,Alicante,C,Hard,20260323,Remy Bertola,Benjamin Hassan,6-3 6-2,Round of 32,0,2026-03-28,0,0,0,0,0,0,0,0,0,0,0,0,0,0,0,0,0,0,0,0,0
2026-chall-alicante,Alicante,C,Hard,20260323,Dali Blanch,Justin Engel,6-2 6-1,Round of 32,0,2026-03-28,0,0,0,0,0,0,0,0,0,0,0,0,0,0,0,0,0,0,0,0,0
2026-chall-alicante,Alicante,C,Hard,20260323,Max Houkes,Daniel Merida,3-6 6-3 6-4,Round of 32,0,2026-03-28,0,0,0,0,0,0,0,0,0,0,0,0,0,0,0,0,0,0,0,0,0
2026-chall-alicante,Alicante,C,Hard,20260323,Pablo Llamas Ruiz,Ilya Ivashka,6-3 6-4,Round of 32,0,2026-03-28,0,0,0,0,0,0,0,0,0,0,0,0,0,0,0,0,0,0,0,0,0
2026-chall-alicante,Alicante,C,Hard,20260323,Roman Safiullin,Gilles Arnaud Bailly,6-1 6-4,Round of 32,0,2026-03-28,0,0,0,0,0,0,0,0,0,0,0,0,0,0,0,0,0,0,0,0,0
2026-chall-alicante,Alicante,C,Hard,20260323,Alejo Sanchez Quilez,Inaki Montes-De La Torre,6-3 6-0,Round of 32,0,2026-03-28,0,0,0,0,0,0,0,0,0,0,0,0,0,0,0,0,0,0,0,0,0
2026-chall-alicante,Alicante,C,Hard,20260323,Sebastian Ofner,Timofey Skatov,6-3 6-4,Round of 32,0,2026-03-28,0,0,0,0,0,0,0,0,0,0,0,0,0,0,0,0,0,0,0,0,0
2026-chall-alicante,Alicante,C,Hard,20260323,Edas Butvilas,Pol Martin Tiffon,6-3 6-3,Round of 32,0,2026-03-28,0,0,0,0,0,0,0,0,0,0,0,0,0,0,0,0,0,0,0,0,0
2026-chall-alicante,Alicante,C,Hard,20260323,Lloyd Harris,Ivan Gakhov,6-3,Round of 32,0,2026-03-28,0,0,0,0,0,0,0,0,0,0,0,0,0,0,0,0,0,0,0,0,0
2026-chall-alicante,Alicante,C,Hard,20260323,Alejandro Moro Canas,Zdenek Kolar,6-4 2-6 6-0,Round of 32,0,2026-03-28,0,0,0,0,0,0,0,0,0,0,0,0,0,0,0,0,0,0,0,0,0
2026-chall-alicante,Alicante,C,Hard,20260323,Tiago Pereira,Rudolf Molleker,4-6 6-2 6-0,2nd Round Qualifying,0,2026-03-28,0,0,0,0,0,0,0,0,0,0,0,0,0,0,0,0,0,0,0,0,0
2026-chall-alicante,Alicante,C,Hard,20260323,Dali Blanch,Benjamin Hassan,6-1 6-1,2nd Round Qualifying,0,2026-03-28,0,0,0,0,0,0,0,0,0,0,0,0,0,0,0,0,0,0,0,0,0
2026-chall-alicante,Alicante,C,Hard,20260323,Svyatoslav Gulin,Abdullah Shelbayh,6-7 3-6 7-3 6-1,2nd Round Qualifying,0,2026-03-28,0,0,0,0,0,0,0,0,0,0,0,0,0,0,0,0,0,0,0,0,0
2026-chall-alicante,Alicante,C,Hard,20260323,Samuele Pieri,Denis Yevseyev,6-2 1-6 7-5,2nd Round Qualifying,0,2026-03-28,0,0,0,0,0,0,0,0,0,0,0,0,0,0,0,0,0,0,0,0,0
2026-chall-alicante,Alicante,C,Hard,20260323,Alejo Sanchez Quilez,Raul Brancaccio,6-2 6-1,2nd Round Qualifying,0,2026-03-28,0,0,0,0,0,0,0,0,0,0,0,0,0,0,0,0,0,0,0,0,0
2026-chall-alicante,Alicante,C,Hard,20260323,Ilya Ivashka,Christoph Negritu,4-6 7-6 6-6,2nd Round Qualifying,0,2026-03-28,0,0,0,0,0,0,0,0,0,0,0,0,0,0,0,0,0,0,0,0,0
2026-chall-alicante,Alicante,C,Hard,20260323,Tiago Pereira,Juan Escabias,6-0 6-0,1st Round Qualifying,0,2026-03-28,0,0,0,0,0,0,0,0,0,0,0,0,0,0,0,0,0,0,0,0,0
2026-chall-alicante,Alicante,C,Hard,20260323,Benjamin Hassan,Sergi Perez Contri,6-3 7-5,1st Round Qualifying,0,2026-03-28,0,0,0,0,0,0,0,0,0,0,0,0,0,0,0,0,0,0,0,0,0
2026-chall-alicante,Alicante,C,Hard,20260323,Abdullah Shelbayh,Alberto Garcia Garcia,6-3 6-4,1st Round Qualifying,0,2026-03-28,0,0,0,0,0,0,0,0,0,0,0,0,0,0,0,0,0,0,0,0,0
2026-chall-alicante,Alicante,C,Hard,20260323,Denis Yevseyev,Michael Vrbensky,6-1 6-2,1st Round Qualifying,0,2026-03-28,0,0,0,0,0,0,0,0,0,0,0,0,0,0,0,0,0,0,0,0,0
2026-chall-alicante,Alicante,C,Hard,20260323,Raul Brancaccio,Eric Vanshelboim,6-3 3-0,1st Round Qualifying,0,2026-03-28,0,0,0,0,0,0,0,0,0,0,0,0,0,0,0,0,0,0,0,0,0
2026-chall-alicante,Alicante,C,Hard,20260323,Christoph Negritu,Nicolas Barrientos,6-1 7-6,1st Round Qualifying,0,2026-03-28,0,0,0,0,0,0,0,0,0,0,0,0,0,0,0,0,0,0,0,0,0
2026-chall-alicante,Alicante,C,Hard,20260323,Rudolf Molleker,Andrew Paulson,7-6 7-5,1st Round Qualifying,0,2026-03-28,0,0,0,0,0,0,0,0,0,0,0,0,0,0,0,0,0,0,0,0,0
2026-chall-alicante,Alicante,C,Hard,20260323,Dali Blanch,Mustapha El Natour,6-2 6-3,1st Round Qualifying,0,2026-03-28,0,0,0,0,0,0,0,0,0,0,0,0,0,0,0,0,0,0,0,0,0
2026-chall-alicante,Alicante,C,Hard,20260323,Svyatoslav Gulin,Ignacio Felguera Mira,6-3 6-3,1st Round Qualifying,0,2026-03-28,0,0,0,0,0,0,0,0,0,0,0,0,0,0,0,0,0,0,0,0,0
2026-chall-alicante,Alicante,C,Hard,20260323,Ilya Ivashka,Radu Albot,6-3 6-7 8-3,1st Round Qualifying,0,2026-03-28,0,0,0,0,0,0,0,0,0,0,0,0,0,0,0,0,0,0,0,0,0
2026-chall-alicante,Alicante,C,Hard,20260323,Samuele Pieri,Diego Augusto Barreto Sanchez,6-3 7-5,1st Round Qualifying,0,2026-03-28,0,0,0,0,0,0,0,0,0,0,0,0,0,0,0,0,0,0,0,0,0
2026-chall-alicante,Alicante,C,Hard,20260323,Alejo Sanchez Quilez,Alejandro Juan Mano,6-3 6-3,1st Round Qualifying,0,2026-03-28,0,0,0,0,0,0,0,0,0,0,0,0,0,0,0,0,0,0,0,0,0
2026-chall-sao-paulo,Sao Paulo,C,Hard,20260323,Jaime Faria,Emilio Nava,7-6 6-3,Quarterfinals,0,2026-03-28,0,0,0,0,0,0,0,0,0,0,0,0,0,0,0,0,0,0,0,0,0
2026-chall-sao-paulo,Sao Paulo,C,Hard,20260323,Roman Andres Burruchaga,Alex Barrena,6-1 3-1,Quarterfinals,0,2026-03-28,0,0,0,0,0,0,0,0,0,0,0,0,0,0,0,0,0,0,0,0,0
2026-chall-sao-paulo,Sao Paulo,C,Hard,20260323,Hugo Dellien,Tomas Barrios Vera,6-4 7-6,Quarterfinals,0,2026-03-28,0,0,0,0,0,0,0,0,0,0,0,0,0,0,0,0,0,0,0,0,0
2026-chall-sao-paulo,Sao Paulo,C,Hard,20260323,Juan Carlos Prado Angelo,Gonzalo Bueno,4-6 6-2 6-2,Quarterfinals,0,2026-03-28,0,0,0,0,0,0,0,0,0,0,0,0,0,0,0,0,0,0,0,0,0
2026-chall-sao-paulo,Sao Paulo,C,Hard,20260323,Emilio Nava,Santiago Rodriguez Taverna,6-2,Round of 16,0,2026-03-28,0,0,0,0,0,0,0,0,0,0,0,0,0,0,0,0,0,0,0,0,0
2026-chall-sao-paulo,Sao Paulo,C,Hard,20260323,Roman Andres Burruchaga,Eduardo Ribeiro,1-6 6-4 6-4,Round of 16,0,2026-03-28,0,0,0,0,0,0,0,0,0,0,0,0,0,0,0,0,0,0,0,0,0
2026-chall-sao-paulo,Sao Paulo,C,Hard,20260323,Jaime Faria,Felipe Meligeni Alves,6-2 3-6 6-2,Round of 16,0,2026-03-28,0,0,0,0,0,0,0,0,0,0,0,0,0,0,0,0,0,0,0,0,0
2026-chall-sao-paulo,Sao Paulo,C,Hard,20260323,Alex Barrena,Juan Pablo Varillas,2-6 6-2 6-3,Round of 16,0,2026-03-28,0,0,0,0,0,0,0,0,0,0,0,0,0,0,0,0,0,0,0,0,0
2026-chall-sao-paulo,Sao Paulo,C,Hard,20260323,Tomas Barrios Vera,Thiago Monteiro,6-6,Round of 16,0,2026-03-28,0,0,0,0,0,0,0,0,0,0,0,0,0,0,0,0,0,0,0,0,0
2026-chall-sao-paulo,Sao Paulo,C,Hard,20260323,Hugo Dellien,Facundo Diaz Acosta,6-4 2-6 6-3,Round of 16,0,2026-03-28,0,0,0,0,0,0,0,0,0,0,0,0,0,0,0,0,0,0,0,0,0
2026-chall-sao-paulo,Sao Paulo,C,Hard,20260323,Juan Carlos Prado Angelo,Alvaro Guillen Meza,4-6 6-1 7-6,Round of 16,0,2026-03-28,0,0,0,0,0,0,0,0,0,0,0,0,0,0,0,0,0,0,0,0,0
2026-chall-sao-paulo,Sao Paulo,C,Hard,20260323,Gonzalo Bueno,Juan Bautista Torres,6-1 6-3,Round of 16,0,2026-03-28,0,0,0,0,0,0,0,0,0,0,0,0,0,0,0,0,0,0,0,0,0
2026-chall-sao-paulo,Sao Paulo,C,Hard,20260323,Emilio Nava,Rafael Tosetto,6-4 6-7 7-5,Round of 32,0,2026-03-28,0,0,0,0,0,0,0,0,0,0,0,0,0,0,0,0,0,0,0,0,0
2026-chall-sao-paulo,Sao Paulo,C,Hard,20260323,Tomas Barrios Vera,Jose Pereira,6-3 6-3,Round of 32,0,2026-03-28,0,0,0,0,0,0,0,0,0,0,0,0,0,0,0,0,0,0,0,0,0
2026-chall-sao-paulo,Sao Paulo,C,Hard,20260323,Jaime Faria,Joao Vitor Goncalves Ceolin,6-2 6-2,Round of 32,0,2026-03-28,0,0,0,0,0,0,0,0,0,0,0,0,0,0,0,0,0,0,0,0,0
2026-chall-sao-paulo,Sao Paulo,C,Hard,20260323,Hugo Dellien,Joao Lucas Reis Da Silva,4-6 6-2 6-3,Round of 32,0,2026-03-28,0,0,0,0,0,0,0,0,0,0,0,0,0,0,0,0,0,0,0,0,0
2026-chall-sao-paulo,Sao Paulo,C,Hard,20260323,Alex Barrena,Igor Marcondes,6-4 1-6 7-6,Round of 32,0,2026-03-28,0,0,0,0,0,0,0,0,0,0,0,0,0,0,0,0,0,0,0,0,0
2026-chall-sao-paulo,Sao Paulo,C,Hard,20260323,Gonzalo Bueno,Conner Huertas del Pino,6-1 6-2,Round of 32,0,2026-03-28,0,0,0,0,0,0,0,0,0,0,0,0,0,0,0,0,0,0,0,0,0
2026-chall-sao-paulo,Sao Paulo,C,Hard,20260323,Facundo Diaz Acosta,Joao Eduardo Schiessl,6-1 6-2,Round of 32,0,2026-03-28,0,0,0,0,0,0,0,0,0,0,0,0,0,0,0,0,0,0,0,0,0
2026-chall-sao-paulo,Sao Paulo,C,Hard,20260323,Alvaro Guillen Meza,Lautaro Midon,6-3 7-6,Round of 32,0,2026-03-28,0,0,0,0,0,0,0,0,0,0,0,0,0,0,0,0,0,0,0,0,0
2026-chall-sao-paulo,Sao Paulo,C,Hard,20260323,Felipe Meligeni Alves,Victor Braga,6-1 6-0,Round of 32,0,2026-03-28,0,0,0,0,0,0,0,0,0,0,0,0,0,0,0,0,0,0,0,0,0
2026-chall-sao-paulo,Sao Paulo,C,Hard,20260323,Eduardo Ribeiro,Gianluca Cadenasso,5-2,Round of 32,0,2026-03-28,0,0,0,0,0,0,0,0,0,0,0,0,0,0,0,0,0,0,0,0,0
2026-chall-sao-paulo,Sao Paulo,C,Hard,20260323,Santiago Rodriguez Taverna,Boris Arias,6-3 2-6 6-3,Round of 32,0,2026-03-28,0,0,0,0,0,0,0,0,0,0,0,0,0,0,0,0,0,0,0,0,0
2026-chall-sao-paulo,Sao Paulo,C,Hard,20260323,Juan Pablo Varillas,Guto Miguel,7-5 6-0,Round of 32,0,2026-03-28,0,0,0,0,0,0,0,0,0,0,0,0,0,0,0,0,0,0,0,0,0
2026-chall-sao-paulo,Sao Paulo,C,Hard,20260323,Roman Andres Burruchaga,Gustavo Heide,1-6 7-6 6-5,Round of 32,0,2026-03-28,0,0,0,0,0,0,0,0,0,0,0,0,0,0,0,0,0,0,0,0,0
2026-chall-sao-paulo,Sao Paulo,C,Hard,20260323,Juan Carlos Prado Angelo,Daniel Dutra da Silva,3-6 6-3 6-2,Round of 32,0,2026-03-28,0,0,0,0,0,0,0,0,0,0,0,0,0,0,0,0,0,0,0,0,0
2026-chall-sao-paulo,Sao Paulo,C,Hard,20260323,Thiago Monteiro,Pedro Sakamoto,6-4 4-6 6-4,Round of 32,0,2026-03-28,0,0,0,0,0,0,0,0,0,0,0,0,0,0,0,0,0,0,0,0,0
2026-chall-sao-paulo,Sao Paulo,C,Hard,20260323,Juan Bautista Torres,Murkel Dellien,6-4 1-6 7-6,Round of 32,0,2026-03-28,0,0,0,0,0,0,0,0,0,0,0,0,0,0,0,0,0,0,0,0,0
2026-chall-sao-paulo,Sao Paulo,C,Hard,20260323,Boris Arias,Conner Huertas del Pino,6-2 6-7 9-2,2nd Round Qualifying,0,2026-03-28,0,0,0,0,0,0,0,0,0,0,0,0,0,0,0,0,0,0,0,0,0
2026-chall-sao-paulo,Sao Paulo,C,Hard,20260323,Joao Vitor Goncalves Ceolin,Jose Pereira,5-7 6-2 6-4,2nd Round Qualifying,0,2026-03-28,0,0,0,0,0,0,0,0,0,0,0,0,0,0,0,0,0,0,0,0,0
2026-chall-sao-paulo,Sao Paulo,C,Hard,20260323,Johannes Ingildsen,Wilson Leite,6-0 6-4,2nd Round Qualifying,0,2026-03-28,0,0,0,0,0,0,0,0,0,0,0,0,0,0,0,0,0,0,0,0,0
2026-chall-sao-paulo,Sao Paulo,C,Hard,20260323,Rafael Tosetto,Arklon Huertas Del Pino Cordova,6-3 6-4,2nd Round Qualifying,0,2026-03-28,0,0,0,0,0,0,0,0,0,0,0,0,0,0,0,0,0,0,0,0,0
2026-chall-sao-paulo,Sao Paulo,C,Hard,20260323,Victor Braga,Breno Braga,3-6 6-2 6-3,2nd Round Qualifying,0,2026-03-28,0,0,0,0,0,0,0,0,0,0,0,0,0,0,0,0,0,0,0,0,0
2026-chall-sao-paulo,Sao Paulo,C,Hard,20260323,Joao Eduardo Schiessl,Daniel Cukierman,,2nd Round Qualifying,0,2026-03-28,0,0,0,0,0,0,0,0,0,0,0,0,0,0,0,0,0,0,0,0,0
2026-chall-sao-paulo,Sao Paulo,C,Hard,20260323,Joao Eduardo Schiessl,Luka Bojicic Ono,6-0 6-0,1st Round Qualifying,0,2026-03-28,0,0,0,0,0,0,0,0,0,0,0,0,0,0,0,0,0,0,0,0,0
2026-chall-sao-paulo,Sao Paulo,C,Hard,20260323,Conner Huertas del Pino,Eric Martins,6-2 6-3,1st Round Qualifying,0,2026-03-28,0,0,0,0,0,0,0,0,0,0,0,0,0,0,0,0,0,0,0,0,0
2026-chall-sao-paulo,Sao Paulo,C,Hard,20260323,Jose Pereira,Henrique Ortenblad Nogueira,6-3 6-2,1st Round Qualifying,0,2026-03-28,0,0,0,0,0,0,0,0,0,0,0,0,0,0,0,0,0,0,0,0,0
2026-chall-sao-paulo,Sao Paulo,C,Hard,20260323,Wilson Leite,Glauco Pinheiro Da Cruz Junior,6-0 6-0,1st Round Qualifying,0,2026-03-28,0,0,0,0,0,0,0,0,0,0,0,0,0,0,0,0,0,0,0,0,0
2026-chall-sao-paulo,Sao Paulo,C,Hard,20260323,Arklon Huertas Del Pino Cordova,Ryan Augusto Dos Santos,6-4 2-6 6-0,1st Round Qualifying,0,2026-03-28,0,0,0,0,0,0,0,0,0,0,0,0,0,0,0,0,0,0,0,0,0
2026-chall-sao-paulo,Sao Paulo,C,Hard,20260323,Johannes Ingildsen,Pedro Andre De Almeida Santos,6-7 5-3 6-0,1st Round Qualifying,0,2026-03-28,0,0,0,0,0,0,0,0,0,0,0,0,0,0,0,0,0,0,0,0,0
2026-chall-sao-paulo,Sao Paulo,C,Hard,20260323,Breno Braga,Joao Vitor Scramin Do Lago,1-6 6-4 7-6,1st Round Qualifying,0,2026-03-28,0,0,0,0,0,0,0,0,0,0,0,0,0,0,0,0,0,0,0,0,0
2026-chall-sao-paulo,Sao Paulo,C,Hard,20260323,Boris Arias,Enzo Camargo Lima,7-5 6-1,1st Round Qualifying,0,2026-03-28,0,0,0,0,0,0,0,0,0,0,0,0,0,0,0,0,0,0,0,0,0
2026-chall-sao-paulo,Sao Paulo,C,Hard,20260323,Daniel Cukierman,Jefferson Wendler Filho,6-2 6-3,1st Round Qualifying,0,2026-03-28,0,0,0,0,0,0,0,0,0,0,0,0,0,0,0,0,0,0,0,0,0
2026-chall-sao-paulo,Sao Paulo,C,Hard,20260323,Joao Vitor Goncalves Ceolin,Andre Souza,6-2 6-1,1st Round Qualifying,0,2026-03-28,0,0,0,0,0,0,0,0,0,0,0,0,0,0,0,0,0,0,0,0,0
2026-chall-sao-paulo,Sao Paulo,C,Hard,20260323,Rafael Tosetto,Tomas Dummer Macedo,6-2 6-1,1st Round Qualifying,0,2026-03-28,0,0,0,0,0,0,0,0,0,0,0,0,0,0,0,0,0,0,0,0,0
2026-chall-sao-paulo,Sao Paulo,C,Hard,20260323,Victor Braga,Nicolas Hollender,6-7 7-0 6-2,1st Round Qualifying,0,2026-03-28,0,0,0,0,0,0,0,0,0,0,0,0,0,0,0,0,0,0,0,0,0
2026-chall-bucaramanga,Bucaramanga,C,Hard,20260323,Guido Ivan Justo,Franco Roncadelli,6-2 3-1,Semifinals,0,2026-03-28,0,0,0,0,0,0,0,0,0,0,0,0,0,0,0,0,0,0,0,0,0
2026-chall-bucaramanga,Bucaramanga,C,Hard,20260323,Matias Soto,Nicolas Villalon,6-3 6-3,Semifinals,0,2026-03-28,0,0,0,0,0,0,0,0,0,0,0,0,0,0,0,0,0,0,0,0,0
2026-chall-bucaramanga,Bucaramanga,C,Hard,20260323,Guido Ivan Justo,Johan Nikles,6-2 6-0,Quarterfinals,0,2026-03-28,0,0,0,0,0,0,0,0,0,0,0,0,0,0,0,0,0,0,0,0,0
2026-chall-bucaramanga,Bucaramanga,C,Hard,20260323,Matias Soto,Daniel Salazar,7-5 6-1,Quarterfinals,0,2026-03-28,0,0,0,0,0,0,0,0,0,0,0,0,0,0,0,0,0,0,0,0,0
2026-chall-bucaramanga,Bucaramanga,C,Hard,20260323,Franco Roncadelli,Lorenzo Joaquin Rodriguez,2-6 6-3 6-2,Quarterfinals,0,2026-03-28,0,0,0,0,0,0,0,0,0,0,0,0,0,0,0,0,0,0,0,0,0
2026-chall-bucaramanga,Bucaramanga,C,Hard,20260323,Nicolas Villalon,Juan Manuel La Serna,4-6 7-5 6-4,Quarterfinals,0,2026-03-28,0,0,0,0,0,0,0,0,0,0,0,0,0,0,0,0,0,0,0,0,0
2026-chall-bucaramanga,Bucaramanga,C,Hard,20260323,Guido Ivan Justo,Ivan Marrero Curbelo,6-4 6-2,Round of 16,0,2026-03-28,0,0,0,0,0,0,0,0,0,0,0,0,0,0,0,0,0,0,0,0,0
2026-chall-bucaramanga,Bucaramanga,C,Hard,20260323,Matias Soto,Peter Bertran,7-6 6-7,Round of 16,0,2026-03-28,0,0,0,0,0,0,0,0,0,0,0,0,0,0,0,0,0,0,0,0,0
2026-chall-bucaramanga,Bucaramanga,C,Hard,20260323,Franco Roncadelli,Christopher Li,6-7 3-1 6-1,Round of 16,0,2026-03-28,0,0,0,0,0,0,0,0,0,0,0,0,0,0,0,0,0,0,0,0,0
2026-chall-bucaramanga,Bucaramanga,C,Hard,20260323,Juan Manuel La Serna,Carlos Maria Zarate,6-3 6-7 5-1,Round of 16,0,2026-03-28,0,0,0,0,0,0,0,0,0,0,0,0,0,0,0,0,0,0,0,0,0
2026-chall-bucaramanga,Bucaramanga,C,Hard,20260323,Lorenzo Joaquin Rodriguez,Garrett Johns,6-2 6-1,Round of 16,0,2026-03-28,0,0,0,0,0,0,0,0,0,0,0,0,0,0,0,0,0,0,0,0,0
2026-chall-bucaramanga,Bucaramanga,C,Hard,20260323,Daniel Salazar,Luciano Emanuel Ambrogi,6-0 6-3,Round of 16,0,2026-03-28,0,0,0,0,0,0,0,0,0,0,0,0,0,0,0,0,0,0,0,0,0
2026-chall-bucaramanga,Bucaramanga,C,Hard,20260323,Johan Nikles,Cannon Kingsley,6-4 6-3,Round of 16,0,2026-03-28,0,0,0,0,0,0,0,0,0,0,0,0,0,0,0,0,0,0,0,0,0
2026-chall-bucaramanga,Bucaramanga,C,Hard,20260323,Nicolas Villalon,Maxime Janvier,6-4 6-1,Round of 16,0,2026-03-28,0,0,0,0,0,0,0,0,0,0,0,0,0,0,0,0,0,0,0,0,0
2026-chall-bucaramanga,Bucaramanga,C,Hard,20260323,Guido Ivan Justo,Bruno Fernandez,7-6 6-5,Round of 32,0,2026-03-28,0,0,0,0,0,0,0,0,0,0,0,0,0,0,0,0,0,0,0,0,0
2026-chall-bucaramanga,Bucaramanga,C,Hard,20260323,Matias Soto,Daniel Antonio Nunez,6-1 7-6,Round of 32,0,2026-03-28,0,0,0,0,0,0,0,0,0,0,0,0,0,0,0,0,0,0,0,0,0
2026-chall-bucaramanga,Bucaramanga,C,Hard,20260323,Franco Roncadelli,Samuel Heredia,4-6 6-3 6-4,Round of 32,0,2026-03-28,0,0,0,0,0,0,0,0,0,0,0,0,0,0,0,0,0,0,0,0,0
2026-chall-bucaramanga,Bucaramanga,C,Hard,20260323,Cannon Kingsley,Adria Soriano Barrera,6-3 6-7 5-3,Round of 32,0,2026-03-28,0,0,0,0,0,0,0,0,0,0,0,0,0,0,0,0,0,0,0,0,0
2026-chall-bucaramanga,Bucaramanga,C,Hard,20260323,Maxime Janvier,Juan Estevez,6-4 6-1,Round of 32,0,2026-03-28,0,0,0,0,0,0,0,0,0,0,0,0,0,0,0,0,0,0,0,0,0
2026-chall-bucaramanga,Bucaramanga,C,Hard,20260323,Christopher Li,Samuel Alejandro Linde Palacios,6-2 6-4,Round of 32,0,2026-03-28,0,0,0,0,0,0,0,0,0,0,0,0,0,0,0,0,0,0,0,0,0
2026-chall-bucaramanga,Bucaramanga,C,Hard,20260323,Ivan Marrero Curbelo,Benjamin Thomas George,6-3 2-6 6-3,Round of 32,0,2026-03-28,0,0,0,0,0,0,0,0,0,0,0,0,0,0,0,0,0,0,0,0,0
2026-chall-bucaramanga,Bucaramanga,C,Hard,20260323,Johan Nikles,Benjamin Torrealba,7-5 3-6 6-2,Round of 32,0,2026-03-28,0,0,0,0,0,0,0,0,0,0,0,0,0,0,0,0,0,0,0,0,0
2026-chall-bucaramanga,Bucaramanga,C,Hard,20260323,Daniel Salazar,Juan Sebastian Osorio,6-2 6-4,Round of 32,0,2026-03-28,0,0,0,0,0,0,0,0,0,0,0,0,0,0,0,0,0,0,0,0,0
2026-chall-bucaramanga,Bucaramanga,C,Hard,20260323,Nicolas Villalon,Vladyslav Orlov,7-5 7-5,Round of 32,0,2026-03-28,0,0,0,0,0,0,0,0,0,0,0,0,0,0,0,0,0,0,0,0,0
2026-chall-bucaramanga,Bucaramanga,C,Hard,20260323,Juan Manuel La Serna,Felix Corwin,6-3 7-5,Round of 32,0,2026-03-28,0,0,0,0,0,0,0,0,0,0,0,0,0,0,0,0,0,0,0,0,0
2026-chall-bucaramanga,Bucaramanga,C,Hard,20260323,Garrett Johns,Valerio Aboian,6-2 5-7 6-4,Round of 32,0,2026-03-28,0,0,0,0,0,0,0,0,0,0,0,0,0,0,0,0,0,0,0,0,0
2026-chall-bucaramanga,Bucaramanga,C,Hard,20260323,Luciano Emanuel Ambrogi,Paulo Andre Saraiva Dos Santos,7-5 6-0,Round of 32,0,2026-03-28,0,0,0,0,0,0,0,0,0,0,0,0,0,0,0,0,0,0,0,0,0
2026-chall-bucaramanga,Bucaramanga,C,Hard,20260323,Peter Bertran,Sergio Luis Hernandez Ramirez,6-4 3-6 6-4,Round of 32,0,2026-03-28,0,0,0,0,0,0,0,0,0,0,0,0,0,0,0,0,0,0,0,0,0
2026-chall-bucaramanga,Bucaramanga,C,Hard,20260323,Lorenzo Joaquin Rodriguez,Juan Sebastian Gomez,6-2 6-1,Round of 32,0,2026-03-28,0,0,0,0,0,0,0,0,0,0,0,0,0,0,0,0,0,0,0,0,0
2026-chall-bucaramanga,Bucaramanga,C,Hard,20260323,Carlos Maria Zarate,Frazier Rengifo,6-1 6-3,Round of 32,0,2026-03-28,0,0,0,0,0,0,0,0,0,0,0,0,0,0,0,0,0,0,0,0,0
2026-chall-bucaramanga,Bucaramanga,C,Hard,20260323,Daniel Antonio Nunez,Franco Ribero,6-4 6-2,2nd Round Qualifying,0,2026-03-28,0,0,0,0,0,0,0,0,0,0,0,0,0,0,0,0,0,0,0,0,0
2026-chall-bucaramanga,Bucaramanga,C,Hard,20260323,Daniel Salazar,Maximo Zeitune,6-4 6-7 3-1,2nd Round Qualifying,0,2026-03-28,0,0,0,0,0,0,0,0,0,0,0,0,0,0,0,0,0,0,0,0,0
2026-chall-bucaramanga,Bucaramanga,C,Hard,20260323,Christopher Li,Matteo Covato,7-6 0-3 6-6,2nd Round Qualifying,0,2026-03-28,0,0,0,0,0,0,0,0,0,0,0,0,0,0,0,0,0,0,0,0,0
2026-chall-bucaramanga,Bucaramanga,C,Hard,20260323,Benjamin Torrealba,Noah Schachter,2-2,2nd Round Qualifying,0,2026-03-28,0,0,0,0,0,0,0,0,0,0,0,0,0,0,0,0,0,0,0,0,0
2026-chall-bucaramanga,Bucaramanga,C,Hard,20260323,Nicolas Villalon,Natan Rodrigues,7-6 0-2,2nd Round Qualifying,0,2026-03-28,0,0,0,0,0,0,0,0,0,0,0,0,0,0,0,0,0,0,0,0,0
2026-chall-bucaramanga,Bucaramanga,C,Hard,20260323,Benjamin Thomas George,Joao Victor Couto Loureiro,6-2 6-1,2nd Round Qualifying,0,2026-03-28,0,0,0,0,0,0,0,0,0,0,0,0,0,0,0,0,0,0,0,0,0
2026-chall-bucaramanga,Bucaramanga,C,Hard,20260323,Daniel Antonio Nunez,Luis Britto,7-6 4-4 3-6,1st Round Qualifying,0,2026-03-28,0,0,0,0,0,0,0,0,0,0,0,0,0,0,0,0,0,0,0,0,0
2026-chall-bucaramanga,Bucaramanga,C,Hard,20260323,Maximo Zeitune,Valentin Basel,7-6 4-5 6-6,1st Round Qualifying,0,2026-03-28,0,0,0,0,0,0,0,0,0,0,0,0,0,0,0,0,0,0,0,0,0
2026-chall-bucaramanga,Bucaramanga,C,Hard,20260323,Matteo Covato,Camilo Gonzalez,6-4 6-2,1st Round Qualifying,0,2026-03-28,0,0,0,0,0,0,0,0,0,0,0,0,0,0,0,0,0,0,0,0,0
2026-chall-bucaramanga,Bucaramanga,C,Hard,20260323,Benjamin Torrealba,Patricio Alvarado,6-4 6-1,1st Round Qualifying,0,2026-03-28,0,0,0,0,0,0,0,0,0,0,0,0,0,0,0,0,0,0,0,0,0
2026-chall-bucaramanga,Bucaramanga,C,Hard,20260323,Natan Rodrigues,Andres Urrea,6-2 6-0,1st Round Qualifying,0,2026-03-28,0,0,0,0,0,0,0,0,0,0,0,0,0,0,0,0,0,0,0,0,0
2026-chall-bucaramanga,Bucaramanga,C,Hard,20260323,Joao Victor Couto Loureiro,Matt Kleiman,6-3 6-1,1st Round Qualifying,0,2026-03-28,0,0,0,0,0,0,0,0,0,0,0,0,0,0,0,0,0,0,0,0,0
2026-chall-bucaramanga,Bucaramanga,C,Hard,20260323,Noah Schachter,Camilo Andres Erazo,7-5 6-3,1st Round Qualifying,0,2026-03-28,0,0,0,0,0,0,0,0,0,0,0,0,0,0,0,0,0,0,0,0,0
2026-chall-bucaramanga,Bucaramanga,C,Hard,20260323,Nicolas Villalon,Nicolas Esteban Rico Arias,6-0 6-4,1st Round Qualifying,0,2026-03-28,0,0,0,0,0,0,0,0,0,0,0,0,0,0,0,0,0,0,0,0,0
2026-chall-bucaramanga,Bucaramanga,C,Hard,20260323,Benjamin Thomas George,Tsz Fu Wong,6-4 6-4,1st Round Qualifying,0,2026-03-28,0,0,0,0,0,0,0,0,0,0,0,0,0,0,0,0,0,0,0,0,0
2026-chall-bucaramanga,Bucaramanga,C,Hard,20260323,Daniel Salazar,Miguel Angel Madrid Torres,6-0 6-0,1st Round Qualifying,0,2026-03-28,0,0,0,0,0,0,0,0,0,0,0,0,0,0,0,0,0,0,0,0,0
2026-chall-bucaramanga,Bucaramanga,C,Hard,20260323,Christopher Li,Gray Voelzke,4-6 6-3 6-2,1st Round Qualifying,0,2026-03-28,0,0,0,0,0,0,0,0,0,0,0,0,0,0,0,0,0,0,0,0,0
2026-chall-bucaramanga,Bucaramanga,C,Hard,20260323,Franco Ribero,Juan Miguel Bolivar Idarraga,6-1 6-3,1st Round Qualifying,0,2026-03-28,0,0,0,0,0,0,0,0,0,0,0,0,0,0,0,0,0,0,0,0,0
2026-chall-split,Split,C,Hard,20260323,Mili Poljicak,Kimmer Coppejans,3-6 6-4 6-4,Semifinals,0,2026-03-28,0,0,0,0,0,0,0,0,0,0,0,0,0,0,0,0,0,0,0,0,0
2026-chall-split,Split,C,Hard,20260323,Tom Gentzsch,Sascha Gueymard Wayenburg,7-5 6-4,Semifinals,0,2026-03-28,0,0,0,0,0,0,0,0,0,0,0,0,0,0,0,0,0,0,0,0,0
2026-chall-split,Split,C,Hard,20260323,Mili Poljicak,Matej Dodig,4-1,Quarterfinals,0,2026-03-28,0,0,0,0,0,0,0,0,0,0,0,0,0,0,0,0,0,0,0,0,0
2026-chall-split,Split,C,Hard,20260323,Kimmer Coppejans,Lukas Neumayer,6-4 6-3,Quarterfinals,0,2026-03-28,0,0,0,0,0,0,0,0,0,0,0,0,0,0,0,0,0,0,0,0,0
2026-chall-split,Split,C,Hard,20260323,Tom Gentzsch,Alexander Vasilev,6-0 6-2,Quarterfinals,0,2026-03-28,0,0,0,0,0,0,0,0,0,0,0,0,0,0,0,0,0,0,0,0,0
2026-chall-split,Split,C,Hard,20260323,Sascha Gueymard Wayenburg,Andrej Nedic,6-1 7-5,Quarterfinals,0,2026-03-28,0,0,0,0,0,0,0,0,0,0,0,0,0,0,0,0,0,0,0,0,0
2026-chall-split,Split,C,Hard,20260323,Lukas Neumayer,Duje Ajdukovic,6-2 6-3,Round of 16,0,2026-03-28,0,0,0,0,0,0,0,0,0,0,0,0,0,0,0,0,0,0,0,0,0
2026-chall-split,Split,C,Hard,20260323,Kimmer Coppejans,Maxim Mrva,6-4 2-6 7-6,Round of 16,0,2026-03-28,0,0,0,0,0,0,0,0,0,0,0,0,0,0,0,0,0,0,0,0,0
2026-chall-split,Split,C,Hard,20260323,Tom Gentzsch,Filippo Romano,7-6 6-8,Round of 16,0,2026-03-28,0,0,0,0,0,0,0,0,0,0,0,0,0,0,0,0,0,0,0,0,0
2026-chall-split,Split,C,Hard,20260323,Alexander Vasilev,Eliakim Coulibaly,6-3 6-2,Round of 16,0,2026-03-28,0,0,0,0,0,0,0,0,0,0,0,0,0,0,0,0,0,0,0,0,0
2026-chall-split,Split,C,Hard,20260323,Matej Dodig,Sandro Kopp,6-4 3-6 6-2,Round of 16,0,2026-03-28,0,0,0,0,0,0,0,0,0,0,0,0,0,0,0,0,0,0,0,0,0
2026-chall-split,Split,C,Hard,20260323,Sascha Gueymard Wayenburg,Frederico Ferreira Silva,2-6 6-3 6-4,Round of 16,0,2026-03-28,0,0,0,0,0,0,0,0,0,0,0,0,0,0,0,0,0,0,0,0,0
2026-chall-split,Split,C,Hard,20260323,Mili Poljicak,Felix Gill,6-1 6-2,Round of 16,0,2026-03-28,0,0,0,0,0,0,0,0,0,0,0,0,0,0,0,0,0,0,0,0,0
2026-chall-split,Split,C,Hard,20260323,Andrej Nedic,Dimitar Kuzmanov,7-6 6-10,Round of 16,0,2026-03-28,0,0,0,0,0,0,0,0,0,0,0,0,0,0,0,0,0,0,0,0,0
2026-chall-split,Split,C,Hard,20260323,Matej Dodig,Christian Langmo,3-6 7-5 6-2,Round of 32,0,2026-03-28,0,0,0,0,0,0,0,0,0,0,0,0,0,0,0,0,0,0,0,0,0
2026-chall-split,Split,C,Hard,20260323,Alexander Vasilev,George Loffhagen,7-5 6-4,Round of 32,0,2026-03-28,0,0,0,0,0,0,0,0,0,0,0,0,0,0,0,0,0,0,0,0,0
2026-chall-split,Split,C,Hard,20260323,Lukas Neumayer,Juan Cruz Martin Manzano,7-6 6-4,Round of 32,0,2026-03-28,0,0,0,0,0,0,0,0,0,0,0,0,0,0,0,0,0,0,0,0,0
2026-chall-split,Split,C,Hard,20260323,Dimitar Kuzmanov,Nerman Fatic,6-3 6-1,Round of 32,0,2026-03-28,0,0,0,0,0,0,0,0,0,0,0,0,0,0,0,0,0,0,0,0,0
2026-chall-split,Split,C,Hard,20260323,Frederico Ferreira Silva,Daniel Michalski,6-4 6-2,Round of 32,0,2026-03-28,0,0,0,0,0,0,0,0,0,0,0,0,0,0,0,0,0,0,0,0,0
2026-chall-split,Split,C,Hard,20260323,Kimmer Coppejans,Oleksii Krutykh,6-3 6-2,Round of 32,0,2026-03-28,0,0,0,0,0,0,0,0,0,0,0,0,0,0,0,0,0,0,0,0,0
2026-chall-split,Split,C,Hard,20260323,Duje Ajdukovic,Gerard Campana Lee,7-6 6-1,Round of 32,0,2026-03-28,0,0,0,0,0,0,0,0,0,0,0,0,0,0,0,0,0,0,0,0,0
2026-chall-split,Split,C,Hard,20260323,Eliakim Coulibaly,Josip Simundza,6-3 4-6 6-3,Round of 32,0,2026-03-28,0,0,0,0,0,0,0,0,0,0,0,0,0,0,0,0,0,0,0,0,0
2026-chall-split,Split,C,Hard,20260323,Sandro Kopp,Ergi Kirkin,6-4 6-1,Round of 32,0,2026-03-28,0,0,0,0,0,0,0,0,0,0,0,0,0,0,0,0,0,0,0,0,0
2026-chall-split,Split,C,Hard,20260323,Maxim Mrva,Daniel Rincon,6-4 6-4,Round of 32,0,2026-03-28,0,0,0,0,0,0,0,0,0,0,0,0,0,0,0,0,0,0,0,0,0
2026-chall-split,Split,C,Hard,20260323,Mili Poljicak,Emanuel Ivanisevic,6-2 4-6 6-2,Round of 32,0,2026-03-28,0,0,0,0,0,0,0,0,0,0,0,0,0,0,0,0,0,0,0,0,0
2026-chall-split,Split,C,Hard,20260323,Filippo Romano,Adrian Oetzbach,6-3 7-6,Round of 32,0,2026-03-28,0,0,0,0,0,0,0,0,0,0,0,0,0,0,0,0,0,0,0,0,0
2026-chall-split,Split,C,Hard,20260323,Tom Gentzsch,Jonas Forejtek,7-5 6-1,Round of 32,0,2026-03-28,0,0,0,0,0,0,0,0,0,0,0,0,0,0,0,0,0,0,0,0,0
2026-chall-split,Split,C,Hard,20260323,Felix Gill,Martin Krumich,6-3 7-5,Round of 32,0,2026-03-28,0,0,0,0,0,0,0,0,0,0,0,0,0,0,0,0,0,0,0,0,0
2026-chall-split,Split,C,Hard,20260323,Sascha Gueymard Wayenburg,Jacopo Berrettini,6-1 6-0,Round of 32,0,2026-03-28,0,0,0,0,0,0,0,0,0,0,0,0,0,0,0,0,0,0,0,0,0
2026-chall-split,Split,C,Hard,20260323,Andrej Nedic,Jelle Sels,6-1 6-4,Round of 32,0,2026-03-28,0,0,0,0,0,0,0,0,0,0,0,0,0,0,0,0,0,0,0,0,0
2026-chall-split,Split,C,Hard,20260323,Filippo Romano,Giuseppe La Vela,3-6 6-3 7-6,2nd Round Qualifying,0,2026-03-28,0,0,0,0,0,0,0,0,0,0,0,0,0,0,0,0,0,0,0,0,0
2026-chall-split,Split,C,Hard,20260323,Oleksii Krutykh,Eero Vasa,6-3 6-2,2nd Round Qualifying,0,2026-03-28,0,0,0,0,0,0,0,0,0,0,0,0,0,0,0,0,0,0,0,0,0
2026-chall-split,Split,C,Hard,20260323,Ergi Kirkin,Dusan Obradovic,6-3 6-4,2nd Round Qualifying,0,2026-03-28,0,0,0,0,0,0,0,0,0,0,0,0,0,0,0,0,0,0,0,0,0
2026-chall-split,Split,C,Hard,20260323,Juan Cruz Martin Manzano,Mirza Basic,4-6 6-1 6-0,2nd Round Qualifying,0,2026-03-28,0,0,0,0,0,0,0,0,0,0,0,0,0,0,0,0,0,0,0,0,0
2026-chall-split,Split,C,Hard,20260323,Adrian Oetzbach,Stefan Popovic,6-4 1-6 7-5,2nd Round Qualifying,0,2026-03-28,0,0,0,0,0,0,0,0,0,0,0,0,0,0,0,0,0,0,0,0,0
2026-chall-split,Split,C,Hard,20260323,Gerard Campana Lee,Simone Agostini,6-1 6-1,2nd Round Qualifying,0,2026-03-28,0,0,0,0,0,0,0,0,0,0,0,0,0,0,0,0,0,0,0,0,0
2026-chall-split,Split,C,Hard,20260323,Filippo Romano,Nikita Bilozertsev,6-0 6-3,1st Round Qualifying,0,2026-03-28,0,0,0,0,0,0,0,0,0,0,0,0,0,0,0,0,0,0,0,0,0
2026-chall-split,Split,C,Hard,20260323,Adrian Oetzbach,Milos Karol,3-6 6-3 7-6,1st Round Qualifying,0,2026-03-28,0,0,0,0,0,0,0,0,0,0,0,0,0,0,0,0,0,0,0,0,0
2026-chall-split,Split,C,Hard,20260323,Eero Vasa,Mark Whitehouse,6-3 6-4,1st Round Qualifying,0,2026-03-28,0,0,0,0,0,0,0,0,0,0,0,0,0,0,0,0,0,0,0,0,0
2026-chall-split,Split,C,Hard,20260323,Dusan Obradovic,Connor Thomson,6-4 6-2,1st Round Qualifying,0,2026-03-28,0,0,0,0,0,0,0,0,0,0,0,0,0,0,0,0,0,0,0,0,0
2026-chall-split,Split,C,Hard,20260323,Mirza Basic,Dinko Dinev,6-2 6-4,1st Round Qualifying,0,2026-03-28,0,0,0,0,0,0,0,0,0,0,0,0,0,0,0,0,0,0,0,0,0
2026-chall-split,Split,C,Hard,20260323,Stefan Popovic,Jan Jermar,6-2 6-4,1st Round Qualifying,0,2026-03-28,0,0,0,0,0,0,0,0,0,0,0,0,0,0,0,0,0,0,0,0,0
2026-chall-split,Split,C,Hard,20260323,Gerard Campana Lee,Luka Eres,6-1 6-0,1st Round Qualifying,0,2026-03-28,0,0,0,0,0,0,0,0,0,0,0,0,0,0,0,0,0,0,0,0,0
2026-chall-split,Split,C,Hard,20260323,Juan Cruz Martin Manzano,Finn Bass,6-2 7-5,1st Round Qualifying,0,2026-03-28,0,0,0,0,0,0,0,0,0,0,0,0,0,0,0,0,0,0,0,0,0
2026-chall-split,Split,C,Hard,20260323,Ergi Kirkin,Matyas Cerny,7-5 3-6 6-4,1st Round Qualifying,0,2026-03-28,0,0,0,0,0,0,0,0,0,0,0,0,0,0,0,0,0,0,0,0,0
2026-chall-split,Split,C,Hard,20260323,Oleksii Krutykh,Ben Jones,6-2 6-1,1st Round Qualifying,0,2026-03-28,0,0,0,0,0,0,0,0,0,0,0,0,0,0,0,0,0,0,0,0,0
2026-chall-split,Split,C,Hard,20260323,Giuseppe La Vela,Max Hans Rehberg,7-5 3-6 7-6,1st Round Qualifying,0,2026-03-28,0,0,0,0,0,0,0,0,0,0,0,0,0,0,0,0,0,0,0,0,0
2026-chall-yokkaichi,Yokkaichi,C,Hard,20260323,Rio Noguchi,Harry Wendelken,6-4 2-6 6-4,Semifinals,0,2026-03-28,0,0,0,0,0,0,0,0,0,0,0,0,0,0,0,0,0,0,0,0,0
2026-chall-yokkaichi,Yokkaichi,C,Hard,20260323,Yasutaka Uchiyama,Hayato Matsuoka,6-4 5-7 6-4,Semifinals,0,2026-03-28,0,0,0,0,0,0,0,0,0,0,0,0,0,0,0,0,0,0,0,0,0
2026-chall-yokkaichi,Yokkaichi,C,Hard,20260323,Rio Noguchi,Liam Broady,6-1 6-3,Quarterfinals,0,2026-03-28,0,0,0,0,0,0,0,0,0,0,0,0,0,0,0,0,0,0,0,0,0
2026-chall-yokkaichi,Yokkaichi,C,Hard,20260323,Hayato Matsuoka,Soonwoo Kwon,4-6 6-2 4-2,Quarterfinals,0,2026-03-28,0,0,0,0,0,0,0,0,0,0,0,0,0,0,0,0,0,0,0,0,0
2026-chall-yokkaichi,Yokkaichi,C,Hard,20260323,Yasutaka Uchiyama,Fajing Sun,6-1 6-2,Quarterfinals,0,2026-03-28,0,0,0,0,0,0,0,0,0,0,0,0,0,0,0,0,0,0,0,0,0
2026-chall-yokkaichi,Yokkaichi,C,Hard,20260323,Harry Wendelken,Yuta Shimizu,6-3 6-4,Quarterfinals,0,2026-03-28,0,0,0,0,0,0,0,0,0,0,0,0,0,0,0,0,0,0,0,0,0
2026-chall-yokkaichi,Yokkaichi,C,Hard,20260323,Yuta Shimizu,Yu Hsiou Hsu,7-5 3-6 6-1,Round of 16,0,2026-03-28,0,0,0,0,0,0,0,0,0,0,0,0,0,0,0,0,0,0,0,0,0
2026-chall-yokkaichi,Yokkaichi,C,Hard,20260323,Rio Noguchi,Li Tu,4-6 6-0 7-5,Round of 16,0,2026-03-28,0,0,0,0,0,0,0,0,0,0,0,0,0,0,0,0,0,0,0,0,0
2026-chall-yokkaichi,Yokkaichi,C,Hard,20260323,Hayato Matsuoka,James McCabe,7-5 6-4,Round of 16,0,2026-03-28,0,0,0,0,0,0,0,0,0,0,0,0,0,0,0,0,0,0,0,0,0
2026-chall-yokkaichi,Yokkaichi,C,Hard,20260323,Liam Broady,Naoya Honda,6-1 6-1,Round of 16,0,2026-03-28,0,0,0,0,0,0,0,0,0,0,0,0,0,0,0,0,0,0,0,0,0
2026-chall-yokkaichi,Yokkaichi,C,Hard,20260323,Fajing Sun,Masamichi Imamura,3-6 6-3 6-4,Round of 16,0,2026-03-28,0,0,0,0,0,0,0,0,0,0,0,0,0,0,0,0,0,0,0,0,0
2026-chall-yokkaichi,Yokkaichi,C,Hard,20260323,Harry Wendelken,Paul Jubb,6-2 4-6 7-6,Round of 16,0,2026-03-28,0,0,0,0,0,0,0,0,0,0,0,0,0,0,0,0,0,0,0,0,0
2026-chall-yokkaichi,Yokkaichi,C,Hard,20260323,Soonwoo Kwon,August Holmgren,7-5 6-3,Round of 16,0,2026-03-28,0,0,0,0,0,0,0,0,0,0,0,0,0,0,0,0,0,0,0,0,0
2026-chall-yokkaichi,Yokkaichi,C,Hard,20260323,Yasutaka Uchiyama,Dan Added,6-2 6-2,Round of 16,0,2026-03-28,0,0,0,0,0,0,0,0,0,0,0,0,0,0,0,0,0,0,0,0,0
2026-chall-yokkaichi,Yokkaichi,C,Hard,20260323,Naoya Honda,Sho Shimabukuro,6-1 6-4,Round of 32,0,2026-03-28,0,0,0,0,0,0,0,0,0,0,0,0,0,0,0,0,0,0,0,0,0
2026-chall-yokkaichi,Yokkaichi,C,Hard,20260323,Yu Hsiou Hsu,Justin Boulais,7-5 6-3,Round of 32,0,2026-03-28,0,0,0,0,0,0,0,0,0,0,0,0,0,0,0,0,0,0,0,0,0
2026-chall-yokkaichi,Yokkaichi,C,Hard,20260323,Harry Wendelken,Yi Zhou,6-1 4-6 6-1,Round of 32,0,2026-03-28,0,0,0,0,0,0,0,0,0,0,0,0,0,0,0,0,0,0,0,0,0
2026-chall-yokkaichi,Yokkaichi,C,Hard,20260323,Fajing Sun,Kaichi Uchida,6-4 6-2,Round of 32,0,2026-03-28,0,0,0,0,0,0,0,0,0,0,0,0,0,0,0,0,0,0,0,0,0
2026-chall-yokkaichi,Yokkaichi,C,Hard,20260323,Rio Noguchi,Tung-Lin Wu,6-3 6-3,Round of 32,0,2026-03-28,0,0,0,0,0,0,0,0,0,0,0,0,0,0,0,0,0,0,0,0,0
2026-chall-yokkaichi,Yokkaichi,C,Hard,20260323,James McCabe,Andre Ilagan,6-4 7-6,Round of 32,0,2026-03-28,0,0,0,0,0,0,0,0,0,0,0,0,0,0,0,0,0,0,0,0,0
2026-chall-yokkaichi,Yokkaichi,C,Hard,20260323,Liam Broady,James Trotter,6-1 6-1,Round of 32,0,2026-03-28,0,0,0,0,0,0,0,0,0,0,0,0,0,0,0,0,0,0,0,0,0
2026-chall-yokkaichi,Yokkaichi,C,Hard,20260323,Masamichi Imamura,Sanhui Shin,6-4 6-1,Round of 32,0,2026-03-28,0,0,0,0,0,0,0,0,0,0,0,0,0,0,0,0,0,0,0,0,0
2026-chall-yokkaichi,Yokkaichi,C,Hard,20260323,Paul Jubb,Kasidit Samrej,7-5 6-0,Round of 32,0,2026-03-28,0,0,0,0,0,0,0,0,0,0,0,0,0,0,0,0,0,0,0,0,0
2026-chall-yokkaichi,Yokkaichi,C,Hard,20260323,Soonwoo Kwon,Blake Ellis,6-2 6-0,Round of 32,0,2026-03-28,0,0,0,0,0,0,0,0,0,0,0,0,0,0,0,0,0,0,0,0,0
2026-chall-yokkaichi,Yokkaichi,C,Hard,20260323,Yuta Shimizu,Jie Cui,2-6 6-0 6-4,Round of 32,0,2026-03-28,0,0,0,0,0,0,0,0,0,0,0,0,0,0,0,0,0,0,0,0,0
2026-chall-yokkaichi,Yokkaichi,C,Hard,20260323,Li Tu,Carl Emil Overbeck,7-5 7-6,Round of 32,0,2026-03-28,0,0,0,0,0,0,0,0,0,0,0,0,0,0,0,0,0,0,0,0,0
2026-chall-yokkaichi,Yokkaichi,C,Hard,20260323,Yasutaka Uchiyama,Maximus Jones,6-4 4-6 6-4,Round of 32,0,2026-03-28,0,0,0,0,0,0,0,0,0,0,0,0,0,0,0,0,0,0,0,0,0
2026-chall-yokkaichi,Yokkaichi,C,Hard,20260323,August Holmgren,Renta Tokuda,6-3 3-6 6-3,Round of 32,0,2026-03-28,0,0,0,0,0,0,0,0,0,0,0,0,0,0,0,0,0,0,0,0,0
2026-chall-yokkaichi,Yokkaichi,C,Hard,20260323,Dan Added,Kokoro Isomura,6-4 6-2,Round of 32,0,2026-03-28,0,0,0,0,0,0,0,0,0,0,0,0,0,0,0,0,0,0,0,0,0
2026-chall-yokkaichi,Yokkaichi,C,Hard,20260323,Hayato Matsuoka,Ognjen Milic,6-4 5-7 6-4,Round of 32,0,2026-03-28,0,0,0,0,0,0,0,0,0,0,0,0,0,0,0,0,0,0,0,0,0
2026-chall-yokkaichi,Yokkaichi,C,Hard,20260323,Fajing Sun,Takuya Kumasaka,6-2 6-2,2nd Round Qualifying,0,2026-03-28,0,0,0,0,0,0,0,0,0,0,0,0,0,0,0,0,0,0,0,0,0
2026-chall-yokkaichi,Yokkaichi,C,Hard,20260323,Masamichi Imamura,Omar Jasika,7-6 1-3 6-6,2nd Round Qualifying,0,2026-03-28,0,0,0,0,0,0,0,0,0,0,0,0,0,0,0,0,0,0,0,0,0
2026-chall-yokkaichi,Yokkaichi,C,Hard,20260323,Justin Boulais,Hyeon Chung,6-4 6-4,2nd Round Qualifying,0,2026-03-28,0,0,0,0,0,0,0,0,0,0,0,0,0,0,0,0,0,0,0,0,0
2026-chall-yokkaichi,Yokkaichi,C,Hard,20260323,Jie Cui,Alec Deckers,7-6 6-5,2nd Round Qualifying,0,2026-03-28,0,0,0,0,0,0,0,0,0,0,0,0,0,0,0,0,0,0,0,0,0
2026-chall-yokkaichi,Yokkaichi,C,Hard,20260323,Kasidit Samrej,Tsung-Hao Huang,6-1 6-4,2nd Round Qualifying,0,2026-03-28,0,0,0,0,0,0,0,0,0,0,0,0,0,0,0,0,0,0,0,0,0
2026-chall-yokkaichi,Yokkaichi,C,Hard,20260323,Carl Emil Overbeck,Tai Sach,6-4 6-2,2nd Round Qualifying,0,2026-03-28,0,0,0,0,0,0,0,0,0,0,0,0,0,0,0,0,0,0,0,0,0
2026-chall-yokkaichi,Yokkaichi,C,Hard,20260323,Fajing Sun,Koki Matsuda,6-3 6-4,1st Round Qualifying,0,2026-03-28,0,0,0,0,0,0,0,0,0,0,0,0,0,0,0,0,0,0,0,0,0
2026-chall-yokkaichi,Yokkaichi,C,Hard,20260323,Omar Jasika,Lennon Roark Jones,6-3 7-5,1st Round Qualifying,0,2026-03-28,0,0,0,0,0,0,0,0,0,0,0,0,0,0,0,0,0,0,0,0,0
2026-chall-yokkaichi,Yokkaichi,C,Hard,20260323,Hyeon Chung,Yusuke Takahashi,6-1 6-2,1st Round Qualifying,0,2026-03-28,0,0,0,0,0,0,0,0,0,0,0,0,0,0,0,0,0,0,0,0,0
2026-chall-yokkaichi,Yokkaichi,C,Hard,20260323,Tai Sach,Braden Shick,6-4 3-6 7-5,1st Round Qualifying,0,2026-03-28,0,0,0,0,0,0,0,0,0,0,0,0,0,0,0,0,0,0,0,0,0
2026-chall-yokkaichi,Yokkaichi,C,Hard,20260323,Jie Cui,Yuki Mochizuki,6-1 6-4,1st Round Qualifying,0,2026-03-28,0,0,0,0,0,0,0,0,0,0,0,0,0,0,0,0,0,0,0,0,0
2026-chall-yokkaichi,Yokkaichi,C,Hard,20260323,Kasidit Samrej,Shion Motoyama,4-6 7-6 6-7,1st Round Qualifying,0,2026-03-28,0,0,0,0,0,0,0,0,0,0,0,0,0,0,0,0,0,0,0,0,0
2026-chall-yokkaichi,Yokkaichi,C,Hard,20260323,Masamichi Imamura,Hiroki Moriya,6-4 6-2,1st Round Qualifying,0,2026-03-28,0,0,0,0,0,0,0,0,0,0,0,0,0,0,0,0,0,0,0,0,0
2026-chall-yokkaichi,Yokkaichi,C,Hard,20260323,Justin Boulais,Ryuki Matsuda,6-1 6-4,1st Round Qualifying,0,2026-03-28,0,0,0,0,0,0,0,0,0,0,0,0,0,0,0,0,0,0,0,0,0
2026-chall-yokkaichi,Yokkaichi,C,Hard,20260323,Takuya Kumasaka,Shunsuke Mitsui,6-4 1-0,1st Round Qualifying,0,2026-03-28,0,0,0,0,0,0,0,0,0,0,0,0,0,0,0,0,0,0,0,0,0
2026-chall-yokkaichi,Yokkaichi,C,Hard,20260323,Carl Emil Overbeck,Shunsuke Nakagawa,4-6 6-1 6-2,1st Round Qualifying,0,2026-03-28,0,0,0,0,0,0,0,0,0,0,0,0,0,0,0,0,0,0,0,0,0
2026-chall-yokkaichi,Yokkaichi,C,Hard,20260323,Tsung-Hao Huang,Yusuke Kusuhara,6-2 6-2,1st Round Qualifying,0,2026-03-28,0,0,0,0,0,0,0,0,0,0,0,0,0,0,0,0,0,0,0,0,0
2026-chall-yokkaichi,Yokkaichi,C,Hard,20260323,Alec Deckers,Ryo Tabata,3-6 6-1 6-3,1st Round Qualifying,0,2026-03-28,0,0,0,0,0,0,0,0,0,0,0,0,0,0,0,0,0,0,0,0,0
